"id","text","timestamp","ownerUsername","ownerProfilePicUrl","postUrl"
"17893811922495155","Solos your favorite verse 🙏🔥👑","2026-06-05T16:22:33.000Z","wukongliterallysolos","https://scontent-atl3-2.cdninstagram.com/v/t51.82787-19/706611503_18078745511370070_2214143221748182578_n.jpg?stp=dst-jpg_s150x150_tt6&_nc_cat=104&ccb=7-5&_nc_sid=f7ccc5&efg=eyJ2ZW5jb2RlX3RhZyI6InByb2ZpbGVfcGljLnd3dy4xMDgwLkMzIn0%3D&_nc_ohc=6L2A9piRrZcQ7kNvwE4q4e-&_nc_oc=AdqPgJZzSvH8gZ_359Fesd7C9GhBUrRJkpAqfqS7Ouho0X0BljOZOftOieBlANP9Sz4&_nc_zt=24&_nc_ht=scontent-atl3-2.cdninstagram.com&_nc_gid=u5DgW3mfckiaNnN076DPHg&_nc_ss=7ca8c&oh=00_Af8lrBHq40ciTcVLI4oDPJQBfWb_Lh54WBLDioCue3Fn_A&oe=6A2B24A2","https://www.instagram.com/p/DY7Gun_EXjx/"
"18049459100769632","","2026-06-04T15:44:44.000Z","xxjeni4xx","https://scontent-atl3-3.cdninstagram.com/v/t51.82787-19/711368794_18098726387123062_7677185036535522778_n.jpg?stp=dst-jpg_s150x150_tt6&_nc_cat=108&ccb=7-5&_nc_sid=f7ccc5&efg=eyJ2ZW5jb2RlX3RhZyI6InByb2ZpbGVfcGljLnd3dy4xMDgwLkMzIn0%3D&_nc_ohc=NTQeLBMNR0sQ7kNvwHDs8gL&_nc_oc=AdpcTd0-V92RrNOrGbDg1FTIm0HGoq7EZOXJ5EfYFDmSqegH1xuXMEo3D88QN_lbKsY&_nc_zt=24&_nc_ht=scontent-atl3-3.cdninstagram.com&_nc_gid=u5DgW3mfckiaNnN076DPHg&_nc_ss=7ca8c&oh=00_Af8lLUagpr08PmIIkZB4cLIa3vRY8QKV0eKz0Cs3mXPf7w&oe=6A2B3A85","https://www.instagram.com/p/DY7Gun_EXjx/"
"18363223876229635","Pls do asura from asura wrath","2026-06-04T09:03:37.000Z","robaire_345","https://scontent-atl3-3.cdninstagram.com/v/t51.82787-19/658290732_18114393055740941_7267656462583435614_n.jpg?stp=dst-jpg_s150x150_tt6&_nc_cat=100&ccb=7-5&_nc_sid=f7ccc5&efg=eyJ2ZW5jb2RlX3RhZyI6InByb2ZpbGVfcGljLnd3dy4xMDgwLkMzIn0%3D&_nc_ohc=fpVzBewXh6oQ7kNvwFQ4-aY&_nc_oc=AdqfLqEIKWpOwHEdfwreJHhBZzAX9pYI5CGMuXneNP7pYbZB5o63dbXtTwWBkfWdlxU&_nc_zt=24&_nc_ht=scontent-atl3-3.cdninstagram.com&_nc_gid=u5DgW3mfckiaNnN076DPHg&_nc_ss=7ca8c&oh=00_Af_BAlB_qik9GlptM_lfnOyydPIZAv3KuB-4NahMWZTUYA&oe=6A2B3869","https://www.instagram.com/p/DY7Gun_EXjx/"
"18117408034619909","🔥🔥🔥","2026-06-03T14:35:08.000Z","heis_wock.y","https://scontent-atl3-3.cdninstagram.com/v/t51.82787-19/670646575_17909726766386124_5283500315311067031_n.jpg?stp=dst-jpg_s150x150_tt6&_nc_cat=110&ccb=7-5&_nc_sid=f7ccc5&efg=eyJ2ZW5jb2RlX3RhZyI6InByb2ZpbGVfcGljLnd3dy4xMDgwLkMzIn0%3D&_nc_ohc=z6Z-74GOeX4Q7kNvwEGxCEt&_nc_oc=AdpEpGQ4OseWDHvhpcYo9rkj7u-RuZVSLXpTk6PpugL-FCaADJNMkDgYSI9d7LB0-UA&_nc_zt=24&_nc_ht=scontent-atl3-3.cdninstagram.com&_nc_gid=u5DgW3mfckiaNnN076DPHg&_nc_ss=7ca8c&oh=00_Af_z0qILzY7uOT0R11P8gRkNB2XRXNCFOMjoEHdAvsvxBg&oe=6A2B2EB1","https://www.instagram.com/p/DY7Gun_EXjx/"
"17862249591630653","😍","2026-06-03T08:33:19.000Z","atul_kumar_737","https://scontent-atl3-1.cdninstagram.com/v/t51.75761-19/501268606_18047853101599216_264002841592116179_n.jpg?stp=dst-jpg_s150x150_tt6&_nc_cat=103&ccb=7-5&_nc_sid=f7ccc5&efg=eyJ2ZW5jb2RlX3RhZyI6InByb2ZpbGVfcGljLnd3dy4xMDgwLkMzIn0%3D&_nc_ohc=KJQCWHGfHSIQ7kNvwHml78S&_nc_oc=AdomkQGnPCuiXQyFrjgCIXzxOX8G2K7aK0AV-5GYvd3j8LtODiLV1HmJHMxtNkdRSh0&_nc_zt=24&_nc_ht=scontent-atl3-1.cdninstagram.com&_nc_gid=u5DgW3mfckiaNnN076DPHg&_nc_ss=7ca8c&oh=00_Af8nNKz8OmXwSOypRvuFOQ-vcqAQ7QFy_V56FY6YSS_F6g&oe=6A2B2FCE","https://www.instagram.com/p/DY7Gun_EXjx/"
"18083939945129967","Optimus prime and Megatron","2026-06-02T19:07:17.000Z","kolkata_cowfan486","https://scontent-atl3-3.cdninstagram.com/v/t51.82787-19/597925642_17884828914410114_6377529973002328937_n.jpg?stp=dst-jpg_s150x150_tt6&_nc_cat=110&ccb=7-5&_nc_sid=f7ccc5&efg=eyJ2ZW5jb2RlX3RhZyI6InByb2ZpbGVfcGljLnd3dy4xMDgwLkMzIn0%3D&_nc_ohc=NrqqKAAh5G8Q7kNvwHDQpkw&_nc_oc=AdrFDrNTBtbRTXljeKCeeKaqBLweMv_E5Dy-oRBzt_SknaDv1-4IsE8zMCGxEHMdx-4&_nc_zt=24&_nc_ht=scontent-atl3-3.cdninstagram.com&_nc_gid=u5DgW3mfckiaNnN076DPHg&_nc_ss=7ca8c&oh=00_Af_kcxhgyJeWQ6q_4TfBIOsjb4nvVmmyF_JWb_Batiz77g&oe=6A2B190F","https://www.instagram.com/p/DY7Gun_EXjx/"
"18104737682100065","❤️","2026-06-02T17:24:41.000Z","itsanupdas1996","https://scontent-atl3-2.cdninstagram.com/v/t51.2885-19/437392639_3817913685151380_8427391308021384498_n.jpg?stp=dst-jpg_s150x150_tt6&_nc_cat=101&ccb=7-5&_nc_sid=f7ccc5&efg=eyJ2ZW5jb2RlX3RhZyI6InByb2ZpbGVfcGljLnd3dy4xMDgwLkMzIn0%3D&_nc_ohc=5rusM_iEvO0Q7kNvwF9mlv6&_nc_oc=AdpLjBmkJ3g9jh4IDZVB_9ZuEutOc4YkDFaTv9WjfcNMTFDwHzAa7h1NfhdA9AAaeec&_nc_zt=24&_nc_ht=scontent-atl3-2.cdninstagram.com&_nc_ss=7ca8c&oh=00_Af9ccstxQfGinOkOD1kb6ZotxBXXW-OHAMHDzkzJzkYcrg&oe=6A2B48B5","https://www.instagram.com/p/DY7Gun_EXjx/"
"17978941377014442","اجرب لعبه ممكن تجربهه بحياتك","2026-06-02T16:16:12.000Z","m_douraid96","https://scontent-atl3-3.cdninstagram.com/v/t51.75761-19/504406971_18510701155022138_1265692868359149110_n.jpg?stp=dst-jpg_s150x150_tt6&_nc_cat=100&ccb=7-5&_nc_sid=f7ccc5&efg=eyJ2ZW5jb2RlX3RhZyI6InByb2ZpbGVfcGljLnd3dy4xMDgwLkMzIn0%3D&_nc_ohc=vSG_vIwfhtQQ7kNvwG8jzEr&_nc_oc=AdqIELvt10HCLcuVDtAGM29TYCTFivnVkhJ9Ny8yVVpVJZW3EtMLzktKKJ8R7nMrc0o&_nc_zt=24&_nc_ht=scontent-atl3-3.cdninstagram.com&_nc_gid=u5DgW3mfckiaNnN076DPHg&_nc_ss=7ca8c&oh=00_Af-DoxsdjGMRnAM2tIKDj-dvZ_-QUcg3V-vE7JzPzI2DXg&oe=6A2B4552","https://www.instagram.com/p/DY7Gun_EXjx/"
"18130967413583754","Name ?","2026-06-02T14:35:19.000Z","eshwar7x.editz","https://scontent-atl3-2.cdninstagram.com/v/t51.82787-19/622552225_18006793223833119_3207894233786650514_n.jpg?stp=dst-jpg_s150x150_tt6&_nc_cat=104&ccb=7-5&_nc_sid=f7ccc5&efg=eyJ2ZW5jb2RlX3RhZyI6InByb2ZpbGVfcGljLnd3dy4xMDgwLkMzIn0%3D&_nc_ohc=7LfUcAE9ayMQ7kNvwEKre_H&_nc_oc=AdqrD9iqkQCiOauJTJGPIHhuPON956ZZaYKar9iTMyOB-nsm0lTS45K9zyd-UpHrxGs&_nc_zt=24&_nc_ht=scontent-atl3-2.cdninstagram.com&_nc_gid=u5DgW3mfckiaNnN076DPHg&_nc_ss=7ca8c&oh=00_Af-TbnPpHdtlWexwgzzOCXxNIvCnoHppVzhqKbiIY0AsKA&oe=6A2B4B4D","https://www.instagram.com/p/DY7Gun_EXjx/"
"18065098112426653","Goat🔥","2026-06-02T07:23:11.000Z","_olfatimehdi","https://scontent-atl3-1.cdninstagram.com/v/t51.75761-19/508623333_18060993986266437_4510533423424504292_n.jpg?stp=dst-jpg_s150x150_tt6&_nc_cat=103&ccb=7-5&_nc_sid=f7ccc5&efg=eyJ2ZW5jb2RlX3RhZyI6InByb2ZpbGVfcGljLnd3dy4xMDgwLkMzIn0%3D&_nc_ohc=QExE8-lEEVIQ7kNvwFFch7f&_nc_oc=AdrNGTcn7zCjuS-Nfcj6lhdX_9wREPATegZ7_97QdldUkXUD7clx2zLtttcyMI0ms90&_nc_zt=24&_nc_ht=scontent-atl3-1.cdninstagram.com&_nc_gid=u5DgW3mfckiaNnN076DPHg&_nc_ss=7ca8c&oh=00_Af-x_EzBYtD1iu_RXSD8WzAsJ2W15Cnq4j5F53iO3RywTQ&oe=6A2B2ADB","https://www.instagram.com/p/DY7Gun_EXjx/"
"17892281043525998","Next John marston","2026-06-02T06:12:00.000Z","ayuxh___1234z","https://scontent-atl3-2.cdninstagram.com/v/t51.82787-19/575751589_17989169441897570_9128320892709816162_n.jpg?stp=dst-jpg_s150x150_tt6&_nc_cat=101&ccb=7-5&_nc_sid=f7ccc5&efg=eyJ2ZW5jb2RlX3RhZyI6InByb2ZpbGVfcGljLnd3dy4xMDgwLkMzIn0%3D&_nc_ohc=i0_ZPGPBfesQ7kNvwGGZMG2&_nc_oc=Adq28RnZi1rxO1PPY_m3Wm_-Dtsrhwg6mEitJp3ZWePmtbFSINQhKzUCwPjbd-tVd4Y&_nc_zt=24&_nc_ht=scontent-atl3-2.cdninstagram.com&_nc_gid=u5DgW3mfckiaNnN076DPHg&_nc_ss=7ca8c&oh=00_Af-tvo6zxZSoNjNlG848kpWDcgkLtX8qarx1WqmuyMT-eA&oe=6A2B41A2","https://www.instagram.com/p/DY7Gun_EXjx/"
"18051250898754663","","2026-06-01T20:45:22.000Z","blaccboyllp","https://scontent-atl3-3.cdninstagram.com/v/t51.82787-19/714486344_18403346311155065_8722452572394965836_n.jpg?stp=dst-jpg_s150x150_tt6&_nc_cat=110&ccb=7-5&_nc_sid=f7ccc5&efg=eyJ2ZW5jb2RlX3RhZyI6InByb2ZpbGVfcGljLnd3dy4xMDgwLkMzIn0%3D&_nc_ohc=OnLVKJ3xkm0Q7kNvwG-orTR&_nc_oc=AdoVpkNYxJqk4lV2UpsDFzOvamJS6UdCk--GoOSRSiKB6O4IIj14d11FbjEE087SH50&_nc_zt=24&_nc_ht=scontent-atl3-3.cdninstagram.com&_nc_gid=u5DgW3mfckiaNnN076DPHg&_nc_ss=7ca8c&oh=00_Af9YEYTJMK_8-eGNss9ICdfjWYj2w1kiYM9PNZmDOdKC8A&oe=6A2B23D9","https://www.instagram.com/p/DY7Gun_EXjx/"
"18178873771393948","Son Goku","2026-06-01T20:45:04.000Z","blaccboyllp","https://scontent-atl3-3.cdninstagram.com/v/t51.82787-19/714486344_18403346311155065_8722452572394965836_n.jpg?stp=dst-jpg_s150x150_tt6&_nc_cat=110&ccb=7-5&_nc_sid=f7ccc5&efg=eyJ2ZW5jb2RlX3RhZyI6InByb2ZpbGVfcGljLnd3dy4xMDgwLkMzIn0%3D&_nc_ohc=OnLVKJ3xkm0Q7kNvwG-orTR&_nc_oc=AdoVpkNYxJqk4lV2UpsDFzOvamJS6UdCk--GoOSRSiKB6O4IIj14d11FbjEE087SH50&_nc_zt=24&_nc_ht=scontent-atl3-3.cdninstagram.com&_nc_gid=u5DgW3mfckiaNnN076DPHg&_nc_ss=7ca8c&oh=00_Af9YEYTJMK_8-eGNss9ICdfjWYj2w1kiYM9PNZmDOdKC8A&oe=6A2B23D9","https://www.instagram.com/p/DY7Gun_EXjx/"
"18097794800337037","","2026-06-01T20:28:29.000Z","rookiemantis","https://scontent-atl3-1.cdninstagram.com/v/t51.82787-19/671247625_17876170392602731_7239467219090195_n.jpg?stp=dst-jpg_s150x150_tt6&_nc_cat=106&ccb=7-5&_nc_sid=f7ccc5&efg=eyJ2ZW5jb2RlX3RhZyI6InByb2ZpbGVfcGljLnd3dy4xMDgwLkMzIn0%3D&_nc_ohc=eoaXx-ek0L8Q7kNvwHfIR-z&_nc_oc=AdpQRh4p6aVE4h0cBV0nPGQA96YD7Q0kb177vOOhxWYBJM7OS4bXQkZH1NG7njZm95c&_nc_zt=24&_nc_ht=scontent-atl3-1.cdninstagram.com&_nc_gid=u5DgW3mfckiaNnN076DPHg&_nc_ss=7ca8c&oh=00_Af_MkkMTUGdrqyztFUow03DW9m3ECKOxufuCzIoeLrdXbA&oe=6A2B19D1","https://www.instagram.com/p/DY7Gun_EXjx/"
"18120236440683734","More wallpapers please bro","2026-06-01T17:20:10.000Z","durga_always","https://scontent-atl3-2.cdninstagram.com/v/t51.89012-19/573323465_1219825463302212_7278921664109726296_n.jpg?stp=dst-jpg_s150x150_tt6&_nc_cat=1&ccb=7-5&_nc_sid=f7ccc5&efg=eyJ2ZW5jb2RlX3RhZyI6InByb2ZpbGVfcGljLnd3dy5DMyJ9&_nc_ohc=YQQEIw1CjK0Q7kNvwHS55jM&_nc_oc=AdpQsJlPUWdgmHGSgyNMHRolVCRDirUa3a-5l_YA2G8QDvuHK4Cb_17_4U4P0HyFpeI&_nc_zt=24&_nc_ht=scontent-atl3-2.cdninstagram.com&_nc_gid=u5DgW3mfckiaNnN076DPHg&_nc_ss=7ca8c&oh=00_Af_80GS2PzKjKpAXATgu8EMaLyle2JwOIMopXbZ91BvPSg&oe=6A2B22A2","https://www.instagram.com/p/DY7Gun_EXjx/"
"18109181041737807","🥹🥲🙂‍↔️😌❤️❤️❤️","2026-06-03T17:16:45.000Z","bandopodhay","https://scontent-lga3-1.cdninstagram.com/v/t51.82787-19/670808980_17941795998178397_5853786559931669989_n.jpg?stp=dst-jpg_s150x150_tt6&_nc_cat=103&ccb=7-5&_nc_sid=f7ccc5&efg=eyJ2ZW5jb2RlX3RhZyI6InByb2ZpbGVfcGljLnd3dy4xMDgwLkMzIn0%3D&_nc_ohc=hEkLVjT-ED8Q7kNvwFvPLoB&_nc_oc=AdqXrMCg4CRnQMrZaNLLRjtU0rh8HgxoNRRSTIWQ2qig38Ep-rpkCDUZJgmST_3Ey8U&_nc_zt=24&_nc_ht=scontent-lga3-1.cdninstagram.com&_nc_gid=FGV4Db5jzpbTmdzjWSdtRA&_nc_ss=72a8c&oh=00_Af_aS6B2FJdexdGnQ93GThBJOpIxyaJzVUmzFnL9ttgx8g&oe=6A2B2F90","https://www.instagram.com/p/DX_ygfElgYp/"
"17883344214602420","Rumah P man ga ada?","2026-06-02T06:06:08.000Z","kenji_mukagharata14","https://scontent-lga3-1.cdninstagram.com/v/t51.82787-19/542584609_18343016317165016_4443423026259818025_n.jpg?stp=dst-jpg_s150x150_tt6&_nc_cat=109&ccb=7-5&_nc_sid=f7ccc5&efg=eyJ2ZW5jb2RlX3RhZyI6InByb2ZpbGVfcGljLnd3dy4xMDgwLkMzIn0%3D&_nc_ohc=fQxUO1jay1YQ7kNvwEVbr7K&_nc_oc=AdpkTcTgxFa-aB4Tyf-GYhjokv1a4ESWXv2V_EJi0jgnPB3lRzb2VA9YZlP5zMNp4_g&_nc_zt=24&_nc_ht=scontent-lga3-1.cdninstagram.com&_nc_gid=FGV4Db5jzpbTmdzjWSdtRA&_nc_ss=72a8c&oh=00_Af8q-ZcoyHVjFq7BaSbU98oAAvFL0kEE-FHrN-_LLzxSbg&oe=6A2B2698","https://www.instagram.com/p/DX_ygfElgYp/"
"18116938423800843","😢","2026-06-01T02:51:19.000Z","rehana.m0710","https://scontent-lga3-3.cdninstagram.com/v/t51.82787-19/699685611_17873165055608958_4872772141426023846_n.jpg?stp=dst-jpg_s150x150_tt6&_nc_cat=108&ccb=7-5&_nc_sid=f7ccc5&efg=eyJ2ZW5jb2RlX3RhZyI6InByb2ZpbGVfcGljLnd3dy4xMDgwLkMzIn0%3D&_nc_ohc=uSfe3UCIQHMQ7kNvwHjv3vJ&_nc_oc=AdqQbEoaHNoRlpznrKo8K-V0-wivRhN3-crFxOsYkh9bY_mcdS7QbDNd778YWY0Y5sU&_nc_zt=24&_nc_ht=scontent-lga3-3.cdninstagram.com&_nc_gid=FGV4Db5jzpbTmdzjWSdtRA&_nc_ss=72a8c&oh=00_Af_mWgRRKtB-RfMIFSDKRK9679xvUxm4-dMlU0Bv4wWK8Q&oe=6A2B3665","https://www.instagram.com/p/DX_ygfElgYp/"
"18178112239360359","Goku wallpaper plz","2026-05-30T14:29:50.000Z","ndgls_18","https://scontent-lga3-2.cdninstagram.com/v/t51.2885-19/459596483_1494977331204256_2101941343762070260_n.jpg?stp=dst-jpg_s150x150_tt6&_nc_cat=107&ccb=7-5&_nc_sid=f7ccc5&efg=eyJ2ZW5jb2RlX3RhZyI6InByb2ZpbGVfcGljLnd3dy40MTcuQzMifQ%3D%3D&_nc_ohc=Q3DFw3zVyacQ7kNvwEV4EW1&_nc_oc=AdoRSsUeXpYLCRAcQt6zw6nTtFhsuWEbe3DU0ePCac2Y75oDalUSm9iWDlamlDUUBlI&_nc_zt=24&_nc_ht=scontent-lga3-2.cdninstagram.com&_nc_ss=72a8c&oh=00_Af8ivn4qOis4iI3CRc25Ja8Jw2qgEgyuFXcn2VAPxg8kVQ&oe=6A2B4150","https://www.instagram.com/p/DX_ygfElgYp/"
"17972728995024553","😢😢😢😢❤️❤️❤️❤️❤️🙌🙌","2026-05-28T05:38:38.000Z","__hyy__sumit_","https://scontent-lga3-3.cdninstagram.com/v/t51.82787-19/656781943_17883886851493260_4803250305094863659_n.jpg?stp=dst-jpg_s150x150_tt6&_nc_cat=104&ccb=7-5&_nc_sid=f7ccc5&efg=eyJ2ZW5jb2RlX3RhZyI6InByb2ZpbGVfcGljLnd3dy41OTIuQzMifQ%3D%3D&_nc_ohc=PJNUyuV5U5YQ7kNvwGnTVFK&_nc_oc=AdpvypmJqhgeenLnQVXy3LxmuNRsKRHqT41EmZL_sCWobuiQz0WiKZG8h5ovfCgEbLo&_nc_zt=24&_nc_ht=scontent-lga3-3.cdninstagram.com&_nc_gid=FGV4Db5jzpbTmdzjWSdtRA&_nc_ss=72a8c&oh=00_Af9N_weTOTgkUuzIK_3_BqDjxNimzQKGhQJ1EDo7pPZgBg&oe=6A2B2AC9","https://www.instagram.com/p/DX_ygfElgYp/"
"17891387154507162","ความสวยงามในวัยเด็ก","2026-05-28T00:07:20.000Z","bjbjbjnayy","https://scontent-lga3-3.cdninstagram.com/v/t51.2885-19/358793366_640402711352572_8351532449735957641_n.jpg?stp=dst-jpg_s150x150_tt6&_nc_cat=102&ccb=7-5&_nc_sid=f7ccc5&efg=eyJ2ZW5jb2RlX3RhZyI6InByb2ZpbGVfcGljLnd3dy43MTEuQzMifQ%3D%3D&_nc_ohc=oxM4nAY71lsQ7kNvwFBGNVX&_nc_oc=AdrCjcapNXET7LBPl13bv2uHF6plJ2ABDDQz269BFIeIr-_jw2G_Vs-k0xp_C39r0Qg&_nc_zt=24&_nc_ht=scontent-lga3-3.cdninstagram.com&_nc_ss=72a8c&oh=00_Af8EypHsNqpqMLwn3NqcwHuimLMayI3JbTo_J0G5OpsM2g&oe=6A2B2DE2","https://www.instagram.com/p/DX_ygfElgYp/"
"17969490462109801","Bhen 10 is my fvr. ❤️","2026-05-27T18:37:05.000Z","shivmansare2","https://scontent-lga3-1.cdninstagram.com/v/t51.2885-19/316790684_1873397892999006_6160129579739170808_n.jpg?stp=dst-jpg_s150x150_tt6&_nc_cat=110&ccb=7-5&_nc_sid=f7ccc5&efg=eyJ2ZW5jb2RlX3RhZyI6InByb2ZpbGVfcGljLnd3dy4xMDgwLkMzIn0%3D&_nc_ohc=CGFxEpzS8YcQ7kNvwEqaSpr&_nc_oc=AdogRD7sdYp8MwHWCXrrmtACR3Qjwh1PxLWyuJSRBKS70pKfyXW2AlPL4JQE9MA4XoY&_nc_zt=24&_nc_ht=scontent-lga3-1.cdninstagram.com&_nc_ss=72a8c&oh=00_Af8YvWf7I4ddT3Y6Rx5gJaOxaKyXvTvDnfbC-W3QS8lKmw&oe=6A2B4C26","https://www.instagram.com/p/DX_ygfElgYp/"
"18104846239788611","32 tahun lalu😢","2026-05-27T17:39:16.000Z","iantirtaperdana","https://scontent-lga3-1.cdninstagram.com/v/t51.82787-19/634083850_18559160431016510_6321495745570820637_n.jpg?stp=dst-jpg_s150x150_tt6&_nc_cat=110&ccb=7-5&_nc_sid=f7ccc5&efg=eyJ2ZW5jb2RlX3RhZyI6InByb2ZpbGVfcGljLnd3dy4xMDgwLkMzIn0%3D&_nc_ohc=vCsoRuDBeacQ7kNvwEaOnTj&_nc_oc=AdoD878c-e9vvTVvpypbSizm_humusB0ZnExPJ__bRcaeCtfMDbxYwSK7rhnMfiRBQ0&_nc_zt=24&_nc_ht=scontent-lga3-1.cdninstagram.com&_nc_gid=FGV4Db5jzpbTmdzjWSdtRA&_nc_ss=72a8c&oh=00_Af8Rt6vEGfpW0ReVKiCj1guGKWM2vfgIPcCQFW3eoqVNoA&oe=6A2B4020","https://www.instagram.com/p/DX_ygfElgYp/"
"18465208888128444","😢","2026-05-27T14:02:44.000Z","dinahmarselia","https://scontent-lga3-1.cdninstagram.com/v/t51.75761-19/496314824_17851504242444831_1670709757828263965_n.jpg?stp=dst-jpg_s150x150_tt6&_nc_cat=109&ccb=7-5&_nc_sid=f7ccc5&efg=eyJ2ZW5jb2RlX3RhZyI6InByb2ZpbGVfcGljLnd3dy41NDAuQzMifQ%3D%3D&_nc_ohc=cUywv0xLMMcQ7kNvwGa7I9C&_nc_oc=AdqBtHhNN6nu_8kM_nZH1Q_GayR5EGaMTGTQQaaeF3VD4yzaFINNWxlcT3zckz_r-w8&_nc_zt=24&_nc_ht=scontent-lga3-1.cdninstagram.com&_nc_gid=FGV4Db5jzpbTmdzjWSdtRA&_nc_ss=72a8c&oh=00_Af_9zKKQv9CkAh9Fo8e8h8RCK5GZoU7wf_iON_95QyMDIA&oe=6A2B3677","https://www.instagram.com/p/DX_ygfElgYp/"
"18559596145068150","❤️Miss you","2026-05-27T13:30:23.000Z","tokoh_fiktif","https://scontent-lga3-1.cdninstagram.com/v/t51.2885-19/414489518_376799851618966_2036812006860613537_n.jpg?stp=dst-jpg_s150x150_tt6&_nc_cat=103&ccb=7-5&_nc_sid=f7ccc5&efg=eyJ2ZW5jb2RlX3RhZyI6InByb2ZpbGVfcGljLnd3dy45NDAuQzMifQ%3D%3D&_nc_ohc=Ek190zwdMiYQ7kNvwFPQbox&_nc_oc=AdqSWp2SidVUoKBi7au-idmOlSJrqBzQZuinH9uZbUOm28B_V2XezEFxInJrfFJTzq4&_nc_zt=24&_nc_ht=scontent-lga3-1.cdninstagram.com&_nc_ss=72a8c&oh=00_Af_64Gd8lXNFOI_yR9W2Paxb9B-5cdCmHsdIj9V7yNIIDw&oe=6A2B46BB","https://www.instagram.com/p/DX_ygfElgYp/"
"18444584431139806","Sedihhhh","2026-05-27T12:37:32.000Z","waliando_pratama","https://scontent-lga3-3.cdninstagram.com/v/t51.82787-19/630130548_18535158895071375_2826915266806577065_n.jpg?stp=dst-jpg_s150x150_tt6&_nc_cat=102&ccb=7-5&_nc_sid=f7ccc5&efg=eyJ2ZW5jb2RlX3RhZyI6InByb2ZpbGVfcGljLnd3dy4xMDgwLkMzIn0%3D&_nc_ohc=k7JJeNvIHkQQ7kNvwFhFgdB&_nc_oc=AdrOGa0lbJTK1xmMnra3FUrJq_GWSMN6dqhJ0Bs4eKVu0biJgCEimuV8Y6UGY2SmYyM&_nc_zt=24&_nc_ht=scontent-lga3-3.cdninstagram.com&_nc_gid=FGV4Db5jzpbTmdzjWSdtRA&_nc_ss=72a8c&oh=00_Af-So-hI-TYTdAnpPjb8P4zgRv3RwAOfljhOx5W1hu1zrQ&oe=6A2B3E97","https://www.instagram.com/p/DX_ygfElgYp/"
"17862825528586088","😍😢 sekarang ndak ada lagi di tv tiap Minggu pagi seperti dulu","2026-05-27T10:51:35.000Z","wisnu87ultraman","https://scontent-lga3-3.cdninstagram.com/v/t51.2885-19/296278200_124435153635586_3201105857246355317_n.jpg?stp=dst-jpg_s150x150_tt6&_nc_cat=106&ccb=7-5&_nc_sid=f7ccc5&efg=eyJ2ZW5jb2RlX3RhZyI6InByb2ZpbGVfcGljLnd3dy43MTkuQzMifQ%3D%3D&_nc_ohc=UJ41W-hhqbgQ7kNvwHA0_pD&_nc_oc=AdossZy23K65pV6aeQB7qrU1HnBu_rHH47ua-Ds4ogbX1MCDf7FHOWOfSmt-3Hac5K0&_nc_zt=24&_nc_ht=scontent-lga3-3.cdninstagram.com&_nc_ss=72a8c&oh=00_Af_JuDrxvo20eaiKqSxrjee-qEs1t_HhOIXGOfo2DTzKvg&oe=6A2B4B02","https://www.instagram.com/p/DX_ygfElgYp/"
"18084911945262934","Doreman and ben ten ❤️❤️❤️❤️❤️❤️❤️✨✨✨✨✨","2026-05-27T10:46:56.000Z","_sri_823280_","https://scontent-lga3-3.cdninstagram.com/v/t51.82787-19/701465512_18096801754996785_2354127281888517560_n.jpg?stp=dst-jpg_s150x150_tt6&_nc_cat=102&ccb=7-5&_nc_sid=f7ccc5&efg=eyJ2ZW5jb2RlX3RhZyI6InByb2ZpbGVfcGljLnd3dy4xMDgwLkMzIn0%3D&_nc_ohc=Q9xZnzfetLsQ7kNvwFMIPur&_nc_oc=AdoYIkh6XR_eCI5h4zWV6k4OZcfrGCQmT8okao2L5SM0-lvnBPkULscPk5L6Ep1Ryc0&_nc_zt=24&_nc_ht=scontent-lga3-3.cdninstagram.com&_nc_gid=FGV4Db5jzpbTmdzjWSdtRA&_nc_ss=72a8c&oh=00_Af9T9KwwdtEj0JHeyFA-jh8zvoXHD2YbuqQadyfnE0f3_w&oe=6A2B2CEC","https://www.instagram.com/p/DX_ygfElgYp/"
"17926539414334682","Tom and Jerry mising","2026-05-27T04:53:58.000Z","c_king_sky","https://scontent-lga3-3.cdninstagram.com/v/t51.82787-19/653465697_18044256779731100_7046930850640646901_n.jpg?stp=dst-jpg_s150x150_tt6&_nc_cat=108&ccb=7-5&_nc_sid=f7ccc5&efg=eyJ2ZW5jb2RlX3RhZyI6InByb2ZpbGVfcGljLnd3dy4xMDI5LkMzIn0%3D&_nc_ohc=GpBBMcqBhp8Q7kNvwGi_JQr&_nc_oc=Adr1T7_49L3YWkK4OBXAk8hAE3AKcIR-hiU2OX-Y28PU0R6wu2-vXGyh18zyca697fw&_nc_zt=24&_nc_ht=scontent-lga3-3.cdninstagram.com&_nc_gid=FGV4Db5jzpbTmdzjWSdtRA&_nc_ss=72a8c&oh=00_Af8dsyuTsei0zQy_3ndzGUTfWXJp8qToBsoFcHx0MKAWCg&oe=6A2B30B7","https://www.instagram.com/p/DX_ygfElgYp/"
"18074518760657215","Miss U all 😢😢😢","2026-05-27T04:49:50.000Z","egirahjar_02","https://scontent-lga3-1.cdninstagram.com/v/t51.2885-19/453900361_1876584459522404_4634923626395275950_n.jpg?stp=dst-jpg_s150x150_tt6&_nc_cat=111&ccb=7-5&_nc_sid=f7ccc5&efg=eyJ2ZW5jb2RlX3RhZyI6InByb2ZpbGVfcGljLnd3dy4xMDgwLkMzIn0%3D&_nc_ohc=e3g-fNtMJYQQ7kNvwEWrQ86&_nc_oc=AdqtWWWwIPHo5aosxrEnD5JIqJSdQgbYkLPJcAXpAj5nj5iJCpbP6zr3Jb9ybH0pEa8&_nc_zt=24&_nc_ht=scontent-lga3-1.cdninstagram.com&_nc_ss=72a8c&oh=00_Af9CfXAxWgyDIkqIyGrOubH5pNJz7nx8WBTEKDcCsfWJPw&oe=6A2B45F0","https://www.instagram.com/p/DX_ygfElgYp/"
"18093246059122820","Lore accurate goat","2026-06-06T17:14:04.000Z","kiqlife","https://scontent-lga3-3.cdninstagram.com/v/t51.82787-19/689421790_17986579520977271_7797040939554447982_n.jpg?stp=dst-jpg_s150x150_tt6&_nc_cat=104&ccb=7-5&_nc_sid=f7ccc5&efg=eyJ2ZW5jb2RlX3RhZyI6InByb2ZpbGVfcGljLnd3dy43MjguQzMifQ%3D%3D&_nc_ohc=hDhck6GCUa4Q7kNvwEd6--b&_nc_oc=AdoRTzfZ4A9RJJOgta0fcV6eSHzEpQiJl1HHbCw_vjJrHvXPYGWM1BOTrGPbVU0m5VI&_nc_zt=24&_nc_ht=scontent-lga3-3.cdninstagram.com&_nc_gid=Z4t_x_N4DKypyjVSFEOYkQ&_nc_ss=7b689&oh=00_Af_RCPLQysPQR_W8DdaS-PNZhxZqYoLBtwrK-gTjV6k4rA&oe=6A2B3E29","https://www.instagram.com/p/DYn3yZKxNn6/"
"18136932421553681","This is tuff","2026-06-06T02:59:51.000Z","risewithant","https://scontent-lga3-2.cdninstagram.com/v/t51.82787-19/711729693_18073810973320041_4512918562740630669_n.jpg?stp=dst-jpg_s150x150_tt6&_nc_cat=100&ccb=7-5&_nc_sid=f7ccc5&efg=eyJ2ZW5jb2RlX3RhZyI6InByb2ZpbGVfcGljLnd3dy45MDUuQzMifQ%3D%3D&_nc_ohc=q3MCtLnZPSIQ7kNvwFHFmPH&_nc_oc=AdrUSLGNdRIVxagq55V5Pxf8MPJ4pi1fXQXSk_aayMnpv8KIzbmlrloLu3C_QfT2Tu8&_nc_zt=24&_nc_ht=scontent-lga3-2.cdninstagram.com&_nc_gid=Z4t_x_N4DKypyjVSFEOYkQ&_nc_ss=7b689&oh=00_Af9TYkB1IRtIMyRxLBzJ0_yD-GsKJ41cqM8O88zETRvO1g&oe=6A2B49C4","https://www.instagram.com/p/DYn3yZKxNn6/"
"18104290016052869","lol mj wasn’t even in the league yet let alone were them 13s out at that time lol 😂","2026-06-04T22:25:42.000Z","eddie_4960","https://scontent-lga3-3.cdninstagram.com/v/t51.75761-19/500688942_18004566989772086_580519429265953006_n.jpg?stp=dst-jpg_s150x150_tt6&_nc_cat=102&ccb=7-5&_nc_sid=f7ccc5&efg=eyJ2ZW5jb2RlX3RhZyI6InByb2ZpbGVfcGljLnd3dy4xMDgwLkMzIn0%3D&_nc_ohc=_yOmeHX68AIQ7kNvwFZOxNq&_nc_oc=AdrAPug3th9ZOSpYC9fYlSKxpJqUd1bmpxf9fgO9wZ-71mT-nfCdi91utbN1ieQL9G4&_nc_zt=24&_nc_ht=scontent-lga3-3.cdninstagram.com&_nc_gid=Z4t_x_N4DKypyjVSFEOYkQ&_nc_ss=7b689&oh=00_Af_mB8Yyc0Lpk6J0nMxMBLyxnAJOJGlck44xOw_yGONQRw&oe=6A2B220E","https://www.instagram.com/p/DYn3yZKxNn6/"
"18168308818425938","Mr Beast Now Michael Jackson?","2026-06-04T21:43:34.000Z","jotucker933","https://scontent-lga3-1.cdninstagram.com/v/t51.82787-19/700997767_18182762929350026_8280401636460080574_n.jpg?stp=dst-jpg_s150x150_tt6&_nc_cat=111&ccb=7-5&_nc_sid=f7ccc5&efg=eyJ2ZW5jb2RlX3RhZyI6InByb2ZpbGVfcGljLnd3dy44MjguQzMifQ%3D%3D&_nc_ohc=FiLhOqlAXHAQ7kNvwFp_nNI&_nc_oc=AdpW1KtuSngIC9fPaFBjqSwCVaco8c-2TMMdPZhgcvCRW9QrwVJjEJkaMFJqg4jbPO0&_nc_zt=24&_nc_ht=scontent-lga3-1.cdninstagram.com&_nc_gid=Z4t_x_N4DKypyjVSFEOYkQ&_nc_ss=7b689&oh=00_Af_m_h9u1piW3NmMKa1fL_nPdgEb5f_1WE6pEwpNbk5Hjg&oe=6A2B1A84","https://www.instagram.com/p/DYn3yZKxNn6/"
"17890610064519613","🔥🗽🔥🅿️ .®️.🎱.⭕️.🖕🏾🥉COMING SOON TO ALL PLATFORMS 🫵🏾💿🚦📱🔥🗽🔥","2026-06-04T16:49:06.000Z","therealdibiase914","https://scontent-lga3-1.cdninstagram.com/v/t51.82787-19/640281979_17862235281598665_3887473768215385313_n.jpg?stp=dst-jpg_s150x150_tt6&_nc_cat=110&ccb=7-5&_nc_sid=f7ccc5&efg=eyJ2ZW5jb2RlX3RhZyI6InByb2ZpbGVfcGljLnd3dy4xMDI0LkMzIn0%3D&_nc_ohc=jDXutAc1LO8Q7kNvwE2KZhV&_nc_oc=AdqVy5mJ1PHmiNMivCPpn3Cztf2RsbdA5nNdvvBD4DyqJXowk3cxkq0BKed7HmqUXq8&_nc_zt=24&_nc_ht=scontent-lga3-1.cdninstagram.com&_nc_gid=Z4t_x_N4DKypyjVSFEOYkQ&_nc_ss=7b689&oh=00_Af_n9g8o7Nh47V60sABitLGd5X_5-3Px0V4caZwOh_4MPw&oe=6A2B2EA6","https://www.instagram.com/p/DYn3yZKxNn6/"
"18117902806814025","I HAVE THOSE EXACT SHOES THE EXACT SAME COLOR AND DESIGN","2026-06-04T00:46:53.000Z","chris0_0m","https://scontent-lga3-2.cdninstagram.com/v/t51.2885-19/465820161_544816021834199_6838294329509981490_n.jpg?stp=dst-jpg_s150x150_tt6&_nc_cat=101&ccb=7-5&_nc_sid=f7ccc5&efg=eyJ2ZW5jb2RlX3RhZyI6InByb2ZpbGVfcGljLnd3dy4xMDA4LkMzIn0%3D&_nc_ohc=K_3e9WmhQzwQ7kNvwFjEvJP&_nc_oc=AdrsYdagy39FAw9Uo-GSHGXmfBfxC0dJ7ETNdgulS0GRkSZ3L-ikVRHQvqbqkSkZYwc&_nc_zt=24&_nc_ht=scontent-lga3-2.cdninstagram.com&_nc_ss=7b689&oh=00_Af_QRWQvWJdMLGFWoJBNjO4asxAYYv1Sk9nniRxiNlZ-Dw&oe=6A2B2632","https://www.instagram.com/p/DYn3yZKxNn6/"
"18095806976184668","🔥🔥🔥🔥","2026-06-03T21:30:30.000Z","graysonjunior582","https://scontent-lga3-2.cdninstagram.com/v/t51.82787-19/538447430_17894083908288466_1658928194507128675_n.jpg?stp=dst-jpg_s150x150_tt6&_nc_cat=101&ccb=7-5&_nc_sid=f7ccc5&efg=eyJ2ZW5jb2RlX3RhZyI6InByb2ZpbGVfcGljLnd3dy4xMDgwLkMzIn0%3D&_nc_ohc=lM5nV0_otqoQ7kNvwFaZXCJ&_nc_oc=Adr6cX6EI9SVZQpDFGrHDqZ8c4qJfqydAWcUwh5FWKwh4MivAiPEcEqcKOvzZbQRu98&_nc_zt=24&_nc_ht=scontent-lga3-2.cdninstagram.com&_nc_gid=Z4t_x_N4DKypyjVSFEOYkQ&_nc_ss=7b689&oh=00_Af84xdaIF-zOHOlsWxmCkARfDrYgxse_nc1po1BrirsjUg&oe=6A2B1E3D","https://www.instagram.com/p/DYn3yZKxNn6/"
"18065877584415593","🔥🔥🔥🔥🔥","2026-06-03T19:59:03.000Z","scarblackii","https://scontent-lga3-2.cdninstagram.com/v/t51.82787-19/711289983_17899584354446043_5648512954664410820_n.jpg?stp=dst-jpg_s150x150_tt6&_nc_cat=107&ccb=7-5&_nc_sid=f7ccc5&efg=eyJ2ZW5jb2RlX3RhZyI6InByb2ZpbGVfcGljLnd3dy42NDAuQzMifQ%3D%3D&_nc_ohc=DmDqf9Gov-wQ7kNvwG0VHVz&_nc_oc=Adody6elKZOPtRwVRqtafcpGigfX1QSUuNIWAhrWaO3hYh9bOeFILgXE25Uvj00OMTE&_nc_zt=24&_nc_ht=scontent-lga3-2.cdninstagram.com&_nc_gid=Z4t_x_N4DKypyjVSFEOYkQ&_nc_ss=7b689&oh=00_Af8iB5Y4EINLE4jg9x-lYNqJnP0apT-F2KjX4RfQO7hwSg&oe=6A2B4228","https://www.instagram.com/p/DYn3yZKxNn6/"
"17997808760779762","SeekiW4A","2026-06-03T19:53:45.000Z","goldpupygod","https://scontent-lga3-1.cdninstagram.com/v/t51.82787-19/600141113_18069800795608130_9128656970903031963_n.jpg?stp=dst-jpg_s150x150_tt6&_nc_cat=103&ccb=7-5&_nc_sid=f7ccc5&efg=eyJ2ZW5jb2RlX3RhZyI6InByb2ZpbGVfcGljLnd3dy41NzAuQzMifQ%3D%3D&_nc_ohc=MvvOwVf2YHkQ7kNvwFMsK4E&_nc_oc=AdoDQWgIhZMLTOpeR47156IQahkXCLf2IPUz40WwG-rfdMEeHMyZM_wdKGiOBqCja5I&_nc_zt=24&_nc_ht=scontent-lga3-1.cdninstagram.com&_nc_gid=Z4t_x_N4DKypyjVSFEOYkQ&_nc_ss=7b689&oh=00_Af-k4Gt37N_epjerpQWXYUfC6GPBs1D4UGjGvIVJQZEPlA&oe=6A2B4897","https://www.instagram.com/p/DYn3yZKxNn6/"
"18113945233839442","Those would be hunnids atleast","2026-06-03T10:48:04.000Z","fireboyceo","https://scontent-lga3-2.cdninstagram.com/v/t51.2885-19/402946822_364694872723605_5431526677488635780_n.jpg?stp=dst-jpg_s150x150_tt6&_nc_cat=105&ccb=7-5&_nc_sid=f7ccc5&efg=eyJ2ZW5jb2RlX3RhZyI6InByb2ZpbGVfcGljLnd3dy43NTAuQzMifQ%3D%3D&_nc_ohc=NLSB-mS3JMYQ7kNvwGu9pa2&_nc_oc=Adq6bC00rgJ3XqdG9uDijMJ5K6dPcw9EkJO3NX-nu9CfS_vm2Lv_2iYOqWJDiD-Zl5M&_nc_zt=24&_nc_ht=scontent-lga3-2.cdninstagram.com&_nc_ss=7b689&oh=00_Af9qvGRO3pqe3eQBgjrNIhB1ASJeB-TdfI9_G-6zVYNGHA&oe=6A2B1713","https://www.instagram.com/p/DYn3yZKxNn6/"
"18110196961936533","Yall gotta chill with YN Mike.","2026-06-02T21:48:10.000Z","radremm","https://scontent-lga3-3.cdninstagram.com/v/t51.2885-19/488392555_8104069213051242_5104664352220968080_n.jpg?stp=dst-jpg_s150x150_tt6&_nc_cat=104&ccb=7-5&_nc_sid=f7ccc5&efg=eyJ2ZW5jb2RlX3RhZyI6InByb2ZpbGVfcGljLnd3dy4zNTYuQzMifQ%3D%3D&_nc_ohc=2jV3cfSu0xAQ7kNvwGkwyoe&_nc_oc=Adolzl5KZlijvfqTo4AFp0z9j7Bc_1swF8UFcJlqNXh-_e3nssLYETQXlNox0_aHweI&_nc_zt=24&_nc_ht=scontent-lga3-3.cdninstagram.com&_nc_ss=7b689&oh=00_Af-2dXiAvmNi1x-b36V8ssjJXHfwshKjTQjpVGk_GoK_fA&oe=6A2B18E2","https://www.instagram.com/p/DYn3yZKxNn6/"
"18099188054127476","i’d throw my life away for this man😪","2026-06-02T19:35:41.000Z","shae.irl","https://scontent-lga3-2.cdninstagram.com/v/t51.82787-19/695798308_18071108690666141_4573146356950176690_n.jpg?stp=dst-jpg_s150x150_tt6&_nc_cat=107&ccb=7-5&_nc_sid=f7ccc5&efg=eyJ2ZW5jb2RlX3RhZyI6InByb2ZpbGVfcGljLnd3dy41ODMuQzMifQ%3D%3D&_nc_ohc=UHmB5qfH6C0Q7kNvwFWD2ws&_nc_oc=AdroKlfV3jp6Q2tmjjIv2TwfswrIMDTujIjs-1LYRJIt6rXASORJDl3enDIwD3t_xKk&_nc_zt=24&_nc_ht=scontent-lga3-2.cdninstagram.com&_nc_gid=Z4t_x_N4DKypyjVSFEOYkQ&_nc_ss=7b689&oh=00_Af-yaOYJ5Ics_qAs-BVS5HYBIwCfUNufFYxGJ1OAdjwFOg&oe=6A2B2788","https://www.instagram.com/p/DYn3yZKxNn6/"
"18265187281295664","U thought u was cute or something","2026-06-02T16:43:04.000Z","latina_baby224","https://scontent-lga3-2.cdninstagram.com/v/t51.82787-19/716690440_17972331456048602_8262160104247812040_n.jpg?stp=dst-jpg_s150x150_tt6&_nc_cat=100&ccb=7-5&_nc_sid=f7ccc5&efg=eyJ2ZW5jb2RlX3RhZyI6InByb2ZpbGVfcGljLnd3dy4xMDc3LkMzIn0%3D&_nc_ohc=Cvuo-RZL28gQ7kNvwGsILBn&_nc_oc=AdoQ51jn9xO9Juy32CNtF2skMO4TsbHfT6fefh_VVCptTqsZA-u59-bDcGWe0QxWa5E&_nc_zt=24&_nc_ht=scontent-lga3-2.cdninstagram.com&_nc_gid=Z4t_x_N4DKypyjVSFEOYkQ&_nc_ss=7b689&oh=00_Af9urIUgpJ8XJQDdfjVYHuIY_rCQxOfnU062vu88Tsf0-A&oe=6A2B19E5","https://www.instagram.com/p/DYn3yZKxNn6/"
"17893812675471640","lokey fire tho🤷🏾‍♂️ he can still be classy and wear Jordans🤷🏾‍♂️🤷🏾‍♂️","2026-06-02T14:10:57.000Z","vxnndlp","https://scontent-lga3-2.cdninstagram.com/v/t51.82787-19/719099697_17909903838420532_728116294712761767_n.jpg?stp=dst-jpg_s150x150_tt6&_nc_cat=100&ccb=7-5&_nc_sid=f7ccc5&efg=eyJ2ZW5jb2RlX3RhZyI6InByb2ZpbGVfcGljLnd3dy4xMDgwLkMzIn0%3D&_nc_ohc=rZvnLMyCAOIQ7kNvwHm9vtj&_nc_oc=AdrkiKg46mE3inggfGz11oGfL9W56Ky-RofGrqL4BE2ki1bz9PVL9xF_SZMePB6d6ZU&_nc_zt=24&_nc_ht=scontent-lga3-2.cdninstagram.com&_nc_gid=Z4t_x_N4DKypyjVSFEOYkQ&_nc_ss=7b689&oh=00_Af8sL9ea2xAbX4tihLr7Da4DRrhjHPlcZ11ZsrijLgJ4yQ&oe=6A2B3C48","https://www.instagram.com/p/DYn3yZKxNn6/"
"17882420271596040","Please help me","2026-06-02T13:44:54.000Z","blessingjoseph510","https://scontent-lga3-2.cdninstagram.com/v/t51.82787-19/626742045_17843707587686431_5171808259326907482_n.jpg?stp=dst-jpg_s150x150_tt6&_nc_cat=101&ccb=7-5&_nc_sid=f7ccc5&efg=eyJ2ZW5jb2RlX3RhZyI6InByb2ZpbGVfcGljLnd3dy40ODAuQzMifQ%3D%3D&_nc_ohc=nDoXOM1fd8UQ7kNvwGWlPwH&_nc_oc=Adoyq-eheELnLSdJFT3uiuAKVybuUYLLpDSOHCkMyreoQiyeePUU1omowXF5f0S4WhQ&_nc_zt=24&_nc_ht=scontent-lga3-2.cdninstagram.com&_nc_gid=Z4t_x_N4DKypyjVSFEOYkQ&_nc_ss=7b689&oh=00_Af97QWNeRkraqeOC82Y73ghd7_NEsZsfOF5w9VB3UdiMWg&oe=6A2B33A6","https://www.instagram.com/p/DYn3yZKxNn6/"
"17969537880103735","😢","2026-05-30T07:37:33.000Z","official____santosh___0302","https://scontent-hou1-1.cdninstagram.com/v/t51.82787-19/702163600_17923940472341406_7142344243107057502_n.jpg?stp=dst-jpg_s150x150_tt6&_nc_cat=107&ccb=7-5&_nc_sid=f7ccc5&efg=eyJ2ZW5jb2RlX3RhZyI6InByb2ZpbGVfcGljLnd3dy4xMDgwLkMzIn0%3D&_nc_ohc=8nwS9LrG9TEQ7kNvwGvEtjz&_nc_oc=Adr2S7nM_r5MpeBWPlzv1gErBIgAymf8ZEgnijZdrC3x7P9RCvNJVqUoIK5kxKx8T3w&_nc_zt=24&_nc_ht=scontent-hou1-1.cdninstagram.com&_nc_gid=5T84-b5XPkwukRZw0QS-Ow&_nc_ss=72a8c&oh=00_Af_fZRO7-SlhtYpndPLYejVwNA6Kv3AnQTdMIRyl0U_1-A&oe=6A2B4695","https://www.instagram.com/p/DYSQa8wGqyg/"
"18104032165997510","روعة 👏👏","2026-05-30T04:56:38.000Z","ashaqadlaltybmwsy","https://scontent-hou1-1.cdninstagram.com/v/t51.82787-19/717265006_17902739055443207_3916625882122610496_n.jpg?stp=dst-jpg_s150x150_tt6&_nc_cat=100&ccb=7-5&_nc_sid=f7ccc5&efg=eyJ2ZW5jb2RlX3RhZyI6InByb2ZpbGVfcGljLnd3dy4xMDgwLkMzIn0%3D&_nc_ohc=6IW3Wj5ZqVIQ7kNvwFm7B9L&_nc_oc=AdoOJ1JJ947FB9ZowGtA3zm6Wpcjg2iem_GtzpSUq74uS_vVxE3NDFtroOXgkBx2s3k&_nc_zt=24&_nc_ht=scontent-hou1-1.cdninstagram.com&_nc_gid=5T84-b5XPkwukRZw0QS-Ow&_nc_ss=72a8c&oh=00_Af9LkHb9_sYjWeoluWZWErSpDKVJ4iBb-pKaAU6CJWXLmw&oe=6A2B40C1","https://www.instagram.com/p/DYSQa8wGqyg/"
"18094879963954333","Wallpaper kaise lagay Bina watermark ke","2026-05-28T03:37:08.000Z","sura.jgupta233","https://scontent-hou1-1.cdninstagram.com/v/t51.82787-19/712504490_18010248248888257_2409140447301780490_n.jpg?stp=dst-jpg_s150x150_tt6&_nc_cat=109&ccb=7-5&_nc_sid=f7ccc5&efg=eyJ2ZW5jb2RlX3RhZyI6InByb2ZpbGVfcGljLnd3dy4xMDgwLkMzIn0%3D&_nc_ohc=oFhucgs0pV0Q7kNvwFfI00l&_nc_oc=AdrtMOvA1FQX96Ahqmn2yLX4558qRXgES6Gac6_fChIBGzOrPv_-CAaD4ukHLsewpFU&_nc_zt=24&_nc_ht=scontent-hou1-1.cdninstagram.com&_nc_gid=5T84-b5XPkwukRZw0QS-Ow&_nc_ss=72a8c&oh=00_Af8ZGA-xGBoYOesBfdE_XPMwmvS2tTmUkzoIBCQjRGBIgA&oe=6A2B306A","https://www.instagram.com/p/DYSQa8wGqyg/"
"18066599981398668","🔥","2026-05-26T09:58:51.000Z","_surya.76","https://scontent-hou1-1.cdninstagram.com/v/t51.82787-19/582063799_17920970439194425_6254150536823324843_n.jpg?stp=dst-jpg_s150x150_tt6&_nc_cat=107&ccb=7-5&_nc_sid=f7ccc5&efg=eyJ2ZW5jb2RlX3RhZyI6InByb2ZpbGVfcGljLnd3dy4xMDgwLkMzIn0%3D&_nc_ohc=Y8R75OoKRrEQ7kNvwHmIzB2&_nc_oc=AdoJZAIu1eptAar8OEb3EHpMEjTMAkPDwFs5fQjsS9s9jeTZZuvHXMRtRVl6VOUDT_U&_nc_zt=24&_nc_ht=scontent-hou1-1.cdninstagram.com&_nc_gid=5T84-b5XPkwukRZw0QS-Ow&_nc_ss=72a8c&oh=00_Af9NmJ_l_MdchAY6er2GwbLtrvobhQM9L0Zqk4MLIXjOlw&oe=6A2B2274","https://www.instagram.com/p/DYSQa8wGqyg/"
"17915702754181865","How to get this wallpaper","2026-05-26T08:30:05.000Z","as81kh","https://scontent-hou1-1.cdninstagram.com/v/t51.82787-19/550846496_18130379791457049_5866171990562297693_n.jpg?stp=dst-jpg_s150x150_tt6&_nc_cat=104&ccb=7-5&_nc_sid=f7ccc5&efg=eyJ2ZW5jb2RlX3RhZyI6InByb2ZpbGVfcGljLnd3dy4xMDgwLkMzIn0%3D&_nc_ohc=GYCgsv5g_G4Q7kNvwF8LkeX&_nc_oc=AdpJPQTbVbnhG88TP6cw_V_enawvbN0-LHJALmT4cWu_DhJVIu_3dETmFmq8oG6vkqU&_nc_zt=24&_nc_ht=scontent-hou1-1.cdninstagram.com&_nc_gid=5T84-b5XPkwukRZw0QS-Ow&_nc_ss=72a8c&oh=00_Af-m524sk5ZfLerSVfmSf0AcVQBXQd_gWd99VhzXpklMKg&oe=6A2B1F2E","https://www.instagram.com/p/DYSQa8wGqyg/"
"17876176332606904","Awesome 😍💯💫","2026-05-26T04:42:33.000Z","theaiclip","https://scontent-hou1-1.cdninstagram.com/v/t51.75761-19/491445847_17932154211024584_7931404192808436469_n.jpg?stp=dst-jpg_s150x150_tt6&_nc_cat=1&ccb=7-5&_nc_sid=f7ccc5&efg=eyJ2ZW5jb2RlX3RhZyI6InByb2ZpbGVfcGljLnd3dy4xMDgwLkMzIn0%3D&_nc_ohc=LDvzeYVVcPYQ7kNvwH6i7_d&_nc_oc=AdoHOu7L20MTQB5xW5trVaziZH-Pm0X9iSVXSOwm0rV1koZlbDZPvEZWBlyUeugZOeA&_nc_zt=24&_nc_ht=scontent-hou1-1.cdninstagram.com&_nc_gid=5T84-b5XPkwukRZw0QS-Ow&_nc_ss=72a8c&oh=00_Af_TkR6dKdibdyaczsKFqXL6s1faICwaC2pPGOBTuEyCwA&oe=6A2B26E8","https://www.instagram.com/p/DYSQa8wGqyg/"
"17872807722671492","`#ما_مت_بس_انطفيت`","2026-05-26T02:42:25.000Z","2026.sukoon","https://scontent-hou1-1.cdninstagram.com/v/t51.82787-19/707398378_17932834236267537_3183098899830176911_n.jpg?stp=dst-jpg_s150x150_tt6&_nc_cat=107&ccb=7-5&_nc_sid=f7ccc5&efg=eyJ2ZW5jb2RlX3RhZyI6InByb2ZpbGVfcGljLnd3dy4xMDgwLkMzIn0%3D&_nc_ohc=TzpqB5x3eOEQ7kNvwGezt50&_nc_oc=AdocHpaEFB2HezUFkS-fNWxgkVshnzVu7EMuOQTwHf2UBp_LWgmxUzNPhyN5YibcFaI&_nc_zt=24&_nc_ht=scontent-hou1-1.cdninstagram.com&_nc_gid=5T84-b5XPkwukRZw0QS-Ow&_nc_ss=72a8c&oh=00_Af-0LAHHe1dmDZ_CJhqKhSmtFm2MdpEUJf-aQQEUZ23XIQ&oe=6A2B4902","https://www.instagram.com/p/DYSQa8wGqyg/"
"18067407317495621","Hey he is handsome.yoo .who else agrees with me.kindly like my comment","2026-05-25T15:56:16.000Z","riannah6868","https://scontent-hou1-1.cdninstagram.com/v/t51.82787-19/687550565_18128100760523124_5254117443539489715_n.jpg?stp=dst-jpg_s150x150_tt6&_nc_cat=104&ccb=7-5&_nc_sid=f7ccc5&efg=eyJ2ZW5jb2RlX3RhZyI6InByb2ZpbGVfcGljLnd3dy43MjAuQzMifQ%3D%3D&_nc_ohc=4mNpQX0V9MUQ7kNvwG8NgX6&_nc_oc=AdqcmyrzsYNk0f7BPWJ8eaqQq1-Jlo5PNz4aWIPr0Lza1_Pfv9XZDoYzGlNAWFuF-Io&_nc_zt=24&_nc_ht=scontent-hou1-1.cdninstagram.com&_nc_gid=5T84-b5XPkwukRZw0QS-Ow&_nc_ss=72a8c&oh=00_Af9y20vROEQ5DPDwz72VrXUpeQfr-xaGcXZfpe0Oxee_ZA&oe=6A2B3614","https://www.instagram.com/p/DYSQa8wGqyg/"
"18129362560608825","❤️❤️","2026-05-25T06:18:42.000Z","vikaaspvaar943","https://scontent-hou1-1.cdninstagram.com/v/t51.82787-19/712643926_17933980926272761_3429986098992182236_n.jpg?stp=dst-jpg_s150x150_tt6&_nc_cat=105&ccb=7-5&_nc_sid=f7ccc5&efg=eyJ2ZW5jb2RlX3RhZyI6InByb2ZpbGVfcGljLnd3dy4xMDgwLkMzIn0%3D&_nc_ohc=WZqEa183PeUQ7kNvwF2MWZT&_nc_oc=AdqIjmZWu3BM39mEy_mAXyVHdBh9sBQ3cVxoY37RGzLWXRJ8ICGfBjzri2KrkvNAarI&_nc_zt=24&_nc_ht=scontent-hou1-1.cdninstagram.com&_nc_gid=5T84-b5XPkwukRZw0QS-Ow&_nc_ss=72a8c&oh=00_Af8e2v35DVQctWmKZfEi2P5djCYLWOtKO1t9RCJPEsrU8Q&oe=6A2B289D","https://www.instagram.com/p/DYSQa8wGqyg/"
"18051243026756232","😍🙌","2026-05-24T17:27:25.000Z","roukyu77","https://scontent-hou1-1.cdninstagram.com/v/t51.89012-19/573323465_1219825463302212_7278921664109726296_n.jpg?stp=dst-jpg_s150x150_tt6&_nc_cat=1&ccb=7-5&_nc_sid=f7ccc5&efg=eyJ2ZW5jb2RlX3RhZyI6InByb2ZpbGVfcGljLnd3dy5DMyJ9&_nc_ohc=YQQEIw1CjK0Q7kNvwFDyBRc&_nc_oc=Adr0ksLa1VAyV7kbWE6RmFtUSzkHoWQpg4577UNKKw8U0YTplXwuzcXbzQL2QOKymQU&_nc_zt=24&_nc_ht=scontent-hou1-1.cdninstagram.com&_nc_gid=5T84-b5XPkwukRZw0QS-Ow&_nc_ss=72a8c&oh=00_Af9udaXA5H7ILBrZFV4zU2qCvdNDTWaGsiLip28RwF9RCA&oe=6A2B22A2","https://www.instagram.com/p/DYSQa8wGqyg/"
"17882771472421062","المزيد لو سمحت","2026-05-18T14:26:42.000Z","yemenpubg","https://scontent-hou1-1.cdninstagram.com/v/t51.82787-19/683877023_17859493245687328_5041294759394899401_n.jpg?stp=dst-jpg_s150x150_tt6&_nc_cat=106&ccb=7-5&_nc_sid=f7ccc5&efg=eyJ2ZW5jb2RlX3RhZyI6InByb2ZpbGVfcGljLnd3dy4xMDgwLkMzIn0%3D&_nc_ohc=xAALYOY6f9wQ7kNvwEp4Zxt&_nc_oc=AdpS2kOw2c9Rxmzqd_2BeAiM6QhjB9TX10_47K0H5TTo5fuVQ0btWkB4HMWwgNd7Xx8&_nc_zt=24&_nc_ht=scontent-hou1-1.cdninstagram.com&_nc_gid=5T84-b5XPkwukRZw0QS-Ow&_nc_ss=72a8c&oh=00_Af9wTy1DVIe_acciFfIGKcPoWE9MjsBkkxaNIXh88SQQfw&oe=6A2B23E1","https://www.instagram.com/p/DYSQa8wGqyg/"
"18176752981400158","😍😍😍❤️","2026-05-18T11:28:44.000Z","anthieselle_ai","https://scontent-hou1-1.cdninstagram.com/v/t51.82787-19/708155000_17903530545436565_6601494448012060565_n.jpg?stp=dst-jpg_s150x150_tt6&_nc_cat=109&ccb=7-5&_nc_sid=f7ccc5&efg=eyJ2ZW5jb2RlX3RhZyI6InByb2ZpbGVfcGljLnd3dy4xMDgwLkMzIn0%3D&_nc_ohc=MP1RLq8wFYQQ7kNvwGmaD5g&_nc_oc=AdpyZEi_zLbBKdki0ILnQpb_62VFWQpvVEbLe9peC-NAFyWTbWkV7QMvNDooXVB4RRc&_nc_zt=24&_nc_ht=scontent-hou1-1.cdninstagram.com&_nc_gid=5T84-b5XPkwukRZw0QS-Ow&_nc_ss=72a8c&oh=00_Af9AJ4fp7Z26vJOLM-BaHLWtC6VL9oXG6VMFlrNMEyWHtw&oe=6A2B3E64","https://www.instagram.com/p/DYSQa8wGqyg/"
"18124371448623128","😭🥀","2026-05-16T19:30:25.000Z","moosa_raza10","https://scontent-hou1-1.cdninstagram.com/v/t51.82787-19/683813112_17947434690158266_6673342442569770168_n.jpg?stp=dst-jpg_s150x150_tt6&_nc_cat=107&ccb=7-5&_nc_sid=f7ccc5&efg=eyJ2ZW5jb2RlX3RhZyI6InByb2ZpbGVfcGljLnd3dy4xMDgwLkMzIn0%3D&_nc_ohc=G9CIswCrwXQQ7kNvwGjjuu_&_nc_oc=AdprJmRdxRfgznZST_z_IWU1jXzGp-Y7waj-dZFf4sVZHwQvxewjb29uyDWhomPA0yg&_nc_zt=24&_nc_ht=scontent-hou1-1.cdninstagram.com&_nc_gid=5T84-b5XPkwukRZw0QS-Ow&_nc_ss=72a8c&oh=00_Af9wcsjQ_20aOjm-1B6-45Psf7bY8YcdFAjWRAKggEXHLA&oe=6A2B3027","https://www.instagram.com/p/DYSQa8wGqyg/"
"18120559972638044","❤️❤️❤️❤️","2026-05-14T11:43:44.000Z","whirlwind_of_activity","https://scontent-hou1-1.cdninstagram.com/v/t51.2885-19/466503061_903048731963285_7401955545297202555_n.jpg?stp=dst-jpg_s150x150_tt6&_nc_cat=101&ccb=7-5&_nc_sid=f7ccc5&efg=eyJ2ZW5jb2RlX3RhZyI6InByb2ZpbGVfcGljLnd3dy4xMDgwLkMzIn0%3D&_nc_ohc=IbWV4L2GJzQQ7kNvwHIzbyS&_nc_oc=AdrVcvobmUjiN-1tyAMos3fAH6E09PmtQcWp2Mk2BMKzLo9zZgoNUtrhO2uwxYDcpzo&_nc_zt=24&_nc_ht=scontent-hou1-1.cdninstagram.com&_nc_ss=72a8c&oh=00_Af9Ii-Smb03BkCrUHH2S8RvsAvD72AuCXAuZCRDBchbYhA&oe=6A2B3B99","https://www.instagram.com/p/DYSQa8wGqyg/"
"18089321636522309","😌❤️👌deep emotions","2026-05-14T09:19:30.000Z","nik_ai_verse","https://scontent-hou1-1.cdninstagram.com/v/t51.82787-19/658811467_17898697764422379_8288225085359331014_n.jpg?stp=dst-jpg_s150x150_tt6&_nc_cat=109&ccb=7-5&_nc_sid=f7ccc5&efg=eyJ2ZW5jb2RlX3RhZyI6InByb2ZpbGVfcGljLnd3dy4xMDI0LkMzIn0%3D&_nc_ohc=vjEGcWT6uqMQ7kNvwESNBNH&_nc_oc=AdoFRu2Wt7LwGZEidL3X3j63zIUvc7xKCm6iHlPRbKZP5oc9fKKLkEUWGqbuWifpNUI&_nc_zt=24&_nc_ht=scontent-hou1-1.cdninstagram.com&_nc_gid=5T84-b5XPkwukRZw0QS-Ow&_nc_ss=72a8c&oh=00_Af8aNV9iODP7D0mija9Y2-Nl-fJi2mbNtMoo1kfoVhAwDw&oe=6A2B4A80","https://www.instagram.com/p/DYSQa8wGqyg/"
"18040620203584011","Nice video","2026-05-05T08:31:26.000Z","ljaxjw969822026","https://scontent.cdninstagram.com/v/t51.82787-19/671154050_18050802143542444_8955856492518843686_n.jpg?stp=dst-jpg_s150x150_tt6&_nc_cat=106&ccb=7-5&_nc_sid=f7ccc5&efg=eyJ2ZW5jb2RlX3RhZyI6InByb2ZpbGVfcGljLnd3dy4xMDgwLkMzIn0%3D&_nc_ohc=YZSvd8Bs8FYQ7kNvwFdRqND&_nc_oc=Adpe68OX3_qmgavasN5j9OTs9xBsp9Yc8T4gBgkpg7jPfL-gYwP6bzKXUkeogh-o7os&_nc_zt=24&_nc_ht=scontent.cdninstagram.com&_nc_gid=_-rclBFwgj2hZGtx79uqqg&_nc_ss=72a8c&oh=00_Af8sldm7aS-NOx5dW6USdwL5Fi_uw0it6XjXyYZLMYWc2g&oe=6A2B286F","https://www.instagram.com/p/DOMtMKRkpX8/"
"18089848568210185","Yummy!","2026-05-04T16:18:04.000Z","saif176321f","https://scontent.cdninstagram.com/v/t51.82787-19/670427023_17857551444687055_3360380450418558289_n.jpg?stp=dst-jpg_s150x150_tt6&_nc_cat=108&ccb=7-5&_nc_sid=f7ccc5&efg=eyJ2ZW5jb2RlX3RhZyI6InByb2ZpbGVfcGljLnd3dy4xMDc1LkMzIn0%3D&_nc_ohc=Qp9ZXvmKrhUQ7kNvwEI9kgY&_nc_oc=AdqhFM0YdjoBk6-42Re1uJSuecPWtkNv4z87rlkvTRcp2o5SqCzpr3mOXb0dDnQxCOY&_nc_zt=24&_nc_ht=scontent.cdninstagram.com&_nc_gid=_-rclBFwgj2hZGtx79uqqg&_nc_ss=72a8c&oh=00_Af9R7EoTgn_t3lKgNAEye-il0Mm2oYcYVNuIG0u5eZai2w&oe=6A2B4C76","https://www.instagram.com/p/DOMtMKRkpX8/"
"18421661815124360","Ngl I was low-key losing hope in AI lately, all the new tools keep promising to save time but 90% of them are just fancy chat boxes that leave me doing all the actual style research and report execution myself. I finally found MuleRun a few weeks back https://mulerun.com/invitation/RNV2MCPZQ2N3 and it doesn't just talk, it actually does the work — just the other day it opened my browser, pulled 3 months of social media style performance data, formatted it into a client report and emailed it to all my stakeholders completely on its own. Have any of you guys stumbled on any other under-the-radar AI tools that actually get real work done instead of just talking a big game?","2026-05-03T12:07:07.000Z","kkljihbb","https://scontent.cdninstagram.com/v/t51.82787-19/671828017_17855268675691007_7078883234946993725_n.jpg?stp=dst-jpg_s150x150_tt6&_nc_cat=106&ccb=7-5&_nc_sid=f7ccc5&efg=eyJ2ZW5jb2RlX3RhZyI6InByb2ZpbGVfcGljLnd3dy4xMDgwLkMzIn0%3D&_nc_ohc=sh30u7ZgA_8Q7kNvwFr0PiY&_nc_oc=AdqdaDUjS07aWxKFmBXPRXF3m6CSYqgpVwPI1OfYFs76_-yhuN_HnVVC-NzbeOJDyYg&_nc_zt=24&_nc_ht=scontent.cdninstagram.com&_nc_gid=_-rclBFwgj2hZGtx79uqqg&_nc_ss=72a8c&oh=00_Af8hetXKJ7FC7akG8TMLDPSCvPuPvvF8wLaed_ZdGcuylg&oe=6A2B2E2A","https://www.instagram.com/p/DOMtMKRkpX8/"
"18237561553290829","😍","2025-09-17T21:22:07.000Z","mismirart","https://scontent.cdninstagram.com/v/t51.75761-19/503321574_17961595823939246_7551566107033046178_n.jpg?stp=dst-jpg_s150x150_tt6&_nc_cat=110&ccb=7-5&_nc_sid=f7ccc5&efg=eyJ2ZW5jb2RlX3RhZyI6InByb2ZpbGVfcGljLnd3dy4xMDgwLkMzIn0%3D&_nc_ohc=J-tmlmkZjgcQ7kNvwHFaO9M&_nc_oc=AdrNYLMpoG9MIzInRGGww63guLnYhMbOki50QqvFm_vqxm1HCutnlr7tCTcwLcxCjmM&_nc_zt=24&_nc_ht=scontent.cdninstagram.com&_nc_gid=_-rclBFwgj2hZGtx79uqqg&_nc_ss=72a8c&oh=00_Af9KN6B20V5CXInB0hlB4s4mKIuU5alhJRGTuaM7Zsz6hA&oe=6A2B33AD","https://www.instagram.com/p/DOMtMKRkpX8/"
"18058929563453848","Meta tool.","2025-09-17T03:40:08.000Z","booterart","https://scontent.cdninstagram.com/v/t51.82787-19/705975751_17883697620575972_48802059202994720_n.jpg?stp=dst-jpg_s150x150_tt6&_nc_cat=105&ccb=7-5&_nc_sid=f7ccc5&efg=eyJ2ZW5jb2RlX3RhZyI6InByb2ZpbGVfcGljLnd3dy44NzQuQzMifQ%3D%3D&_nc_ohc=dsfEWmzCAkkQ7kNvwEs79AT&_nc_oc=AdpMx1s2GdsJis5ryNinHzoV7hPYa4Z6puRSBgk4iRWytRuHVZHUBjSoptdm9otxy4c&_nc_zt=24&_nc_ht=scontent.cdninstagram.com&_nc_gid=_-rclBFwgj2hZGtx79uqqg&_nc_ss=72a8c&oh=00_Af-rxtBvWLMPbqxyE5G7dUycNaboarzL859skv5Zcjab3g&oe=6A2B20AD","https://www.instagram.com/p/DOMtMKRkpX8/"
"18032176355710273","I love the styles so much and the music here makes my heart ache 💓 😭🥹🥺 thank you","2025-09-16T14:17:58.000Z","dreamofan.ai","https://scontent.cdninstagram.com/v/t51.82787-19/625169125_18109857319731068_7087470493829537571_n.jpg?stp=dst-jpg_s150x150_tt6&_nc_cat=102&ccb=7-5&_nc_sid=f7ccc5&efg=eyJ2ZW5jb2RlX3RhZyI6InByb2ZpbGVfcGljLnd3dy4xMDgwLkMzIn0%3D&_nc_ohc=xUTJeUk_T1YQ7kNvwG1S4cO&_nc_oc=AdpYFJtiiWCGax0gV43EgmDFCfWbwGt-0H-7oqZe0J7eIG2kUra8KCptiHVE-1Z7Qqg&_nc_zt=24&_nc_ht=scontent.cdninstagram.com&_nc_gid=_-rclBFwgj2hZGtx79uqqg&_nc_ss=72a8c&oh=00_Af8ksJBjpytG3pC8WYBPhkBsNXJmH-uv4ou9MmWC2_iEvw&oe=6A2B4DA3","https://www.instagram.com/p/DOMtMKRkpX8/"
"18151311052399549","Why do you hate my art @midjourney 😭 one week ban and you haven't told me what I did wrong. 😩","2025-09-16T00:37:20.000Z","simply.ai.art","https://scontent.cdninstagram.com/v/t51.2885-19/452697208_2416914188654161_2096338368776113415_n.jpg?stp=dst-jpg_s150x150_tt6&_nc_cat=100&ccb=7-5&_nc_sid=f7ccc5&efg=eyJ2ZW5jb2RlX3RhZyI6InByb2ZpbGVfcGljLnd3dy4xMDgwLkMzIn0%3D&_nc_ohc=kvaAdkT9VCcQ7kNvwGORGx5&_nc_oc=AdoeOq2LVD-Zul6LF7SvGVqYw_WE3y9QrTFrgyCh5S5ONbcpVWTPPCjA-0mlkfr9GwQ&_nc_zt=24&_nc_ht=scontent.cdninstagram.com&_nc_ss=72a8c&oh=00_Af-OwZ5qg5SeOo9pkl2rfbeeWMHkAF0K8WNnrHPqREoIkg&oe=6A2B2CAB","https://www.instagram.com/p/DOMtMKRkpX8/"
"18050873153249046","🔥🔥🔥","2025-09-08T12:06:30.000Z","acrafti","https://scontent.cdninstagram.com/v/t51.82787-19/543693170_17856848046509206_1686096179613907218_n.jpg?stp=dst-jpg_s150x150_tt6&_nc_cat=101&ccb=7-5&_nc_sid=f7ccc5&efg=eyJ2ZW5jb2RlX3RhZyI6InByb2ZpbGVfcGljLnd3dy4xMDgwLkMzIn0%3D&_nc_ohc=QTcczNHR6uAQ7kNvwGhtz0h&_nc_oc=Adq6hLCkeLLOQ3DoO7tuEcPXDl-rO9P_RHJ6pQmqLVVsP5wnoTPFRMlmmdb5CMLSbWY&_nc_zt=24&_nc_ht=scontent.cdninstagram.com&_nc_gid=_-rclBFwgj2hZGtx79uqqg&_nc_ss=72a8c&oh=00_Af-OeJ4HIYL45mSmFUazSRVAoLxlqJAHuSQG8aZK9k48tA&oe=6A2B4703","https://www.instagram.com/p/DOMtMKRkpX8/"
"18118656697449585","Super powerful tools!","2025-09-08T08:57:10.000Z","eightyframe","https://scontent.cdninstagram.com/v/t51.82787-19/543370048_17847109125558586_8140424852272960028_n.jpg?stp=dst-jpg_s150x150_tt6&_nc_cat=103&ccb=7-5&_nc_sid=f7ccc5&efg=eyJ2ZW5jb2RlX3RhZyI6InByb2ZpbGVfcGljLnd3dy4xMDgwLkMzIn0%3D&_nc_ohc=BSdcgL0-J5wQ7kNvwEivMBB&_nc_oc=AdpYbO4a_ByoD5BN9_n3eYh77OQCnuCVfOhb2K04RUaz2Cq-SHrvAVC_8IEswlSq0v0&_nc_zt=24&_nc_ht=scontent.cdninstagram.com&_nc_gid=_-rclBFwgj2hZGtx79uqqg&_nc_ss=72a8c&oh=00_Af_Vmuz1jOO3wHs8CMHzSUeU2I7l3lJA9vh10eE5f2Rnpg&oe=6A2B4192","https://www.instagram.com/p/DOMtMKRkpX8/"
"18148016827364594","Amazing 😍🙌","2025-09-07T21:05:42.000Z","surrealartstories","https://scontent.cdninstagram.com/v/t51.2885-19/425465903_1439315200322728_1362583028554760135_n.jpg?stp=dst-jpg_s150x150_tt6&_nc_cat=111&ccb=7-5&_nc_sid=f7ccc5&efg=eyJ2ZW5jb2RlX3RhZyI6InByb2ZpbGVfcGljLnd3dy4xMDgwLkMzIn0%3D&_nc_ohc=WNgRK5S-xVwQ7kNvwFjlOMp&_nc_oc=AdoMJ6M-3hjuIWbDGBgRCoq1F4xS2QO9PHeTJwNtZ-ieF6ghICB2LgCX_tHdW-hb4E4&_nc_zt=24&_nc_ht=scontent.cdninstagram.com&_nc_ss=72a8c&oh=00_Af981QZ5vvdaa-rO2IEcSNDHtjelHI03OfECa-ZHkEujjg&oe=6A2B3A54","https://www.instagram.com/p/DOMtMKRkpX8/"
"17948941287033842","awesome, I'm hoping eventually you'll be able to type an sref value in the search bar and it'll pull up a random list of images using that sref","2025-09-06T19:32:57.000Z","funkyrhino","https://scontent.cdninstagram.com/v/t51.2885-19/291726834_762032254825843_2970632334214676112_n.jpg?stp=dst-jpg_s150x150_tt6&_nc_cat=111&ccb=7-5&_nc_sid=f7ccc5&efg=eyJ2ZW5jb2RlX3RhZyI6InByb2ZpbGVfcGljLnd3dy4xMDgwLkMzIn0%3D&_nc_ohc=vhggSLP3nS8Q7kNvwG6eowk&_nc_oc=AdqpkkosfTeqY3U8ihgTeVRH-WBuTfNthVBA0XbzopXna2rI2iTEePR7bq0CWyeEnlE&_nc_zt=24&_nc_ht=scontent.cdninstagram.com&_nc_ss=72a8c&oh=00_Af9SlYJob2Fe7Nej7QXr3Sz5Q9LplT0WYPDDBGYalUzZMg&oe=6A2B2A77","https://www.instagram.com/p/DOMtMKRkpX8/"
"18071627531157228","Awesome 👏","2025-09-06T14:34:12.000Z","atikomotion","https://scontent.cdninstagram.com/v/t51.2885-19/347122290_266125869144920_7642004977238645578_n.jpg?stp=dst-jpg_s150x150_tt6&_nc_cat=101&ccb=7-5&_nc_sid=f7ccc5&efg=eyJ2ZW5jb2RlX3RhZyI6InByb2ZpbGVfcGljLnd3dy41NjcuQzMifQ%3D%3D&_nc_ohc=A7PAbn16Nv4Q7kNvwEuzIzK&_nc_oc=Adr1xXYN0M5qoomMBABJpSzteY_E_xmhFeQMDr_lUGKRnt6Dm68DMkX-sbd6YzQWX3E&_nc_zt=24&_nc_ht=scontent.cdninstagram.com&_nc_ss=72a8c&oh=00_Af-WlHMrQNwODZAxO7it80OKsUXQy30gDZV8WSOEeXbu3w&oe=6A2B4A4D","https://www.instagram.com/p/DOMtMKRkpX8/"
"18099744982614731","So good feature 🔥","2025-09-06T12:23:36.000Z","winterpens.art","https://scontent.cdninstagram.com/v/t51.2885-19/452934047_455381784057421_7516037591219927942_n.jpg?stp=dst-jpg_s150x150_tt6&_nc_cat=102&ccb=7-5&_nc_sid=f7ccc5&efg=eyJ2ZW5jb2RlX3RhZyI6InByb2ZpbGVfcGljLnd3dy45ODMuQzMifQ%3D%3D&_nc_ohc=xwY0HPv_8zoQ7kNvwFxPe4c&_nc_oc=Adpp0CT31i3maQEAUxEDQeDjEax7fDn4RFnhhbYGhHCifpbDuAff_1Lr49RruarGixQ&_nc_zt=24&_nc_ht=scontent.cdninstagram.com&_nc_ss=72a8c&oh=00_Af-TV3vYJ19-engg_TJadeQQw30FKKqCDJKEwPwsk7WpQw&oe=6A2B3912","https://www.instagram.com/p/DOMtMKRkpX8/"
"18526441774022006","DM sent ⚡️🤍","2025-09-06T01:21:27.000Z","made.by.jay.ai","https://scontent.cdninstagram.com/v/t51.2885-19/486177153_2218182328655405_8799796639075417210_n.jpg?stp=dst-jpg_s150x150_tt6&_nc_cat=105&ccb=7-5&_nc_sid=f7ccc5&efg=eyJ2ZW5jb2RlX3RhZyI6InByb2ZpbGVfcGljLnd3dy4xMDgwLkMzIn0%3D&_nc_ohc=fRrZU3yfRi8Q7kNvwGAF3Tw&_nc_oc=AdqpAM8Fqi1VZSzwG7gELkJ48mtUTrz7tUyW2MEYj2khtQ5b20IN63zxexeUyRpKfMI&_nc_zt=24&_nc_ht=scontent.cdninstagram.com&_nc_ss=72a8c&oh=00_Af94P7dU9RU9v4NP79U_Yom_WukyLiDlQ47ARHkXn0EDGg&oe=6A2B42EE","https://www.instagram.com/p/DOMtMKRkpX8/"
"18055556570440528","👏👏👏 Great 🔥","2025-09-05T20:39:02.000Z","nic.labs","https://scontent.cdninstagram.com/v/t51.82787-19/572728487_17862924258507155_7573084182536482086_n.jpg?stp=dst-jpg_s150x150_tt6&_nc_cat=101&ccb=7-5&_nc_sid=f7ccc5&efg=eyJ2ZW5jb2RlX3RhZyI6InByb2ZpbGVfcGljLnd3dy4xMDgwLkMzIn0%3D&_nc_ohc=rABLIg6-HNUQ7kNvwGlhpL2&_nc_oc=Adpku0k4jzaPihJx-N-KJFFsuYzlOa8Qib9Gj5oVMFyiNPfu4LvlhmaNGma8htsHN-A&_nc_zt=24&_nc_ht=scontent.cdninstagram.com&_nc_gid=_-rclBFwgj2hZGtx79uqqg&_nc_ss=72a8c&oh=00_Af84DaW5P5vd8-lVjzWHoayTKs4MaUrjpdlQkDYEfHoieg&oe=6A2B2579","https://www.instagram.com/p/DOMtMKRkpX8/"
"17969980964957570","Glamorous 😍😍","2025-10-15T17:39:05.000Z","lifestyle_and_decor_diaries","https://scontent.cdninstagram.com/v/t51.75761-19/495041845_17877808278307239_7849965072327295073_n.jpg?stp=dst-jpg_s150x150_tt6&_nc_cat=109&ccb=7-5&_nc_sid=f7ccc5&efg=eyJ2ZW5jb2RlX3RhZyI6InByb2ZpbGVfcGljLnd3dy4xMDgwLkMzIn0%3D&_nc_ohc=wth48sT398MQ7kNvwHAIRzz&_nc_oc=AdohkLZ2C6Kb6ahex8_6ReSVgkCZeGO5NYvtJfxwTr44_WIUaSrv9AV_3WqthGlduyE&_nc_zt=24&_nc_ht=scontent.cdninstagram.com&_nc_gid=6XfQWxdYcpIJTP98xeTllQ&_nc_ss=7ca8c&oh=00_Af8waoQZdxljsOEcHOsH8oKMwqcmYJ_M56S1hQvM0KqFIQ&oe=6A2B46C3","https://www.instagram.com/p/DOiPjD9CStQ/"
"18102468571609809","😍❤️","2025-09-18T15:16:06.000Z","reshmakadvath","https://scontent.cdninstagram.com/v/t51.2885-19/356269498_838377281026807_2875762044188287935_n.jpg?stp=dst-jpg_s150x150_tt6&_nc_cat=111&ccb=7-5&_nc_sid=f7ccc5&efg=eyJ2ZW5jb2RlX3RhZyI6InByb2ZpbGVfcGljLnd3dy4xMDgwLkMzIn0%3D&_nc_ohc=-j_OyIjf-SwQ7kNvwGLD7Lr&_nc_oc=AdrY0Tfd8XRmtjtdtLLEVCQKg5VcQVj8yBYE6DonfDJWyGCCAlffrdQB2aVdtqs_rNg&_nc_zt=24&_nc_ht=scontent.cdninstagram.com&_nc_ss=7ca8c&oh=00_Af9ZyqvTw8Njj_ruD4rVkeKRz6JIQZfI5fa0bnXr27ibLA&oe=6A2B1BB5","https://www.instagram.com/p/DOiPjD9CStQ/"
"18082114138935061","❤️❤️","2025-09-17T18:46:57.000Z","homewithneelu","https://scontent.cdninstagram.com/v/t51.2885-19/472493125_1164799271965939_274151550141024209_n.jpg?stp=dst-jpg_s150x150_tt6&_nc_cat=102&ccb=7-5&_nc_sid=f7ccc5&efg=eyJ2ZW5jb2RlX3RhZyI6InByb2ZpbGVfcGljLnd3dy45MDAuQzMifQ%3D%3D&_nc_ohc=iueV3l5nNPMQ7kNvwFjIVbZ&_nc_oc=AdpnOMSn9YpUxupMzr_0P_vO--1nOvcUbDJAYoRHngY8GKxvloo-aa1iIvyYmQR0WWY&_nc_zt=24&_nc_ht=scontent.cdninstagram.com&_nc_ss=7ca8c&oh=00_Af_Y1f3CUqRCnG9msZMo0vC_7DyNgUfdW5XOc878DOWu_A&oe=6A2B499B","https://www.instagram.com/p/DOiPjD9CStQ/"
"18374615485182441","Prettiest 😍","2025-09-16T14:30:21.000Z","snehuwuu","https://scontent.cdninstagram.com/v/t51.82787-19/670486450_18175425430394474_4938265342412335568_n.jpg?stp=dst-jpg_s150x150_tt6&_nc_cat=1&ccb=7-5&_nc_sid=f7ccc5&efg=eyJ2ZW5jb2RlX3RhZyI6InByb2ZpbGVfcGljLnd3dy4xMDgwLkMzIn0%3D&_nc_ohc=Ai_0x4ImYggQ7kNvwFkVHvo&_nc_oc=AdpTX75-Yqqf4H4HFU3I0FjMdk3cIy3nyUOAFKUYivLe2dfZZrTUjX5Y3hTTtmqm4wM&_nc_zt=24&_nc_ht=scontent.cdninstagram.com&_nc_gid=6XfQWxdYcpIJTP98xeTllQ&_nc_ss=7ca8c&oh=00_Af9pw8zWzFypv4_UP-zqiOpZTzn6GDArwpFlmaCHRbKhfg&oe=6A2B3AC4","https://www.instagram.com/p/DOiPjD9CStQ/"
"18166695526368986","Beautiful ❤️","2025-09-16T13:56:23.000Z","houzzngarden","https://scontent.cdninstagram.com/v/t51.2885-19/349352277_778817043641254_6032499472131354566_n.jpg?stp=dst-jpg_s150x150_tt6&_nc_cat=1&ccb=7-5&_nc_sid=f7ccc5&efg=eyJ2ZW5jb2RlX3RhZyI6InByb2ZpbGVfcGljLnd3dy4xMDgwLkMzIn0%3D&_nc_ohc=VBLrO0Bb0QUQ7kNvwElrI2N&_nc_oc=AdqKPyzIzK6vvw_klJyGI7tOXtMqwERtzLtG6TSrzmfpXhuJFzMcT1Pm06kYNfi0K9A&_nc_zt=24&_nc_ht=scontent.cdninstagram.com&_nc_ss=7ca8c&oh=00_Af8JsHti3LwjBpUA9IbPjotbPc46GU2firYluFwcM6IXiQ&oe=6A2B3255","https://www.instagram.com/p/DOiPjD9CStQ/"
"17998440605666433","Looks wonderful","2025-09-16T05:01:28.000Z","aashus.eatery","https://scontent.cdninstagram.com/v/t51.2885-19/125411452_130619525181627_5976231437758352073_n.jpg?stp=dst-jpg_s150x150_tt6&_nc_cat=103&ccb=7-5&_nc_sid=f7ccc5&efg=eyJ2ZW5jb2RlX3RhZyI6InByb2ZpbGVfcGljLnd3dy43MDQuQzMifQ%3D%3D&_nc_ohc=SrsVi3_yTNoQ7kNvwFvpcfF&_nc_oc=AdrSV2iSN9G-RSkspfSm8Cfbmo1LOWj39GXdFiRNxKe1C5MELJHY-TwdEfPZShNrMTE&_nc_zt=24&_nc_ht=scontent.cdninstagram.com&_nc_ss=7ca8c&oh=00_Af-ry6dyQbk1CtaE6j0gf7zmFciIUnbJWx4cO-ZQE_oNGw&oe=6A2B3DDE","https://www.instagram.com/p/DOiPjD9CStQ/"
"18064561088199141","Thats so pretty 🔥🔥🔥","2025-09-16T04:37:01.000Z","thefoodiesarena","https://scontent.cdninstagram.com/v/t51.2885-19/117169815_3426521374065192_4915572578108459099_n.jpg?stp=dst-jpg_s150x150_tt6&_nc_cat=110&ccb=7-5&_nc_sid=f7ccc5&efg=eyJ2ZW5jb2RlX3RhZyI6InByb2ZpbGVfcGljLnd3dy4xMDgwLkMzIn0%3D&_nc_ohc=RcsbaUmomHoQ7kNvwGUDPda&_nc_oc=AdpdAHnR9QoJQqCPN2sDBk-4nBL18FWJHoT4LT4wH1uU9q_w1FmbH703ykaQzKUYhNY&_nc_zt=24&_nc_ht=scontent.cdninstagram.com&_nc_ss=7ca8c&oh=00_Af_tmxvnZpWwGMQ34QnWLBgGcZX5cQcs0iPWvNShSJ0afA&oe=6A2B4169","https://www.instagram.com/p/DOiPjD9CStQ/"
"18134730190444419","❤️❤️❤️❤️","2025-09-16T04:11:24.000Z","conscious_vegan","https://scontent.cdninstagram.com/v/t51.82787-19/573449175_18088754900506187_2628404586960135596_n.jpg?stp=dst-jpg_s150x150_tt6&_nc_cat=110&ccb=7-5&_nc_sid=f7ccc5&efg=eyJ2ZW5jb2RlX3RhZyI6InByb2ZpbGVfcGljLnd3dy4xMDgwLkMzIn0%3D&_nc_ohc=dluNbJpIfRoQ7kNvwHogPE5&_nc_oc=AdrG1tHJQXbrszMu1gt3BjxjaS1s7b1Y5sl1SCZIug38kh2LhZ5OCdBo3Rc_hZs22rc&_nc_zt=24&_nc_ht=scontent.cdninstagram.com&_nc_gid=6XfQWxdYcpIJTP98xeTllQ&_nc_ss=7ca8c&oh=00_Af_xwZJE05hP3g9IlU0WbLastsTgmi37rN8vPshT0tna7g&oe=6A2B1B5F","https://www.instagram.com/p/DOiPjD9CStQ/"
"18095311858590824","😍beautiful","2025-09-15T20:02:24.000Z","arshi_makeover_77","https://scontent.cdninstagram.com/v/t51.2885-19/487996216_1739945096688749_9090497985263173760_n.jpg?stp=dst-jpg_s150x150_tt6&_nc_cat=106&ccb=7-5&_nc_sid=f7ccc5&efg=eyJ2ZW5jb2RlX3RhZyI6InByb2ZpbGVfcGljLnd3dy4xMDgwLkMzIn0%3D&_nc_ohc=7DekITuNTHIQ7kNvwGJc2L4&_nc_oc=AdqHSccsmxyb_N37AreN0Nn4n5x1B8g25DvW0R5g6_2R3_RpcJcqXB9ClSdz9EHkgN4&_nc_zt=24&_nc_ht=scontent.cdninstagram.com&_nc_ss=7ca8c&oh=00_Af_xN9B_6Oz_XsjLg7X3H6sLu-l-ZttC2FXsq__6geiTyw&oe=6A2B3332","https://www.instagram.com/p/DOiPjD9CStQ/"
"18101034418719220","Beautiful ❤️","2025-09-15T17:39:19.000Z","content_by_apoorva","https://scontent.cdninstagram.com/v/t51.75761-19/503645705_17846040270508031_7020743421612713275_n.jpg?stp=dst-jpg_s150x150_tt6&_nc_cat=110&ccb=7-5&_nc_sid=f7ccc5&efg=eyJ2ZW5jb2RlX3RhZyI6InByb2ZpbGVfcGljLnd3dy4xMDgwLkMzIn0%3D&_nc_ohc=1coxsn5zPf8Q7kNvwHIMkEg&_nc_oc=AdrVtyZuuWi6BxNTYRvFfQIM5LFQvAXDgDB97cnmAPsG6UKOvFpg3y5NTrmLMfbwQVc&_nc_zt=24&_nc_ht=scontent.cdninstagram.com&_nc_gid=6XfQWxdYcpIJTP98xeTllQ&_nc_ss=7ca8c&oh=00_Af9p3kYCiSoV9DkuQo3J1A4k9jYQ4ugtVvdGIeYeIH0lOA&oe=6A2B2B42","https://www.instagram.com/p/DOiPjD9CStQ/"
"17865854289453534","Pretty ❤️","2025-09-15T17:02:58.000Z","ramna.homerhythm","https://scontent.cdninstagram.com/v/t51.82787-19/563949062_18295835389282546_4590835605554589771_n.jpg?stp=dst-jpg_s150x150_tt6&_nc_cat=111&ccb=7-5&_nc_sid=f7ccc5&efg=eyJ2ZW5jb2RlX3RhZyI6InByb2ZpbGVfcGljLnd3dy4xMDgwLkMzIn0%3D&_nc_ohc=V0Hxc6YGmzAQ7kNvwGt8cuB&_nc_oc=AdrW3hrApWnl7l4b8G_INM28gTs2k0cYA7rzzzmw39lMzPqkLRA-j7dD5PaolIjQDUI&_nc_zt=24&_nc_ht=scontent.cdninstagram.com&_nc_gid=6XfQWxdYcpIJTP98xeTllQ&_nc_ss=7ca8c&oh=00_Af_IU_-fvS8EcQGvxiylttDHdZtamrcos8Y4cB_nkXeuOQ&oe=6A2B188C","https://www.instagram.com/p/DOiPjD9CStQ/"
"17943220553920151","Superb 😍","2025-09-15T16:13:44.000Z","_paromita_d","https://scontent.cdninstagram.com/v/t51.82787-19/703571558_18591740236000287_2630627147481290581_n.jpg?stp=dst-jpg_s150x150_tt6&_nc_cat=103&ccb=7-5&_nc_sid=f7ccc5&_nc_aid=0&efg=eyJ2ZW5jb2RlX3RhZyI6InByb2ZpbGVfcGljLnd3dy4xMDgwLkMzIn0%3D&_nc_ohc=amErxV4CZg4Q7kNvwGAosYG&_nc_oc=AdoPUT3Ptw-2eSS20i0VzzWD1dlSw8rymaGd8wDY4wXxNwQq__0rXha7WXFWqomcgEU&_nc_zt=24&_nc_ht=scontent.cdninstagram.com&_nc_gid=6XfQWxdYcpIJTP98xeTllQ&_nc_ss=7ca8c&oh=00_Af8WlZHZOa_J4eTe2LZM5LoOYwRYHytHhL33mVz2srhyQw&oe=6A2B4169","https://www.instagram.com/p/DOiPjD9CStQ/"
"17983005992887993","Beautiful ❤️","2025-09-15T14:45:32.000Z","saraaaaahhhhhhh_h","https://scontent.cdninstagram.com/v/t51.82787-19/658175766_18352168357239847_8179989880838873139_n.jpg?stp=dst-jpg_s150x150_tt6&_nc_cat=101&ccb=7-5&_nc_sid=f7ccc5&efg=eyJ2ZW5jb2RlX3RhZyI6InByb2ZpbGVfcGljLnd3dy4xMDgwLkMzIn0%3D&_nc_ohc=W3QAT882ID4Q7kNvwHWhAwK&_nc_oc=Ado0zSh3Vm_b-APY0PSlr6SJ1Aa4X2FvhO3FjxZkVHc3zv1Ly1Brm2DT17uI2TFscoU&_nc_zt=24&_nc_ht=scontent.cdninstagram.com&_nc_gid=6XfQWxdYcpIJTP98xeTllQ&_nc_ss=7ca8c&oh=00_Af-Ya69D0Wx59-SVTisvlxiD1VJNgEK3HVrSI8nSpXgNtg&oe=6A2B2714","https://www.instagram.com/p/DOiPjD9CStQ/"
"17948182689014931","Prompt?","2025-09-15T07:56:16.000Z","swt_lil_girl","https://scontent.cdninstagram.com/v/t51.2885-19/82476237_880044515787802_567059876346331136_n.jpg?stp=dst-jpg_s150x150_tt6&_nc_cat=103&ccb=7-5&_nc_sid=f7ccc5&efg=eyJ2ZW5jb2RlX3RhZyI6InByb2ZpbGVfcGljLnd3dy40MjQuQzMifQ%3D%3D&_nc_ohc=aJcJGhpicdQQ7kNvwFrV6o_&_nc_oc=Adpf6_-sZepg3rN4Km3rNw_XYlbsrxC52KBQszBRe5xb-7GPuVJUafFXOA0RgkBXf3M&_nc_zt=24&_nc_ht=scontent.cdninstagram.com&_nc_ss=7ca8c&oh=00_Af9EOxtkgS5Jbt_qJg-JnUr3G0k1jQdgx1O-nTLk40KG2w&oe=6A2B49FA","https://www.instagram.com/p/DOiPjD9CStQ/"
"17918688225083605","wow! I love it! I love her dirty soles! 😍","2025-11-01T20:43:39.000Z","larsvaahlmar1397","https://scontent.cdninstagram.com/v/t51.2885-19/53352903_392685257955384_5876983340879314944_n.jpg?stp=dst-jpg_s150x150_tt6&_nc_cat=106&ccb=7-5&_nc_sid=f7ccc5&efg=eyJ2ZW5jb2RlX3RhZyI6InByb2ZpbGVfcGljLnd3dy45MzkuQzMifQ%3D%3D&_nc_ohc=PcWYELuT3nUQ7kNvwGX05UP&_nc_oc=AdpIV5w8PE2zFbz0asVtJWX7kF0Rz70jKOu6Q2ioIBwMd4gMaXuHDwCYPhWPa9VhlhM&_nc_zt=24&_nc_ht=scontent.cdninstagram.com&_nc_ss=72a8c&oh=00_Af-fZRIwD76PxkSolAO_xQLjc_y1q2Z-PtVd8YlM0IOIfQ&oe=6A2B4499","https://www.instagram.com/p/DQhOqEEDZvd/"
"17842859844607033","Superbe","2025-11-01T15:57:29.000Z","barefootseb2","https://scontent.cdninstagram.com/v/t51.2885-19/402629535_903012114562922_5828082234064024284_n.jpg?stp=dst-jpg_s150x150_tt6&_nc_cat=107&ccb=7-5&_nc_sid=f7ccc5&efg=eyJ2ZW5jb2RlX3RhZyI6InByb2ZpbGVfcGljLnd3dy4xMDgwLkMzIn0%3D&_nc_ohc=owL39FNZ0d0Q7kNvwGxyGjg&_nc_oc=AdqiR44yu59CCxS6caq3HXovdHXsLohanNt35N4FqrXrXi6mZxnILwaY0CkiA05d5PA&_nc_zt=24&_nc_ht=scontent.cdninstagram.com&_nc_ss=72a8c&oh=00_Af_rSst-j2Hvo8QetjjM7B5IXGoHHZRifhLoc1hlnrIvYg&oe=6A2B21CA","https://www.instagram.com/p/DQhOqEEDZvd/"
"17930237157273624","Wow, love it 😍","2026-05-20T06:27:35.000Z","valouria.art","https://scontent-lax3-2.cdninstagram.com/v/t51.82787-19/706188287_18035484305646265_5037330175722362922_n.jpg?stp=dst-jpg_s150x150_tt6&_nc_cat=103&ccb=7-5&_nc_sid=f7ccc5&efg=eyJ2ZW5jb2RlX3RhZyI6InByb2ZpbGVfcGljLnd3dy4xMDI0LkMzIn0%3D&_nc_ohc=GV7UtArfK7kQ7kNvwFRxleZ&_nc_oc=AdpeuWV8tKfblorjOFtrvRO-glaAYzLidLas2hCSa7juhbDDgUzzlz4uIYuyUs9t-QQ&_nc_zt=24&_nc_ht=scontent-lax3-2.cdninstagram.com&_nc_gid=X0MwEu9I2Ihdysu8jV5wug&_nc_ss=72a8c&oh=00_Af92A9o-DZs8BAd4dIWmVTSpHYrHnTsa9JFaubuYMB9nUw&oe=6A2B4131","https://www.instagram.com/p/DYh1cVBqKi6/"
"18115157956877468","Absolutely stunning 🩵💙🩵💙🩵","2026-05-19T19:49:26.000Z","proxima_pictures","https://scontent-lax3-1.cdninstagram.com/v/t51.2885-19/378611914_579179814257495_4476102927813080892_n.jpg?stp=dst-jpg_s150x150_tt6&_nc_cat=109&ccb=7-5&_nc_sid=f7ccc5&efg=eyJ2ZW5jb2RlX3RhZyI6InByb2ZpbGVfcGljLnd3dy43NzQuQzMifQ%3D%3D&_nc_ohc=VdZYMeo1UkoQ7kNvwENL5Nj&_nc_oc=AdqnAU0MiNI3DEysZcs92XRrB0s0YZDDrkX9DHM0wwfArLN3rFLzc14XZRa5GkslwHI&_nc_zt=24&_nc_ht=scontent-lax3-1.cdninstagram.com&_nc_ss=72a8c&oh=00_Af9NQ7kZWdKhn-JJF7my8AviSRzzjYJNJrph6ntflymjjg&oe=6A2B266B","https://www.instagram.com/p/DYh1cVBqKi6/"
"18117561916687590","Gorgeous 😍🔥😍💙","2026-05-19T18:42:17.000Z","proxima_pictures_art","https://scontent-lax3-2.cdninstagram.com/v/t51.75761-19/480145945_18314355034200864_4311859948739308727_n.jpg?stp=dst-jpg_s150x150_tt6&_nc_cat=111&ccb=7-5&_nc_sid=f7ccc5&efg=eyJ2ZW5jb2RlX3RhZyI6InByb2ZpbGVfcGljLnd3dy45MTIuQzMifQ%3D%3D&_nc_ohc=13RK2ev5nSQQ7kNvwHqTRIJ&_nc_oc=AdrTZr0kjfu2Q32QgdUcESYUbYvkdGCFfJumFnv-6QK0X91lkg5vzDF55O7hofmyE_E&_nc_zt=24&_nc_ht=scontent-lax3-2.cdninstagram.com&_nc_gid=X0MwEu9I2Ihdysu8jV5wug&_nc_ss=72a8c&oh=00_Af89WTqyd0whH4YohNXKEHin9dpz-rMg284JcW-vcmUO-g&oe=6A2B4748","https://www.instagram.com/p/DYh1cVBqKi6/"
"17891099988483379","👏👏🔥","2026-06-07T07:54:11.000Z","cozyworlddiaries_ai","https://scontent-iad6-1.cdninstagram.com/v/t51.82787-19/542544434_17973607412923345_3890931552595078637_n.jpg?stp=dst-jpg_s150x150_tt6&_nc_cat=100&ccb=7-5&_nc_sid=f7ccc5&efg=eyJ2ZW5jb2RlX3RhZyI6InByb2ZpbGVfcGljLnd3dy44MDAuQzMifQ%3D%3D&_nc_ohc=9XNfrNNCLr8Q7kNvwEOJcir&_nc_oc=AdqLhuiaUKHwCpG96G8oaYxT1vP4NTdnjFec-vYCg6pgjJRDf_mD-tW4p5YibdC3cyY&_nc_zt=24&_nc_ht=scontent-iad6-1.cdninstagram.com&_nc_gid=pcuiohAnrnifB11kAG9Enw&_nc_ss=72a8c&oh=00_Af8g-71-Ayks8yBgj278AdNotR7-SofuiTkJ3Dfai6ImCA&oe=6A2B3815","https://www.instagram.com/p/DY896UtCHtP/"
"18051404678760441","🙌🙌✨👏💖👏","2026-06-04T16:16:15.000Z","artemisjoya81","https://scontent-iad3-1.cdninstagram.com/v/t51.2885-19/480951699_1193753245461026_456660003618828415_n.jpg?stp=dst-jpg_s150x150_tt6&_nc_cat=110&ccb=7-5&_nc_sid=f7ccc5&efg=eyJ2ZW5jb2RlX3RhZyI6InByb2ZpbGVfcGljLnd3dy4xMDgwLkMzIn0%3D&_nc_ohc=B4D-W2hQfhEQ7kNvwGY0Qa4&_nc_oc=AdrENMRvf0uP1fD07Lz9iqZSIVUOSjHR2XHkADGeceQgkpbfTWftrGSxO5c789JGAIk&_nc_zt=24&_nc_ht=scontent-iad3-1.cdninstagram.com&_nc_ss=72a8c&oh=00_Af8R0_SYVYEGRwOGDYJxr1Equ3ixnYBZXNtSo5XAIsRlzg&oe=6A2B17BA","https://www.instagram.com/p/DY896UtCHtP/"
"18084453383420058","🕊🤍🖤🤍☯️🤍🖤🕊","2026-06-01T13:42:29.000Z","elahe963666","https://scontent-iad3-1.cdninstagram.com/v/t51.75761-19/497864626_17975826782842558_8038024102331768226_n.jpg?stp=dst-jpg_s150x150_tt6&_nc_cat=101&ccb=7-5&_nc_sid=f7ccc5&efg=eyJ2ZW5jb2RlX3RhZyI6InByb2ZpbGVfcGljLnd3dy4xMDc5LkMzIn0%3D&_nc_ohc=JYU9IZCXYrYQ7kNvwGdwWUo&_nc_oc=Adqn_rvleXX2UBppSkjmCNtucmZk-pFt1w4NQgBVKSucQntJp1maBUEey7BAOT1kRP8&_nc_zt=24&_nc_ht=scontent-iad3-1.cdninstagram.com&_nc_gid=pcuiohAnrnifB11kAG9Enw&_nc_ss=72a8c&oh=00_Af9UPXDnVsGuFeSf2uBFMf2I1UueGqIJ1nTYYbm1Nw2GoA&oe=6A2B3563","https://www.instagram.com/p/DY896UtCHtP/"
"18111251509906183","❤️❤️","2026-05-31T18:29:38.000Z","stella.ai.vip","https://scontent-iad3-2.cdninstagram.com/v/t51.82787-19/703001399_17873316822610467_8444388263682715456_n.jpg?stp=dst-jpg_s150x150_tt6&_nc_cat=105&ccb=7-5&_nc_sid=f7ccc5&efg=eyJ2ZW5jb2RlX3RhZyI6InByb2ZpbGVfcGljLnd3dy4xMDgwLkMzIn0%3D&_nc_ohc=ejADAqGIL3gQ7kNvwH4pTvy&_nc_oc=Adq2c6e0B4M6TdsDv2GwmnKMrObWeFOtpAe9OdQ19liqfh54Mp_ER-p7voPWucwT-xc&_nc_zt=24&_nc_ht=scontent-iad3-2.cdninstagram.com&_nc_gid=pcuiohAnrnifB11kAG9Enw&_nc_ss=72a8c&oh=00_Af-VBkdUtxRupNEGhJxgJ6bTmU7JkMcqxeRZ9AkrogfM7Q&oe=6A2B2B8F","https://www.instagram.com/p/DY896UtCHtP/"
"18130649248578849","Fantastic set my dear 😍😍😍🔥🔥🔥","2026-05-31T12:48:52.000Z","lanschman","https://scontent-iad6-1.cdninstagram.com/v/t51.2885-19/487428151_3676888655943855_4830266268056781385_n.jpg?stp=dst-jpg_s150x150_tt6&_nc_cat=100&ccb=7-5&_nc_sid=f7ccc5&efg=eyJ2ZW5jb2RlX3RhZyI6InByb2ZpbGVfcGljLnd3dy4xMDI0LkMzIn0%3D&_nc_ohc=OzgKT0ESUr8Q7kNvwHgymew&_nc_oc=AdrEnotjqSTLRvfq3L_6roxo6mNBiFpq9WKgsXsvVKBlMBaeRw8hfDW1-h6hA1CNsZA&_nc_zt=24&_nc_ht=scontent-iad6-1.cdninstagram.com&_nc_ss=72a8c&oh=00_Af8wtCAJdC5WHrlgDg6ituFRSPgS2EBy-d4GaXx9C1plWw&oe=6A2B49F3","https://www.instagram.com/p/DY896UtCHtP/"
"18203691793343490","✨🖤🤍✨ Two reflections of the same destiny. The contrast, the symmetry, and the emotion between them are simply mesmerizing.","2026-05-31T04:41:55.000Z","nita_aiart","https://scontent-iad3-2.cdninstagram.com/v/t51.82787-19/581995958_17919058458200945_4700972223961919056_n.jpg?stp=dst-jpg_s150x150_tt6&_nc_cat=105&ccb=7-5&_nc_sid=f7ccc5&efg=eyJ2ZW5jb2RlX3RhZyI6InByb2ZpbGVfcGljLnd3dy4xMDI0LkMzIn0%3D&_nc_ohc=IbZfbBB-KNMQ7kNvwGlkg9F&_nc_oc=AdrbHEeOhZNQnzpVm6Xd8-1JagrzNX62dZyzymT2aP3JqMqSF8qRUXCvsOEma-OKxbQ&_nc_zt=24&_nc_ht=scontent-iad3-2.cdninstagram.com&_nc_gid=pcuiohAnrnifB11kAG9Enw&_nc_ss=72a8c&oh=00_Af9okut-1ny8xMEpB3DU9epUxxq17zfG6Mx5SMDJdfOsBw&oe=6A2B27FE","https://www.instagram.com/p/DY896UtCHtP/"
"18138614224546351","🔥🔥👏😍","2026-05-31T04:39:28.000Z","whirlwind_of_activity","https://scontent-iad3-1.cdninstagram.com/v/t51.2885-19/466503061_903048731963285_7401955545297202555_n.jpg?stp=dst-jpg_s150x150_tt6&_nc_cat=101&ccb=7-5&_nc_sid=f7ccc5&efg=eyJ2ZW5jb2RlX3RhZyI6InByb2ZpbGVfcGljLnd3dy4xMDgwLkMzIn0%3D&_nc_ohc=IbWV4L2GJzQQ7kNvwHluUOi&_nc_oc=AdotgFgmfaU80YRCSluUQefHQETLPLQEQLHZqLc85c75abhByL0gCICOAw3z_ORZpRw&_nc_zt=24&_nc_ht=scontent-iad3-1.cdninstagram.com&_nc_ss=72a8c&oh=00_Af8aZXfm4gwC39aLCGTAOv04OgQhD6u3t8qf4TLGYtKWqg&oe=6A2B3B99","https://www.instagram.com/p/DY896UtCHtP/"
"18172551733417744","<.●○.>","2026-05-31T00:02:19.000Z","e_m_r_a_n_2500","https://scontent-iad3-2.cdninstagram.com/v/t51.82787-19/717129274_18089375495580756_4944791940746163168_n.jpg?stp=dst-jpg_s150x150_tt6&_nc_cat=105&ccb=7-5&_nc_sid=f7ccc5&efg=eyJ2ZW5jb2RlX3RhZyI6InByb2ZpbGVfcGljLnd3dy4xMDgwLkMzIn0%3D&_nc_ohc=uzLBNPqGWkAQ7kNvwEP1pvl&_nc_oc=Ado60iyaBQy3KLdAzIYPgJYGSfR336-RkiFff7RRxgUXJ9vH7QO9Xex2c0WBd0bLHiw&_nc_zt=24&_nc_ht=scontent-iad3-2.cdninstagram.com&_nc_gid=pcuiohAnrnifB11kAG9Enw&_nc_ss=72a8c&oh=00_Af_863NhSyfcGe4WXpbRoFss7bTiAqO3AoK6adrCMANAQw&oe=6A2B4D85","https://www.instagram.com/p/DY896UtCHtP/"
"18101806217049423","Wow! Truly stunning ❤️❤️❤️❤️❤️","2026-05-30T19:27:50.000Z","hullabaloo221","https://scontent-iad6-1.cdninstagram.com/v/t51.2885-19/446459263_1192581288567069_702378834875539368_n.jpg?stp=dst-jpg_s150x150_tt6&_nc_cat=106&ccb=7-5&_nc_sid=f7ccc5&efg=eyJ2ZW5jb2RlX3RhZyI6InByb2ZpbGVfcGljLnd3dy4xMDI0LkMzIn0%3D&_nc_ohc=LqtJx1tmRxYQ7kNvwFxZqSx&_nc_oc=AdobF4-alGNloi0H-SjZ8a1g2aSUHkNLeGThgzsHAcUJCeKqw4x1fuPRH6WrxBEfTBc&_nc_zt=24&_nc_ht=scontent-iad6-1.cdninstagram.com&_nc_ss=72a8c&oh=00_Af_9NUjuqaLnI3KTIEm-TE8UZylpm76f_KnMa9_i9CYzjA&oe=6A2B1912","https://www.instagram.com/p/DY896UtCHtP/"
"17942096805037363","Stunning 🥰😍🥰🥰🥰🥰🥰","2026-05-30T19:02:11.000Z","beautiful_tulip06","https://scontent-iad6-1.cdninstagram.com/v/t51.82787-19/685367645_17925866370311765_3523504292342018163_n.jpg?stp=dst-jpg_s150x150_tt6&_nc_cat=109&ccb=7-5&_nc_sid=f7ccc5&efg=eyJ2ZW5jb2RlX3RhZyI6InByb2ZpbGVfcGljLnd3dy4xMDgwLkMzIn0%3D&_nc_ohc=Zkm_0zZmk5YQ7kNvwFN3Wr8&_nc_oc=AdpgpW-rXX91v8w8KX0xhi7_qFc9Y59uNQuAtIKIaNjc1R59E2rXYydfB9YVr8iA7Ps&_nc_zt=24&_nc_ht=scontent-iad6-1.cdninstagram.com&_nc_gid=pcuiohAnrnifB11kAG9Enw&_nc_ss=72a8c&oh=00_Af_EzfpdKFu0JuAg5FzULklalAeoRNpZ5nntbQBHXhzluA&oe=6A2B1C71","https://www.instagram.com/p/DY896UtCHtP/"
"17892817386351249","🔥🙌great🙌🔥","2026-05-30T17:19:39.000Z","aipixelplex2.0","https://scontent-iad3-2.cdninstagram.com/v/t51.82787-19/628053578_17848521540672677_3791521693271188033_n.jpg?stp=dst-jpg_s150x150_tt6&_nc_cat=111&ccb=7-5&_nc_sid=f7ccc5&efg=eyJ2ZW5jb2RlX3RhZyI6InByb2ZpbGVfcGljLnd3dy4xMDgwLkMzIn0%3D&_nc_ohc=2jQ8X4ukousQ7kNvwFy-U8z&_nc_oc=Adr0bED7WAgAOLtZLAGGVHpfvrplfWMMImbybJN6ADKGNkWy1wE1cA3-ppyBgGCzvhs&_nc_zt=24&_nc_ht=scontent-iad3-2.cdninstagram.com&_nc_gid=pcuiohAnrnifB11kAG9Enw&_nc_ss=72a8c&oh=00_Af9JNT2xtMCjlJE4GjFTf5QfJTEv5Q4Y9qVFiO1aJ-rtYA&oe=6A2B30E3","https://www.instagram.com/p/DY896UtCHtP/"
"18116831881693641","","2026-05-30T16:16:45.000Z","_talesofcreepyai_","https://scontent-iad6-1.cdninstagram.com/v/t51.2885-19/480895364_1318349469407984_2022900856324045375_n.jpg?stp=dst-jpg_s150x150_tt6&_nc_cat=102&ccb=7-5&_nc_sid=f7ccc5&efg=eyJ2ZW5jb2RlX3RhZyI6InByb2ZpbGVfcGljLnd3dy4xMDgwLkMzIn0%3D&_nc_ohc=CQGkOY8bmeIQ7kNvwFX5Y3k&_nc_oc=AdohTqT99-7v5biD4sxLsCZFwgo2E1cwKBQRqGx1ItPXoIUwkXHPuD83F1InOjKAUeA&_nc_zt=24&_nc_ht=scontent-iad6-1.cdninstagram.com&_nc_ss=72a8c&oh=00_Af-ghIZtYwIrJM-GLaiF8L5hgqdXQkyWMFSdC3RHf9RFkA&oe=6A2B49DB","https://www.instagram.com/p/DY896UtCHtP/"
"18113614705861675","😍😍😍😍🔥","2026-05-30T15:59:52.000Z","nox.moonlit","https://scontent-iad3-1.cdninstagram.com/v/t51.82787-19/642481193_18452626258103855_5725827894809777137_n.jpg?stp=dst-jpg_s150x150_tt6&_nc_cat=104&ccb=7-5&_nc_sid=f7ccc5&efg=eyJ2ZW5jb2RlX3RhZyI6InByb2ZpbGVfcGljLnd3dy44NDYuQzMifQ%3D%3D&_nc_ohc=kwrMli12xJ8Q7kNvwHWFZJN&_nc_oc=AdrbjPujaoU0S87XRy0p5Aq-NyG1cxI7JycNzYda3XT4IRZlTaPZBps48S8yuIPVi4c&_nc_zt=24&_nc_ht=scontent-iad3-1.cdninstagram.com&_nc_gid=pcuiohAnrnifB11kAG9Enw&_nc_ss=72a8c&oh=00_Af-SVGAKPWuvs_RyoQ2PqbPGSh9EzFAkj8KP56c0b8TdFw&oe=6A2B4506","https://www.instagram.com/p/DY896UtCHtP/"
"17955555960154121","❤️❤️❤️","2026-05-30T14:41:22.000Z","thebitracer","https://scontent-iad3-1.cdninstagram.com/v/t51.82787-19/629747830_17998553720883535_8109787690546446172_n.jpg?stp=dst-jpg_s150x150_tt6&_nc_cat=104&ccb=7-5&_nc_sid=f7ccc5&efg=eyJ2ZW5jb2RlX3RhZyI6InByb2ZpbGVfcGljLnd3dy4xMDgwLkMzIn0%3D&_nc_ohc=PwPNgYDuvQgQ7kNvwEaX9T0&_nc_oc=Adr90ZuyOiBLxNfIVQMUP9VIervP_vyslq6uGaxdwlqNCDD-o59246e4Eatuf6S_mgo&_nc_zt=24&_nc_ht=scontent-iad3-1.cdninstagram.com&_nc_gid=pcuiohAnrnifB11kAG9Enw&_nc_ss=72a8c&oh=00_Af_Jb5hFDed0O1OaIlTwNBFsP-u8-d_eP_HKVNLz4v5kcg&oe=6A2B3673","https://www.instagram.com/p/DY896UtCHtP/"
"18169937119419828","Géminis 😍","2026-05-30T13:48:20.000Z","artemisa.999","https://scontent-iad3-1.cdninstagram.com/v/t51.82787-19/659073829_18411537124131289_6473656853961706651_n.jpg?stp=dst-jpg_s150x150_tt6&_nc_cat=101&ccb=7-5&_nc_sid=f7ccc5&efg=eyJ2ZW5jb2RlX3RhZyI6InByb2ZpbGVfcGljLnd3dy45OTQuQzMifQ%3D%3D&_nc_ohc=ehMDJ-aNX2AQ7kNvwEISzs0&_nc_oc=AdrYUYWGB3aiUx5wQkWPrXlJrt10b5lq5g2lXdq2YDAmyjyfJoy783CDCSOmrjP0KOA&_nc_zt=24&_nc_ht=scontent-iad3-1.cdninstagram.com&_nc_gid=pcuiohAnrnifB11kAG9Enw&_nc_ss=72a8c&oh=00_Af8bNE4Yn1D_hNqhdtKm8Eq-BV87PZNMeOXmqErOHtAa6g&oe=6A2B2E7D","https://www.instagram.com/p/DY896UtCHtP/"
"18326860444254011","🙌wow 👍","2026-05-29T17:21:28.000Z","ciaofernweh365","https://scontent-iad6-1.cdninstagram.com/v/t51.82787-19/708987159_18100292518877045_1441205230066018618_n.jpg?stp=dst-jpg_s150x150_tt6&_nc_cat=107&ccb=7-5&_nc_sid=f7ccc5&efg=eyJ2ZW5jb2RlX3RhZyI6InByb2ZpbGVfcGljLnd3dy4xMDgwLkMzIn0%3D&_nc_ohc=7a_WjIyYebgQ7kNvwEbQAju&_nc_oc=Adonu5C0e9FWwRLcfvSQ0mh_Cm_apjXs2Uks1hyJTlkKT3FGSuJ7PumbbpeXfTakASw&_nc_zt=24&_nc_ht=scontent-iad6-1.cdninstagram.com&_nc_gid=mJTR3-_5uEpPjGQHPE1f2w&_nc_ss=72689&oh=00_Af-S2t-_-HO7RQf_7-gkawLDsAMElnGWDz4aoZG8cHTb0A&oe=6A2B3D1F","https://www.instagram.com/p/DV9PQfHiFpp/"
"18002189975928164","@suite.gonzaga #italy #sicily #messina ❤️","2026-05-29T09:02:09.000Z","suite.gonzaga","https://scontent-iad6-1.cdninstagram.com/v/t51.82787-19/551168542_17844775734574780_2219528768009480952_n.jpg?stp=dst-jpg_s150x150_tt6&_nc_cat=102&ccb=7-5&_nc_sid=f7ccc5&efg=eyJ2ZW5jb2RlX3RhZyI6InByb2ZpbGVfcGljLnd3dy4xMDgwLkMzIn0%3D&_nc_ohc=PPR0mhbJgh8Q7kNvwGGlyHN&_nc_oc=AdrIQQwwBtjdNRUZKERvBd3NomA6_9PvuVcivTAtQ9xtRUvow1hQmkVL1wh2iE6Mi28&_nc_zt=24&_nc_ht=scontent-iad6-1.cdninstagram.com&_nc_gid=mJTR3-_5uEpPjGQHPE1f2w&_nc_ss=72689&oh=00_Af_aMflXvmhe6tWEozBdikXogkZO-dR7UyPtpMSst9srJg&oe=6A2B2928","https://www.instagram.com/p/DV9PQfHiFpp/"
"17926353864322152","👏👏👏spettacolare 🔝🔝","2026-05-17T05:08:48.000Z","mary_valiaflorence","https://scontent-iad3-2.cdninstagram.com/v/t51.2885-19/364993049_1302938740615373_2421567651368110945_n.jpg?stp=dst-jpg_s150x150_tt6&_nc_cat=105&ccb=7-5&_nc_sid=f7ccc5&efg=eyJ2ZW5jb2RlX3RhZyI6InByb2ZpbGVfcGljLnd3dy4xMDQyLkMzIn0%3D&_nc_ohc=wFW8rU57KvkQ7kNvwHf9RHb&_nc_oc=AdrwnsUrpuqUsUXFc4c0KXUPuzi-smSWvytKUmw-Dc2-ggCI24CvrWXQL9upq2nxrGo&_nc_zt=24&_nc_ht=scontent-iad3-2.cdninstagram.com&_nc_ss=72689&oh=00_Af_aiydxJlWjkRv9kNL0DVQ_w3RZSpc6moNHIR5EPwk94g&oe=6A2B3790","https://www.instagram.com/p/DV9PQfHiFpp/"
"17900197119281760","😮wow","2026-05-15T14:39:03.000Z","tony_vet","https://scontent-iad3-1.cdninstagram.com/v/t51.82787-19/683889259_18574662847019529_5664324467967190501_n.jpg?stp=dst-jpg_s150x150_tt6&_nc_cat=108&ccb=7-5&_nc_sid=f7ccc5&efg=eyJ2ZW5jb2RlX3RhZyI6InByb2ZpbGVfcGljLnd3dy45ODYuQzMifQ%3D%3D&_nc_ohc=dv7nlt62_qIQ7kNvwGaVj4t&_nc_oc=AdpfjxmtsxXa84gUser4Jqnq8Z7v4mHu7-XgNqTd0L5X0RNfqbX3ZXELMVM2RBJ7IfM&_nc_zt=24&_nc_ht=scontent-iad3-1.cdninstagram.com&_nc_gid=mJTR3-_5uEpPjGQHPE1f2w&_nc_ss=72689&oh=00_Af8p6DYjRB9DYjY3uLyvtHdxIXF9go9XQ28D2Iltjt4gfA&oe=6A2B40D5","https://www.instagram.com/p/DV9PQfHiFpp/"
"17913671712383428","How gorgeous that view is❤️🔝🙌❤️","2026-05-15T14:31:45.000Z","lynnd2156","https://scontent-iad3-1.cdninstagram.com/v/t51.2885-19/67351338_932947757049384_8139659042550185984_n.jpg?stp=dst-jpg_s150x150_tt6&_nc_cat=104&ccb=7-5&_nc_sid=f7ccc5&efg=eyJ2ZW5jb2RlX3RhZyI6InByb2ZpbGVfcGljLnd3dy4xMDgwLkMzIn0%3D&_nc_ohc=G2TjXMkMNvoQ7kNvwExEMdO&_nc_oc=Adphe1I1qUyc6-eNPZH9RM2W3rC2LiOxrkQ--JhCJ0TrrSFDtJkF7yFMFUkqgHFNP3s&_nc_zt=24&_nc_ht=scontent-iad3-1.cdninstagram.com&_nc_ss=72689&oh=00_Af_sqUIXQ1KjKeOMnn75FDrRZ52ZpMXGzSuZaSwJpzENSA&oe=6A2B4A2A","https://www.instagram.com/p/DV9PQfHiFpp/"
"18376418500201704","Amazing 👏👏👏","2026-05-15T14:04:47.000Z","solry66","https://scontent-iad3-2.cdninstagram.com/v/t51.2885-19/250577672_305910901088222_5492092823742580527_n.jpg?stp=dst-jpg_s150x150_tt6&_nc_cat=105&ccb=7-5&_nc_sid=f7ccc5&efg=eyJ2ZW5jb2RlX3RhZyI6InByb2ZpbGVfcGljLnd3dy40OTguQzMifQ%3D%3D&_nc_ohc=wI4hFeP8KjIQ7kNvwEQdXWQ&_nc_oc=AdoQfEMXjFDi1Rit6QAY2OoDBRUb3FPFMvpfryEMxA_WDkAITvXOORdZhAiZb7nhx8w&_nc_zt=24&_nc_ht=scontent-iad3-2.cdninstagram.com&_nc_ss=72689&oh=00_Af9RGIOzSoTbKWPy_FCLK4p-PhHLMjq10OoOLdKfW2848A&oe=6A2B3C6F","https://www.instagram.com/p/DV9PQfHiFpp/"
"18062844362447962","Wonderful","2026-05-15T03:37:21.000Z","chandra_tondra","https://scontent-iad3-1.cdninstagram.com/v/t51.82787-19/693486930_18078268313445518_6210454257773958146_n.jpg?stp=dst-jpg_s150x150_tt6&_nc_cat=110&ccb=7-5&_nc_sid=f7ccc5&efg=eyJ2ZW5jb2RlX3RhZyI6InByb2ZpbGVfcGljLnd3dy4xMDgwLkMzIn0%3D&_nc_ohc=jLj0mb2c4HQQ7kNvwESFkNX&_nc_oc=Adqy7bKx59m3kwEkvQ4hf9YT24H8WUnkJo7h15pQ_fxvEmZ5LGfNhvzUPMrY-avGFVY&_nc_zt=24&_nc_ht=scontent-iad3-1.cdninstagram.com&_nc_gid=mJTR3-_5uEpPjGQHPE1f2w&_nc_ss=72689&oh=00_Af-ywuhVrFCJnNAmaZ5TNj-e1oOfo8b_wp9gzakt24oB2g&oe=6A2B266A","https://www.instagram.com/p/DV9PQfHiFpp/"
"17886069753547566","❤️","2026-05-14T23:05:02.000Z","taubedus.art","https://scontent-iad3-1.cdninstagram.com/v/t51.82787-19/689022259_18102424390894579_6130339059636530689_n.jpg?stp=dst-jpg_s150x150_tt6&_nc_cat=110&ccb=7-5&_nc_sid=f7ccc5&efg=eyJ2ZW5jb2RlX3RhZyI6InByb2ZpbGVfcGljLnd3dy4xMDgwLkMzIn0%3D&_nc_ohc=3BNju-zmx0sQ7kNvwF0zTQR&_nc_oc=AdpPARyyiblvcLv5LP3IYiHK5WiJoAcNiizX_m0rVYpCqguTifELBXEMZqpG6K4NNkA&_nc_zt=24&_nc_ht=scontent-iad3-1.cdninstagram.com&_nc_gid=mJTR3-_5uEpPjGQHPE1f2w&_nc_ss=72689&oh=00_Af-gI5q-egZ69rsrE3sGKX5WKKJSTRmj_g0X9iTiG-XC7Q&oe=6A2B1A11","https://www.instagram.com/p/DV9PQfHiFpp/"
"18120780994641900","Awesome","2026-05-13T17:48:18.000Z","monika.np1","https://scontent-iad3-2.cdninstagram.com/v/t51.2885-19/421798796_393518499883475_3910049520328067182_n.jpg?stp=dst-jpg_s150x150_tt6&_nc_cat=105&ccb=7-5&_nc_sid=f7ccc5&efg=eyJ2ZW5jb2RlX3RhZyI6InByb2ZpbGVfcGljLnd3dy4xMDgwLkMzIn0%3D&_nc_ohc=Oj37z24mvawQ7kNvwGPIN60&_nc_oc=AdoWv-OdQJ2dzpFRYL3ef8b_fB-EN61JlCv5jDKldnVNTSZWqmIvWxrmTwhO-fMzJW0&_nc_zt=24&_nc_ht=scontent-iad3-2.cdninstagram.com&_nc_ss=72689&oh=00_Af8n_MeLNAJV5ZCAXe-cYoF8b2DaVWavRmWAyfEumRYp_A&oe=6A2B4246","https://www.instagram.com/p/DV9PQfHiFpp/"
"18079931645402051","Foto stupenda 👏👏👏","2026-05-13T16:17:07.000Z","angelo_cangianiello","https://scontent-iad6-1.cdninstagram.com/v/t51.2885-19/240443829_895169397800422_5861440874359505014_n.jpg?stp=dst-jpg_s150x150_tt6&_nc_cat=109&ccb=7-5&_nc_sid=f7ccc5&efg=eyJ2ZW5jb2RlX3RhZyI6InByb2ZpbGVfcGljLnd3dy4xMDgwLkMzIn0%3D&_nc_ohc=k5yLKZqA21EQ7kNvwEYzlX2&_nc_oc=AdoR1zOF_UiATK3r7sxWoqfralaF-5ZjIj6fhc3pHikFYBZW4RCcg12aAHuMRhs4Hd0&_nc_zt=24&_nc_ht=scontent-iad6-1.cdninstagram.com&_nc_ss=72689&oh=00_Af_Pbu8_uMV1_Ulwb04RcBAHHf4O7D_442Fu3Xf1InTOJQ&oe=6A2B15F9","https://www.instagram.com/p/DV9PQfHiFpp/"
"18462613678128843","❤️❤️❤️","2026-05-13T08:51:42.000Z","olha.bjhg","https://scontent-iad3-1.cdninstagram.com/v/t51.75761-19/505128204_18365246374178229_6017939526825718071_n.jpg?stp=dst-jpg_s150x150_tt6&_nc_cat=101&ccb=7-5&_nc_sid=f7ccc5&efg=eyJ2ZW5jb2RlX3RhZyI6InByb2ZpbGVfcGljLnd3dy4xMDgwLkMzIn0%3D&_nc_ohc=L3bw09XRKDIQ7kNvwFnPnbx&_nc_oc=AdoemacTXgGP15eFAw3aGK4GmQPwe074cTCL6_-Jgc7-v_Yv51a0Nv9T-rTPpIH28Yg&_nc_zt=24&_nc_ht=scontent-iad3-1.cdninstagram.com&_nc_gid=mJTR3-_5uEpPjGQHPE1f2w&_nc_ss=72689&oh=00_Af9xObDvEqBodDf6LnR2twbrSplxQDMuuoV2F7N_2_EB2A&oe=6A2B2EDB","https://www.instagram.com/p/DV9PQfHiFpp/"
"18340522306170458","Awesome✨✨","2026-05-13T06:56:56.000Z","yolanda__simona","https://scontent-iad6-1.cdninstagram.com/v/t51.2885-19/456763951_757443109749130_8694065967936994851_n.jpg?stp=dst-jpg_s150x150_tt6&_nc_cat=102&ccb=7-5&_nc_sid=f7ccc5&efg=eyJ2ZW5jb2RlX3RhZyI6InByb2ZpbGVfcGljLnd3dy43NTAuQzMifQ%3D%3D&_nc_ohc=hTApWdYjGacQ7kNvwEPHnNR&_nc_oc=AdrGekkUCMkkRiHoARJozLkL94kDsw3SXWcKW6lvDpFzh0Ss3X7EXu3ZhBSsTiMhexQ&_nc_zt=24&_nc_ht=scontent-iad6-1.cdninstagram.com&_nc_ss=72689&oh=00_Af_V9u_utHnPwc1muST6yu3Ff9XvI1ubiW6vglAuL7Wwkg&oe=6A2B2BC7","https://www.instagram.com/p/DV9PQfHiFpp/"
"17914793190372232","💯💯💯📷😍😍😍","2026-05-12T19:54:11.000Z","8998_isa","https://scontent-iad6-1.cdninstagram.com/v/t51.2885-19/322508746_471790285129698_9171309287470521197_n.jpg?stp=dst-jpg_s150x150_tt6&_nc_cat=102&ccb=7-5&_nc_sid=f7ccc5&efg=eyJ2ZW5jb2RlX3RhZyI6InByb2ZpbGVfcGljLnd3dy4xMDgwLkMzIn0%3D&_nc_ohc=Sz-Nb-EWXwwQ7kNvwGWjFUh&_nc_oc=Ado_NXWpj6FlWSpgjjMDBq8NPrkFl6jq_kGUh1ri-5TN772BCk4eCw0WzZ9LJgYB9ro&_nc_zt=24&_nc_ht=scontent-iad6-1.cdninstagram.com&_nc_ss=72689&oh=00_Af-Fj4gzTwujC3gdQ9fLuuZfNKh7ryYc9G7gSpZOYua3ZQ&oe=6A2B1795","https://www.instagram.com/p/DV9PQfHiFpp/"
"17923416153125420","Hat was🫠🫠","2026-05-12T18:48:37.000Z","marina.hartwig.39","https://scontent-iad3-2.cdninstagram.com/v/t51.82787-19/525391944_18383518225192597_3698919017176599711_n.jpg?stp=dst-jpg_s150x150_tt6&_nc_cat=105&ccb=7-5&_nc_sid=f7ccc5&efg=eyJ2ZW5jb2RlX3RhZyI6InByb2ZpbGVfcGljLnd3dy4xMDgwLkMzIn0%3D&_nc_ohc=6mNRUU6CMYEQ7kNvwEkRoT3&_nc_oc=AdrpApcUR6UCIMFifGBwg0ok-o5khjW4Jk7qD3_8Vw4o4dRXDwaL35BNbRGVc_r4J7o&_nc_zt=24&_nc_ht=scontent-iad3-2.cdninstagram.com&_nc_gid=mJTR3-_5uEpPjGQHPE1f2w&_nc_ss=72689&oh=00_Af-bDtcohjC7pyhkkfeoHhgXehqh0wcOsbvnDhh6tnBzyA&oe=6A2B385C","https://www.instagram.com/p/DV9PQfHiFpp/"
"17887558584519501","Such a magical place 😍😍","2026-05-12T18:40:16.000Z","wioletta.gladysz","https://scontent-iad3-1.cdninstagram.com/v/t51.2885-19/446108262_435361559430906_8743479353234878904_n.jpg?stp=dst-jpg_s150x150_tt6&_nc_cat=104&ccb=7-5&_nc_sid=f7ccc5&efg=eyJ2ZW5jb2RlX3RhZyI6InByb2ZpbGVfcGljLnd3dy4xMDgwLkMzIn0%3D&_nc_ohc=8zoLhiOIBWIQ7kNvwHNiVS1&_nc_oc=AdoBx05sftdtBAcpudyI3QkMG_cl5wzBSMrp36EJGr_2lCQxqZK4qx7-jeWQoN77H94&_nc_zt=24&_nc_ht=scontent-iad3-1.cdninstagram.com&_nc_ss=72689&oh=00_Af_QtoOGKn3CvhlJT3b_PaRXA6RQq6_QTQld044XoPxxmQ&oe=6A2B3AC4","https://www.instagram.com/p/DV9PQfHiFpp/"
"17994389618972780","😍😍😍😍😍❤️","2026-06-03T07:40:28.000Z","vikram_390_0","https://scontent-hou1-1.cdninstagram.com/v/t51.2885-19/402401972_1107678823974135_539004349317215783_n.jpg?stp=dst-jpg_s150x150_tt6&_nc_cat=108&ccb=7-5&_nc_sid=f7ccc5&efg=eyJ2ZW5jb2RlX3RhZyI6InByb2ZpbGVfcGljLnd3dy43MDQuQzMifQ%3D%3D&_nc_ohc=0cKcpOfbO18Q7kNvwFNbRrN&_nc_oc=AdodMP5uJzQESKlZlxk9yC0KD0J34996Z2W1qOg3SOlp1turygAaQolQSEvMCJi45kw&_nc_zt=24&_nc_ht=scontent-hou1-1.cdninstagram.com&_nc_ss=72a8c&oh=00_Af8FzHi_Bl9vwUea55FNwZQlZ81aJFFFpIhQCbr5h-NFLA&oe=6A2B4BFE","https://www.instagram.com/p/DYcCw7FCY7P/"
"17966298306078974","Asa hi ak gt650  ma kardo na please","2026-05-31T04:20:03.000Z","ajoygiri001","https://scontent-hou1-1.cdninstagram.com/v/t51.82787-19/710252614_17875139073611610_7337136544461524074_n.jpg?stp=dst-jpg_s150x150_tt6&_nc_cat=105&ccb=7-5&_nc_sid=f7ccc5&efg=eyJ2ZW5jb2RlX3RhZyI6InByb2ZpbGVfcGljLnd3dy4xMDgwLkMzIn0%3D&_nc_ohc=S3K1gRt4VMMQ7kNvwHn2mbT&_nc_oc=AdqKQIKk2mW9voauXMFCmj_rmQV0bqYiC2v4b7T7pwkUEUMQ9dGPnoWJhBpmgEFt5kA&_nc_zt=24&_nc_ht=scontent-hou1-1.cdninstagram.com&_nc_gid=IIhzkBG5Pt-Kdn7TzV7jJw&_nc_ss=72a8c&oh=00_Af9TW7C7v6L4gDcPYsvYXzMEY1Oq9owhTwNKcFfT3xYOqg&oe=6A2B333E","https://www.instagram.com/p/DYcCw7FCY7P/"
"18123018466641987","Asa hi ak gt ma kardo na please","2026-05-31T04:19:34.000Z","ajoygiri001","https://scontent-hou1-1.cdninstagram.com/v/t51.82787-19/710252614_17875139073611610_7337136544461524074_n.jpg?stp=dst-jpg_s150x150_tt6&_nc_cat=105&ccb=7-5&_nc_sid=f7ccc5&efg=eyJ2ZW5jb2RlX3RhZyI6InByb2ZpbGVfcGljLnd3dy4xMDgwLkMzIn0%3D&_nc_ohc=S3K1gRt4VMMQ7kNvwHn2mbT&_nc_oc=AdqKQIKk2mW9voauXMFCmj_rmQV0bqYiC2v4b7T7pwkUEUMQ9dGPnoWJhBpmgEFt5kA&_nc_zt=24&_nc_ht=scontent-hou1-1.cdninstagram.com&_nc_gid=IIhzkBG5Pt-Kdn7TzV7jJw&_nc_ss=72a8c&oh=00_Af9TW7C7v6L4gDcPYsvYXzMEY1Oq9owhTwNKcFfT3xYOqg&oe=6A2B333E","https://www.instagram.com/p/DYcCw7FCY7P/"
"18101458169278159","Ns 125 ka banao please","2026-05-28T10:32:25.000Z","deepax_verma","https://scontent-hou1-1.cdninstagram.com/v/t51.82787-19/708230221_17882870592578282_3881330668995451439_n.jpg?stp=dst-jpg_s150x150_tt6&_nc_cat=100&ccb=7-5&_nc_sid=f7ccc5&efg=eyJ2ZW5jb2RlX3RhZyI6InByb2ZpbGVfcGljLnd3dy4xMDgwLkMzIn0%3D&_nc_ohc=AgtO5xfW_-YQ7kNvwHX_vsh&_nc_oc=Adq9vR7HqPXBc4VIx-FIWMsQCsahxCJsgjpnKQq3c9pDb-I4LvDXi30fWkbTTIhyaFI&_nc_zt=24&_nc_ht=scontent-hou1-1.cdninstagram.com&_nc_gid=IIhzkBG5Pt-Kdn7TzV7jJw&_nc_ss=72a8c&oh=00_Af8oSNm6HwdvfMYeV6ynVKv_E1pKBL7vjVz22LEu9TCRcg&oe=6A2B1B0A","https://www.instagram.com/p/DYcCw7FCY7P/"
"18047535332786177","Bhai R15 v4 ke sath edit karo vo bhi white colour bike ke sath meri favourite bike hai to download kar ke wallpaper lgaunga","2026-05-27T12:11:00.000Z","itssigmaboy43","https://scontent-hou1-1.cdninstagram.com/v/t51.82787-19/589494921_17905613082292854_4046151390641413932_n.jpg?stp=dst-jpg_s150x150_tt6&_nc_cat=110&ccb=7-5&_nc_sid=f7ccc5&efg=eyJ2ZW5jb2RlX3RhZyI6InByb2ZpbGVfcGljLnd3dy4xMDgwLkMzIn0%3D&_nc_ohc=pLQvHFKxej0Q7kNvwFgF6lJ&_nc_oc=AdpNgcbjosAxNjDTe5rGZqr2lnl9hOBwNzKp645-VqJ9HkASy6O1Zb0_Cv6ns-drFv4&_nc_zt=24&_nc_ht=scontent-hou1-1.cdninstagram.com&_nc_gid=IIhzkBG5Pt-Kdn7TzV7jJw&_nc_ss=72a8c&oh=00_Af9nhdJtBch1dUrzDJ3VBEKdbGxVKqgLITT3nup8TbHrBw&oe=6A2B26CB","https://www.instagram.com/p/DYcCw7FCY7P/"
"18105238912772493","Jjkjllkgfdsssaas t ttn6n5321q64yqt👏9","2026-05-27T08:58:15.000Z","deen_e_sabar","https://scontent-hou1-1.cdninstagram.com/v/t51.82787-19/639689983_17847863451687617_2919825018097532547_n.jpg?stp=dst-jpg_s150x150_tt6&_nc_cat=109&ccb=7-5&_nc_sid=f7ccc5&efg=eyJ2ZW5jb2RlX3RhZyI6InByb2ZpbGVfcGljLnd3dy4xMDczLkMzIn0%3D&_nc_ohc=VR4GzPSKD_4Q7kNvwGaI8iT&_nc_oc=AdrI628MYcq2JjaFgcnBvWDdiZgglQV8kgWvEa-NQBIm4azbmwPSH4VDeepI_NtOPbs&_nc_zt=24&_nc_ht=scontent-hou1-1.cdninstagram.com&_nc_gid=IIhzkBG5Pt-Kdn7TzV7jJw&_nc_ss=72a8c&oh=00_Af-nIxXHlMEDH2N2fnwZ7U0Pnc8nuSuccSeKCyAlMgXH_g&oe=6A2B2E6D","https://www.instagram.com/p/DYcCw7FCY7P/"
"18092219447610283","Ppl","2026-05-27T08:58:15.000Z","deen_e_sabar","https://scontent-hou1-1.cdninstagram.com/v/t51.82787-19/639689983_17847863451687617_2919825018097532547_n.jpg?stp=dst-jpg_s150x150_tt6&_nc_cat=109&ccb=7-5&_nc_sid=f7ccc5&efg=eyJ2ZW5jb2RlX3RhZyI6InByb2ZpbGVfcGljLnd3dy4xMDczLkMzIn0%3D&_nc_ohc=VR4GzPSKD_4Q7kNvwGaI8iT&_nc_oc=AdrI628MYcq2JjaFgcnBvWDdiZgglQV8kgWvEa-NQBIm4azbmwPSH4VDeepI_NtOPbs&_nc_zt=24&_nc_ht=scontent-hou1-1.cdninstagram.com&_nc_gid=IIhzkBG5Pt-Kdn7TzV7jJw&_nc_ss=72a8c&oh=00_Af-nIxXHlMEDH2N2fnwZ7U0Pnc8nuSuccSeKCyAlMgXH_g&oe=6A2B2E6D","https://www.instagram.com/p/DYcCw7FCY7P/"
"18102145441919137","Bhbnb","2026-05-27T08:57:53.000Z","deen_e_sabar","https://scontent-hou1-1.cdninstagram.com/v/t51.82787-19/639689983_17847863451687617_2919825018097532547_n.jpg?stp=dst-jpg_s150x150_tt6&_nc_cat=109&ccb=7-5&_nc_sid=f7ccc5&efg=eyJ2ZW5jb2RlX3RhZyI6InByb2ZpbGVfcGljLnd3dy4xMDczLkMzIn0%3D&_nc_ohc=VR4GzPSKD_4Q7kNvwGaI8iT&_nc_oc=AdrI628MYcq2JjaFgcnBvWDdiZgglQV8kgWvEa-NQBIm4azbmwPSH4VDeepI_NtOPbs&_nc_zt=24&_nc_ht=scontent-hou1-1.cdninstagram.com&_nc_gid=IIhzkBG5Pt-Kdn7TzV7jJw&_nc_ss=72a8c&oh=00_Af-nIxXHlMEDH2N2fnwZ7U0Pnc8nuSuccSeKCyAlMgXH_g&oe=6A2B2E6D","https://www.instagram.com/p/DYcCw7FCY7P/"
"18353332189300929","20","2026-05-27T07:17:53.000Z","sameer27678","https://scontent-hou1-1.cdninstagram.com/v/t51.82787-19/572218564_17861261769518628_2849470574552439391_n.jpg?stp=dst-jpg_s150x150_tt6&_nc_cat=110&ccb=7-5&_nc_sid=f7ccc5&efg=eyJ2ZW5jb2RlX3RhZyI6InByb2ZpbGVfcGljLnd3dy4xMDgwLkMzIn0%3D&_nc_ohc=F7cnezNDYuQQ7kNvwFqhZ5P&_nc_oc=AdpcQ6AceFBlNRSwEe9WJMoIHKFgaG3YeFBLCB8-lRm5N8RLltQ9jKKP8f83bdMOPsY&_nc_zt=24&_nc_ht=scontent-hou1-1.cdninstagram.com&_nc_gid=IIhzkBG5Pt-Kdn7TzV7jJw&_nc_ss=72a8c&oh=00_Af9VQoRUiIvpZu6cyapDyJawHygWK0vnn0f7O4dH7t8m5g&oe=6A2B3741","https://www.instagram.com/p/DYcCw7FCY7P/"
"18122733271572362","7yihui","2026-05-27T07:17:43.000Z","sameer27678","https://scontent-hou1-1.cdninstagram.com/v/t51.82787-19/572218564_17861261769518628_2849470574552439391_n.jpg?stp=dst-jpg_s150x150_tt6&_nc_cat=110&ccb=7-5&_nc_sid=f7ccc5&efg=eyJ2ZW5jb2RlX3RhZyI6InByb2ZpbGVfcGljLnd3dy4xMDgwLkMzIn0%3D&_nc_ohc=F7cnezNDYuQQ7kNvwFqhZ5P&_nc_oc=AdpcQ6AceFBlNRSwEe9WJMoIHKFgaG3YeFBLCB8-lRm5N8RLltQ9jKKP8f83bdMOPsY&_nc_zt=24&_nc_ht=scontent-hou1-1.cdninstagram.com&_nc_gid=IIhzkBG5Pt-Kdn7TzV7jJw&_nc_ss=72a8c&oh=00_Af9VQoRUiIvpZu6cyapDyJawHygWK0vnn0f7O4dH7t8m5g&oe=6A2B3741","https://www.instagram.com/p/DYcCw7FCY7P/"
"18091886885524577","Missag kar dana ok","2026-05-27T04:39:45.000Z","s__chaudary_072","https://scontent-hou1-1.cdninstagram.com/v/t51.82787-19/716490334_18011432702895140_2857688058891120839_n.jpg?stp=dst-jpg_s150x150_tt6&_nc_cat=104&ccb=7-5&_nc_sid=f7ccc5&efg=eyJ2ZW5jb2RlX3RhZyI6InByb2ZpbGVfcGljLnd3dy4xMDgwLkMzIn0%3D&_nc_ohc=TB3RjxLJr6YQ7kNvwGoP_xn&_nc_oc=AdqlR-OExYnGbjq-MSVu_R2bJmaTY61FQ92vDkzYdIXbgwLddfdzoIljkoxvDnL_vc4&_nc_zt=24&_nc_ht=scontent-hou1-1.cdninstagram.com&_nc_gid=IIhzkBG5Pt-Kdn7TzV7jJw&_nc_ss=72a8c&oh=00_Af-rwNA6PFrNbWSKTj6umArkJ7omy3AIG_4Rj7MIbWp8Sw&oe=6A2B3CDC","https://www.instagram.com/p/DYcCw7FCY7P/"
"17882759202591667","Bhai ya ap kud draw karta ho ya ya ai ha  bato pleas","2026-05-27T04:39:37.000Z","s__chaudary_072","https://scontent-hou1-1.cdninstagram.com/v/t51.82787-19/716490334_18011432702895140_2857688058891120839_n.jpg?stp=dst-jpg_s150x150_tt6&_nc_cat=104&ccb=7-5&_nc_sid=f7ccc5&efg=eyJ2ZW5jb2RlX3RhZyI6InByb2ZpbGVfcGljLnd3dy4xMDgwLkMzIn0%3D&_nc_ohc=TB3RjxLJr6YQ7kNvwGoP_xn&_nc_oc=AdqlR-OExYnGbjq-MSVu_R2bJmaTY61FQ92vDkzYdIXbgwLddfdzoIljkoxvDnL_vc4&_nc_zt=24&_nc_ht=scontent-hou1-1.cdninstagram.com&_nc_gid=IIhzkBG5Pt-Kdn7TzV7jJw&_nc_ss=72a8c&oh=00_Af-rwNA6PFrNbWSKTj6umArkJ7omy3AIG_4Rj7MIbWp8Sw&oe=6A2B3CDC","https://www.instagram.com/p/DYcCw7FCY7P/"
"18084048191418356","🔥😮","2026-05-26T19:26:03.000Z","gajednerkaclme","https://scontent-hou1-1.cdninstagram.com/v/t51.82787-19/708715257_18076492412283743_7918716288094333508_n.jpg?stp=dst-jpg_s150x150_tt6&_nc_cat=102&ccb=7-5&_nc_sid=f7ccc5&efg=eyJ2ZW5jb2RlX3RhZyI6InByb2ZpbGVfcGljLnd3dy4xMDgwLkMzIn0%3D&_nc_ohc=OX9N42YMFtEQ7kNvwGypKD7&_nc_oc=AdoUr6ogo83E_PxvZwsQ6qc7Z8xN-3oPFPkwPlVmhT-yQenPiQWjvObxT9V8wO4IZOI&_nc_zt=24&_nc_ht=scontent-hou1-1.cdninstagram.com&_nc_gid=IIhzkBG5Pt-Kdn7TzV7jJw&_nc_ss=72a8c&oh=00_Af-J90ZNe3Cpfgi4f449ApyIGUcoq-M7aWDL9pdRbIulgA&oe=6A2B1CA8","https://www.instagram.com/p/DYcCw7FCY7P/"
"18103417393996419","😢","2026-05-24T13:56:25.000Z","odax___01","https://scontent-hou1-1.cdninstagram.com/v/t51.82787-19/719598429_17913690312405395_2581211639366561690_n.jpg?stp=dst-jpg_s150x150_tt6&_nc_cat=100&ccb=7-5&_nc_sid=f7ccc5&efg=eyJ2ZW5jb2RlX3RhZyI6InByb2ZpbGVfcGljLnd3dy4xMDgwLkMzIn0%3D&_nc_ohc=Nw0B8XFcZ9EQ7kNvwG9kUqH&_nc_oc=Ado7ceTeFayM9zjElMMvlwNHh3828yqKNsFRmSj_H3S0webEn-_6LimLe3XIhgL955Y&_nc_zt=24&_nc_ht=scontent-hou1-1.cdninstagram.com&_nc_gid=IIhzkBG5Pt-Kdn7TzV7jJw&_nc_ss=72a8c&oh=00_Af-RvjWPUhGna7akSXB1C2bTpsQFnzw7xz6Ev26o1PixfA&oe=6A2B4740","https://www.instagram.com/p/DYcCw7FCY7P/"
"18050715086532289","🔥","2026-06-04T04:19:55.000Z","graphics_machine","https://scontent-iad3-2.cdninstagram.com/v/t51.2885-19/337145248_1151368885548597_2296885967259517612_n.jpg?stp=dst-jpg_s150x150_tt6&_nc_cat=105&ccb=7-5&_nc_sid=f7ccc5&efg=eyJ2ZW5jb2RlX3RhZyI6InByb2ZpbGVfcGljLnd3dy4xMDgwLkMzIn0%3D&_nc_ohc=Z_FB9e28mFYQ7kNvwEjuMPE&_nc_oc=Adpgl-Lbvk1POb-GlaUhHgEJN3e8EuV-FXibnttm0F54K_8pW02zZNMEhjCYXgvexus&_nc_zt=24&_nc_ht=scontent-iad3-2.cdninstagram.com&_nc_ss=7ba8c&oh=00_Af-EYehD4U9oyLMhUqS3Gxr-3R7dq7OBhQfiB4xg7QmgXg&oe=6A2B19C8","https://www.instagram.com/p/DYbdyIKCCLQ/"
"18341703547174641","Stunning!!!!! 💙💙💙💙💙💙🩵🩵🩵🩵🩵🩵","2026-05-31T16:18:24.000Z","dasha.malka","https://scontent-iad3-2.cdninstagram.com/v/t51.82787-19/681604969_18095916856932960_8112811256485075513_n.jpg?stp=dst-jpg_s150x150_tt6&_nc_cat=103&ccb=7-5&_nc_sid=f7ccc5&efg=eyJ2ZW5jb2RlX3RhZyI6InByb2ZpbGVfcGljLnd3dy4xMDgwLkMzIn0%3D&_nc_ohc=u-iBgMrtjdIQ7kNvwGE24AI&_nc_oc=Adr6ejbAbKDa6nudnrMUS2FCgY5Q5YEEq50bHamD6BLzpNCOc14M3oVVHJYlxjvY8us&_nc_zt=24&_nc_ht=scontent-iad3-2.cdninstagram.com&_nc_gid=D3GreSrpOSQCT29bW3sRZg&_nc_ss=7ba8c&oh=00_Af_zquaoTw6opwMw1fB4MBUGy5odidsa3lWp83vVLiP0tA&oe=6A2B2557","https://www.instagram.com/p/DYbdyIKCCLQ/"
"18077980565214197","❤️🔥","2026-05-24T22:17:44.000Z","cosmic_spirit_tw","https://scontent-iad3-2.cdninstagram.com/v/t51.82787-19/655975407_17870358252571245_6922696344861282436_n.jpg?stp=dst-jpg_s150x150_tt6&_nc_cat=111&ccb=7-5&_nc_sid=f7ccc5&efg=eyJ2ZW5jb2RlX3RhZyI6InByb2ZpbGVfcGljLnd3dy42OTUuQzMifQ%3D%3D&_nc_ohc=9Ye-tU1J_iQQ7kNvwFxPDvJ&_nc_oc=AdpoTs9vWYzvIxufQQyxhtPxFIuQE202sfbVdyRu7hMgd31phVJo2TwJlgX7O2x-hc8&_nc_zt=24&_nc_ht=scontent-iad3-2.cdninstagram.com&_nc_gid=D3GreSrpOSQCT29bW3sRZg&_nc_ss=7ba8c&oh=00_Af_I2xTCJkAAgKjKy0ST-nS-uqa2E-LDaiDkiYgv8eNrqQ&oe=6A2B4700","https://www.instagram.com/p/DYbdyIKCCLQ/"
"18117982687788097","Bidadari","2026-05-24T18:59:01.000Z","jutra.jt","https://scontent-iad6-1.cdninstagram.com/v/t51.82787-19/689061397_17870121096655836_4413583134323353020_n.jpg?stp=dst-jpg_s150x150_tt6&_nc_cat=102&ccb=7-5&_nc_sid=f7ccc5&efg=eyJ2ZW5jb2RlX3RhZyI6InByb2ZpbGVfcGljLnd3dy4xMDgwLkMzIn0%3D&_nc_ohc=PUA_JASOuacQ7kNvwG7LZ6r&_nc_oc=AdozJshFRYTIrcQI2PMR2C9MinRH7Q4neG9sLzf8bydJYT296ubyT7cEETmbofcScuU&_nc_zt=24&_nc_ht=scontent-iad6-1.cdninstagram.com&_nc_gid=D3GreSrpOSQCT29bW3sRZg&_nc_ss=7ba8c&oh=00_Af-OXFtxinc_09cFFCoL4da77VtbdkmUQ0fqWWrIDIhbEw&oe=6A2B4463","https://www.instagram.com/p/DYbdyIKCCLQ/"
"18007013648732576","Very interesting 👏👏","2026-05-23T18:20:11.000Z","koeva.galia","https://scontent-iad3-1.cdninstagram.com/v/t51.82787-19/554840359_17952383205034893_6009969632579109571_n.jpg?stp=dst-jpg_s150x150_tt6&_nc_cat=101&ccb=7-5&_nc_sid=f7ccc5&efg=eyJ2ZW5jb2RlX3RhZyI6InByb2ZpbGVfcGljLnd3dy45NjAuQzMifQ%3D%3D&_nc_ohc=ogKu7DexjngQ7kNvwHCHcLM&_nc_oc=Ado31pKPUEYCBC7m1NVfc218Oy8lthGP_FiDRenEMGz8ryonWjdrinmGKq0WyiDAfss&_nc_zt=24&_nc_ht=scontent-iad3-1.cdninstagram.com&_nc_gid=D3GreSrpOSQCT29bW3sRZg&_nc_ss=7ba8c&oh=00_Af_PXYK-9ULh8DX-UvLHuTOBZzMcCm3BgE8pJSdov3FBrw&oe=6A2B4132","https://www.instagram.com/p/DYbdyIKCCLQ/"
"18068873891692352","💙💙💙💙💙💙💙","2026-05-22T19:01:21.000Z","hullabaloo221","https://scontent-iad6-1.cdninstagram.com/v/t51.2885-19/446459263_1192581288567069_702378834875539368_n.jpg?stp=dst-jpg_s150x150_tt6&_nc_cat=106&ccb=7-5&_nc_sid=f7ccc5&efg=eyJ2ZW5jb2RlX3RhZyI6InByb2ZpbGVfcGljLnd3dy4xMDI0LkMzIn0%3D&_nc_ohc=LqtJx1tmRxYQ7kNvwF4k7RC&_nc_oc=AdpLdbdL8T_Qr8TUyvdbeamDS6kMaTjRM0VZ801wu6jp642P25lwM-cD0aS-Wgt1y7U&_nc_zt=24&_nc_ht=scontent-iad6-1.cdninstagram.com&_nc_ss=7ba8c&oh=00_Af-bIj1spxDmd6vBYmsT6DizJzJKmVlX83hAAQe_oxu42w&oe=6A2B1912","https://www.instagram.com/p/DYbdyIKCCLQ/"
"17898591657448546","Nice🔥🔥🔥🔥","2026-05-22T16:12:44.000Z","selena.universe1","https://scontent-iad6-1.cdninstagram.com/v/t51.82787-19/553377335_17843928576579264_1845681749038502306_n.jpg?stp=dst-jpg_s150x150_tt6&_nc_cat=106&ccb=7-5&_nc_sid=f7ccc5&efg=eyJ2ZW5jb2RlX3RhZyI6InByb2ZpbGVfcGljLnd3dy4xMDI0LkMzIn0%3D&_nc_ohc=2QS9leXTl9EQ7kNvwGCqfqn&_nc_oc=AdqQ4y-pZqMhpRWIvsH6K4hyiTaETPXfcvZT4QKdWY-l9ain-GbQcdtpGWfiRZwO_tI&_nc_zt=24&_nc_ht=scontent-iad6-1.cdninstagram.com&_nc_gid=D3GreSrpOSQCT29bW3sRZg&_nc_ss=7ba8c&oh=00_Af9fZDM5ZTHI6KXyiw1p-44o5Gt7FxVmG9KHjLcWp-7u8g&oe=6A2B184E","https://www.instagram.com/p/DYbdyIKCCLQ/"
"17892060678496328","","2026-05-22T05:45:07.000Z","eddyvader1","https://scontent-iad3-1.cdninstagram.com/v/t51.2885-19/236275797_564030861456062_6312413253975073844_n.jpg?stp=dst-jpg_s150x150_tt6&_nc_cat=101&ccb=7-5&_nc_sid=f7ccc5&efg=eyJ2ZW5jb2RlX3RhZyI6InByb2ZpbGVfcGljLnd3dy41NjQuQzMifQ%3D%3D&_nc_ohc=iQ41Jf46jzUQ7kNvwFV75J5&_nc_oc=AdquBZwGc01s94sKTyrrEITu212UQvduSEMzZOSsagURmnPgx1yFN-xaCLjDqjj9DAY&_nc_zt=24&_nc_ht=scontent-iad3-1.cdninstagram.com&_nc_ss=7ba8c&oh=00_Af-UdCX_AhrHYtLIZ54f65r7iyY8S71bGb2_IMCUuuIciw&oe=6A2B46E0","https://www.instagram.com/p/DYbdyIKCCLQ/"
"17857372374646299","","2026-05-22T05:42:45.000Z","i_am_the_immortal","https://scontent-iad6-1.cdninstagram.com/v/t51.82787-19/713464771_18596373457039223_6902898225454528657_n.jpg?stp=dst-jpg_s150x150_tt6&_nc_cat=106&ccb=7-5&_nc_sid=f7ccc5&efg=eyJ2ZW5jb2RlX3RhZyI6InByb2ZpbGVfcGljLnd3dy4xMDgwLkMzIn0%3D&_nc_ohc=6fLQjRJOSK0Q7kNvwGuZFEo&_nc_oc=AdrJdzkEUo6KzZxr29MZheilFMu3aECInd5s9Q7VqPs6RGv7TzACSlKBoIZiCuvrO8o&_nc_zt=24&_nc_ht=scontent-iad6-1.cdninstagram.com&_nc_gid=D3GreSrpOSQCT29bW3sRZg&_nc_ss=7ba8c&oh=00_Af-RQw72cZM0-OIqpOI4mOEsssKzy7aaUvVpOyk2LDoFuQ&oe=6A2B1EA8","https://www.instagram.com/p/DYbdyIKCCLQ/"
"18362150755231709","❤️❤️❤️❤️❤️❤️","2026-05-20T21:39:15.000Z","karinaledoux","https://scontent-iad3-1.cdninstagram.com/v/t51.82787-19/572572502_18408145684189024_8233992989630373413_n.jpg?stp=dst-jpg_s150x150_tt6&_nc_cat=110&ccb=7-5&_nc_sid=f7ccc5&efg=eyJ2ZW5jb2RlX3RhZyI6InByb2ZpbGVfcGljLnd3dy4zOTEuQzMifQ%3D%3D&_nc_ohc=Svz8RultJfQQ7kNvwGnqaue&_nc_oc=AdpnMnbf3JqisqVBLqi8BIHVMHh5FdwvzMqUBlNgHN43gJYJVPE6dYLikplECEWfVfk&_nc_zt=24&_nc_ht=scontent-iad3-1.cdninstagram.com&_nc_gid=D3GreSrpOSQCT29bW3sRZg&_nc_ss=7ba8c&oh=00_Af83NLm6iMgy9rJYIW6mXneFx80WHJ5vNCshwOe9x6elNg&oe=6A2B2B89","https://www.instagram.com/p/DYbdyIKCCLQ/"
"18103697048474339","🔥🔥🔥😍😍😍woow","2026-05-20T05:12:38.000Z","jj_musaeterea","https://scontent-iad6-1.cdninstagram.com/v/t51.2885-19/485128206_1662654737663355_6528221505207544756_n.jpg?stp=dst-jpg_s150x150_tt6&_nc_cat=109&ccb=7-5&_nc_sid=f7ccc5&efg=eyJ2ZW5jb2RlX3RhZyI6InByb2ZpbGVfcGljLnd3dy4xMDgwLkMzIn0%3D&_nc_ohc=pfEWl4Dk34kQ7kNvwEKox4_&_nc_oc=AdpBTCFSg1QCq4RVZbcBoGm9SeSJYuOBXkJI5FloaRwyfFeO496C8FsY9aB_H2euzn4&_nc_zt=24&_nc_ht=scontent-iad6-1.cdninstagram.com&_nc_ss=7ba8c&oh=00_Af80e56709sA1Vx47rSdXgk3ZjFvBkIK5rYIyxtarkHRng&oe=6A2B15D4","https://www.instagram.com/p/DYbdyIKCCLQ/"
"18454091629112108","😍😍Stunning","2026-05-19T10:14:27.000Z","art_ai968","https://scontent-iad3-1.cdninstagram.com/v/t51.82787-19/629808806_17989486742928797_4415007566869835477_n.jpg?stp=dst-jpg_s150x150_tt6&_nc_cat=108&ccb=7-5&_nc_sid=f7ccc5&efg=eyJ2ZW5jb2RlX3RhZyI6InByb2ZpbGVfcGljLnd3dy4xMDgwLkMzIn0%3D&_nc_ohc=cFc7m4FWEiMQ7kNvwGe0iXm&_nc_oc=Adq75esWpOpGKY_RqmZC9LcgrfJC7Cr-j3F5lcpEbLrMr6oipuapgqX7hVLb6LR18sk&_nc_zt=24&_nc_ht=scontent-iad3-1.cdninstagram.com&_nc_gid=D3GreSrpOSQCT29bW3sRZg&_nc_ss=7ba8c&oh=00_Af-mw324H1LOxeAvtizDFlD1GMFl-vCumpfZdvbBxUULvA&oe=6A2B4D6C","https://www.instagram.com/p/DYbdyIKCCLQ/"
"18114404788680609","Awesome work 👏🏻 🔥🔥🔥","2026-05-19T07:17:15.000Z","gebicorp.voidworks","https://scontent-iad6-1.cdninstagram.com/v/t51.82787-19/671801539_17869607313607639_4254914378674674605_n.jpg?stp=dst-jpg_s150x150_tt6&_nc_cat=107&ccb=7-5&_nc_sid=f7ccc5&efg=eyJ2ZW5jb2RlX3RhZyI6InByb2ZpbGVfcGljLnd3dy4xMDgwLkMzIn0%3D&_nc_ohc=ZZjvgcG16oUQ7kNvwHmzR81&_nc_oc=AdqLWDzI06w5R6cx3khRYffHjCXnJQiFRyVUdxYIhIECTh8w2xgSqxwMM0lgQX-kNO0&_nc_zt=24&_nc_ht=scontent-iad6-1.cdninstagram.com&_nc_gid=D3GreSrpOSQCT29bW3sRZg&_nc_ss=7ba8c&oh=00_Af8POXoJ6VEi1VPz84b4cfExBQApc9nWRYs_oB9CQc9_UQ&oe=6A2B4424","https://www.instagram.com/p/DYbdyIKCCLQ/"
"18140850148522502","Amazing! 🩵🩵🩵🩵🩵🩵🩵🩵🩵🩵","2026-05-18T22:47:45.000Z","aiart_lina","https://scontent-iad6-1.cdninstagram.com/v/t51.82787-19/687716338_17859959988690791_7582001086991229254_n.jpg?stp=dst-jpg_s150x150_tt6&_nc_cat=109&ccb=7-5&_nc_sid=f7ccc5&efg=eyJ2ZW5jb2RlX3RhZyI6InByb2ZpbGVfcGljLnd3dy4xMDc5LkMzIn0%3D&_nc_ohc=XrEF5SWlUtIQ7kNvwGSIy4e&_nc_oc=AdrsIIq8o5ZzNq9ryhcVTg1JOVVcRmVW2jBDSEwrBGHPM1QG2Ei9DGnucwo_w8H7vJo&_nc_zt=24&_nc_ht=scontent-iad6-1.cdninstagram.com&_nc_gid=D3GreSrpOSQCT29bW3sRZg&_nc_ss=7ba8c&oh=00_Af-yjSPtFX2CPd8-zVjy1J-OvhoIPA8dL3tAskyEsEtzyg&oe=6A2B3EDE","https://www.instagram.com/p/DYbdyIKCCLQ/"
"18051903752757528","🩵🩵🩵","2026-05-18T18:25:10.000Z","fantastic_fantasie_2025","https://scontent-iad6-1.cdninstagram.com/v/t51.2885-19/481570967_1224670302417419_4733005116437341122_n.jpg?stp=dst-jpg_s150x150_tt6&_nc_cat=109&ccb=7-5&_nc_sid=f7ccc5&efg=eyJ2ZW5jb2RlX3RhZyI6InByb2ZpbGVfcGljLnd3dy4xMDgwLkMzIn0%3D&_nc_ohc=YiIE9DCYtzMQ7kNvwGx45L2&_nc_oc=AdoLIv1ndPixzafBGoiaGN46SwdxvcSMdgxVvUED8_CC642VuIRe2Iu60nBLDgf5pps&_nc_zt=24&_nc_ht=scontent-iad6-1.cdninstagram.com&_nc_ss=7ba8c&oh=00_Af8tfPJKuqZEUVe5FTnAVzEWQB70LLiW4T_CTuHTTQDKLQ&oe=6A2B1A91","https://www.instagram.com/p/DYbdyIKCCLQ/"
"18271442197294169","❤️❤️❤️👑👑👑🔥🔥🔥💯💯💯😢😢😢","2026-06-07T10:56:30.000Z","reeseallen271","https://scontent-phx1-1.cdninstagram.com/v/t51.82787-19/607465313_17997967322847347_5793666886415788134_n.jpg?stp=dst-jpg_s150x150_tt6&_nc_cat=101&ccb=7-5&_nc_sid=f7ccc5&efg=eyJ2ZW5jb2RlX3RhZyI6InByb2ZpbGVfcGljLnd3dy4xMDgwLkMzIn0%3D&_nc_ohc=N855TDv06c8Q7kNvwGx_pxh&_nc_oc=AdrpWqKl_U6bRsmwzUczPxPGkpNG-_3Y9Yf7Jt7yXtMaq1Q6ejtjbpMcYCXAoBSwEEg&_nc_zt=24&_nc_ht=scontent-phx1-1.cdninstagram.com&_nc_gid=lm6CjHsDQrtYasB735sSJQ&_nc_ss=72a8c&oh=00_Af9aNJX_EUSRV9_wAQ0nWUsn_gmrVlFfRHLehLDXY2CVFw&oe=6A2B1B19","https://www.instagram.com/p/DYSiUvNxYCG/"
"18080146634559173","🕊️🕊️🕊️🕊️🕊️🕊️🕊️🕊️🕊️🕊️🕊️🕊️🕊️🕊️🕊️💯💯💯💯💯💯💯💯💯💯💯💯💯👑👑👑👑👑👑👑👑👑👑👑👑👑👑🔥🔥🔥🔥🔥🔥🔥🔥🔥🔥🔥🔥🔥🔥❤️❤️❤️❤️❤️❤️❤️❤️❤️❤️❤️❤️❤️❤️. REST IN HEAVENLY PARADISE 💜 🙏 💙 ❤️ ♥️ 💕 💜 🙏 💙 ❤️ ♥️ 💕 GENTLEMEN FOREVER AND EVER AMEN AMEN HALLELUJAH 🙏 ❤️ 🙌 ♥️ 😊 💖 🙏 ❤️ 🙌 ♥️ 😊 💖.","2026-06-07T06:58:42.000Z","arlene_i_liberti","https://scontent-phx1-1.cdninstagram.com/v/t51.2885-19/321551181_486576083585428_3007235986428702249_n.jpg?stp=dst-jpg_s150x150_tt6&_nc_cat=106&ccb=7-5&_nc_sid=f7ccc5&efg=eyJ2ZW5jb2RlX3RhZyI6InByb2ZpbGVfcGljLnd3dy44NjQuQzMifQ%3D%3D&_nc_ohc=VflUNWk67aoQ7kNvwH0Rfd3&_nc_oc=AdrbCnS1dV6Aovg2j4XfUNbW2r9toHSPdCU7r5x7_MRQpF08MYLJl-57AEty4zv4AhE&_nc_zt=24&_nc_ht=scontent-phx1-1.cdninstagram.com&_nc_ss=72a8c&oh=00_Af870i7wDJcoGcTgcHrGk5qGR_Hqbcfr13nC41QhiTc5rA&oe=6A2B395E","https://www.instagram.com/p/DYSiUvNxYCG/"
"18103600217093847","🕊️🕊️🕊️🕊️🕊️🕊️💯💯LLK 2pac💯💯💯","2026-06-07T05:29:48.000Z","demarkodeion","https://scontent-phx1-1.cdninstagram.com/v/t51.82787-19/589239598_17842544070628394_3954136913367536358_n.jpg?stp=dst-jpg_s150x150_tt6&_nc_cat=103&ccb=7-5&_nc_sid=f7ccc5&efg=eyJ2ZW5jb2RlX3RhZyI6InByb2ZpbGVfcGljLnd3dy4xMDgwLkMzIn0%3D&_nc_ohc=rPmA94PIgGkQ7kNvwErBfZE&_nc_oc=AdoXE6-1f2AuwfPaGzpyVBuxb9jSP0ef0BsDSVTbIzbbsIKCLTodBB4MC89xwzDLPd4&_nc_zt=24&_nc_ht=scontent-phx1-1.cdninstagram.com&_nc_gid=lm6CjHsDQrtYasB735sSJQ&_nc_ss=72a8c&oh=00_Af8hy0dtyRt5T-8zlyjoX2HQsmuQhgcBpI7cc3QyUMBv5Q&oe=6A2B4277","https://www.instagram.com/p/DYSiUvNxYCG/"
"18130655404524987","👑💯 R.I.P ❤️","2026-06-07T04:28:07.000Z","joellybrooklyn77","https://scontent-phx1-1.cdninstagram.com/v/t51.2885-19/491440264_1043555497698267_2864367521565719318_n.jpg?stp=dst-jpg_s150x150_tt6&_nc_cat=106&ccb=7-5&_nc_sid=f7ccc5&efg=eyJ2ZW5jb2RlX3RhZyI6InByb2ZpbGVfcGljLnd3dy4xMDgwLkMzIn0%3D&_nc_ohc=lEJopJMORGMQ7kNvwGrro0n&_nc_oc=AdoF6knCdasDw1HPtKsAgnaLrewcIKu5gs9grvanpqwbup89nIJ2pHRRbaaeSr5GLNU&_nc_zt=24&_nc_ht=scontent-phx1-1.cdninstagram.com&_nc_ss=72a8c&oh=00_Af-wfgZjO2aTdNqc3V6Uz4PrZOTuL9QXdbkWPi9hSxU82Q&oe=6A2B4C3F","https://www.instagram.com/p/DYSiUvNxYCG/"
"18005881967922190","🔥🔥🔥🔥🕊️🕊️🕊️🕊️🕊️🙏🏿🙏🏿🙏🏿🙏🏿🙏🏿","2026-06-07T02:08:09.000Z","cho_co_late_420","https://scontent-phx1-1.cdninstagram.com/v/t51.2885-19/308798805_481776967159093_1188045297674754091_n.jpg?stp=dst-jpg_s150x150_tt6&_nc_cat=108&ccb=7-5&_nc_sid=f7ccc5&efg=eyJ2ZW5jb2RlX3RhZyI6InByb2ZpbGVfcGljLnd3dy4xMDgwLkMzIn0%3D&_nc_ohc=cu_Go9MgAMgQ7kNvwGIecHl&_nc_oc=AdrDtmB_-R8r15DFg-CGCJxe-6Vxc-XH062KkfIFIzAfzIiUmSB6yuJylCVmfzAPFbI&_nc_zt=24&_nc_ht=scontent-phx1-1.cdninstagram.com&_nc_ss=72a8c&oh=00_Af9Hy_wQJ_eTFqLW2HgJxoQGiXPRWFLPB2zG3hAUYCYZQg&oe=6A2B3009","https://www.instagram.com/p/DYSiUvNxYCG/"
"17943347877032147","🔥🙌🙌🕊️🕊️🕊️🕊️❤️❤️❤️","2026-06-06T23:58:50.000Z","sunsetrose63","https://scontent-phx1-1.cdninstagram.com/v/t51.82787-19/651446442_18062056202364764_4642983591299025942_n.jpg?stp=dst-jpg_s150x150_tt6&_nc_cat=105&ccb=7-5&_nc_sid=f7ccc5&efg=eyJ2ZW5jb2RlX3RhZyI6InByb2ZpbGVfcGljLnd3dy4xMDgwLkMzIn0%3D&_nc_ohc=Kg9p3J0QDhgQ7kNvwEvtxAh&_nc_oc=AdojS-MSwpGuGhXXa8RSSGhAVh1Ex9zFKy9hiCaq05pCDWfyslhyc7KdRuqVq-hzV4A&_nc_zt=24&_nc_ht=scontent-phx1-1.cdninstagram.com&_nc_gid=lm6CjHsDQrtYasB735sSJQ&_nc_ss=72a8c&oh=00_Af_zGIQeitjbmV0AMGrmJXor3GoPBlUB6AEgbX1ZwNco-A&oe=6A2B2A12","https://www.instagram.com/p/DYSiUvNxYCG/"
"17871970041617980","They wrong with the purse on Pac..SMH.","2026-06-06T18:54:30.000Z","blackmoses1967","https://scontent-phx1-1.cdninstagram.com/v/t51.2885-19/292998952_584071313172773_8812111110587899520_n.jpg?stp=dst-jpg_s150x150_tt6&_nc_cat=109&ccb=7-5&_nc_sid=f7ccc5&efg=eyJ2ZW5jb2RlX3RhZyI6InByb2ZpbGVfcGljLnd3dy4xMDgwLkMzIn0%3D&_nc_ohc=M8-a34XJ-0wQ7kNvwHTAjme&_nc_oc=AdotKpQxNs814UFQq0ZoyH8Ky_vFzJjqKnyUoWjbqSJdh3nWp71jkCPrt3BTbaoBoy0&_nc_zt=24&_nc_ht=scontent-phx1-1.cdninstagram.com&_nc_ss=72a8c&oh=00_Af_frH7CEejORqBrTkMsBehPkrhborxISj9CJrg3SRd9NA&oe=6A2B2233","https://www.instagram.com/p/DYSiUvNxYCG/"
"18197021953364814","I love this pic💕","2026-06-06T18:18:07.000Z","cjdaye","https://scontent-phx1-1.cdninstagram.com/v/t51.2885-19/12479239_964618960293075_1576532081_a.jpg?stp=dst-jpg_s150x150_tt6&_nc_cat=105&ccb=7-5&_nc_sid=f7ccc5&efg=eyJ2ZW5jb2RlX3RhZyI6InByb2ZpbGVfcGljLnd3dy43NTAuQzMifQ%3D%3D&_nc_ohc=7Lznq6yAwfoQ7kNvwG2yIU5&_nc_oc=Adp6LGOHCioaTqYsboTUdjdT2Tdf__hCowgZ3e01h3x7kvTxrhGTg0NxQ_UB5gntnmo&_nc_zt=24&_nc_ht=scontent-phx1-1.cdninstagram.com&_nc_ss=72a8c&oh=00_Af80MaAdkns8UWBs8kasZT_zOeQFECO-1WZfejEpsNDZ9Q&oe=6A2B37D4","https://www.instagram.com/p/DYSiUvNxYCG/"
"18000415097768433","🙏🏽💔🕊️🕊️🕊️🕊️🕊️🕊️👑👑👑👑👑👑👑👑👑👑💯💯💯💯💯💯💯💯💯💯❤️❤️❤️❤️❤️❤️❤️❤️❤️","2026-06-06T18:13:23.000Z","dapeach_01","https://scontent-phx1-1.cdninstagram.com/v/t51.2885-19/20687876_230411564148046_8655369977827688448_a.jpg?stp=dst-jpg_s150x150_tt6&_nc_cat=104&ccb=7-5&_nc_sid=f7ccc5&efg=eyJ2ZW5jb2RlX3RhZyI6InByb2ZpbGVfcGljLnd3dy43NTAuQzMifQ%3D%3D&_nc_ohc=hb_aRzeodXwQ7kNvwHP8kMn&_nc_oc=AdoQ4naHJY7TPTGyxp3Z7-FYfbodFid3PkKKMld2OjMWIBvQCAHZ4rFZBmjVpTMcK9w&_nc_zt=24&_nc_ht=scontent-phx1-1.cdninstagram.com&_nc_ss=72a8c&oh=00_Af-VmgG0GtHots687GjrjRFuuI5yv9UkC_CMFTyCK5UjCw&oe=6A2B37E9","https://www.instagram.com/p/DYSiUvNxYCG/"
"17879549049454854","RIP….. all of you 🙏🏽","2026-06-06T17:11:14.000Z","mama.ebskitchen","https://scontent-phx1-1.cdninstagram.com/v/t51.2885-19/274249321_521120092693343_543928456661498470_n.jpg?stp=dst-jpg_s150x150_tt6&_nc_cat=108&ccb=7-5&_nc_sid=f7ccc5&efg=eyJ2ZW5jb2RlX3RhZyI6InByb2ZpbGVfcGljLnd3dy42OTUuQzMifQ%3D%3D&_nc_ohc=6sznFk58bK4Q7kNvwF_bVYJ&_nc_oc=AdoihKboriga_rnEYHhU804k8yOF2_uZ6lbHxg28oeZUr2Zgt8g7pthXcwcmVPskrY4&_nc_zt=24&_nc_ht=scontent-phx1-1.cdninstagram.com&_nc_ss=72a8c&oh=00_Af-y0Jh_OBNpv6DwbMDr0pHdH6yAl82uKoZbkDauLdYZHA&oe=6A2B40D3","https://www.instagram.com/p/DYSiUvNxYCG/"
"18588831328053505","❤️❤️❤️❤️❤️❤️","2026-06-06T07:53:55.000Z","lovie.2234","https://scontent-phx1-1.cdninstagram.com/v/t51.89012-19/573323465_1219825463302212_7278921664109726296_n.jpg?stp=dst-jpg_s150x150_tt6&_nc_cat=1&ccb=7-5&_nc_sid=f7ccc5&efg=eyJ2ZW5jb2RlX3RhZyI6InByb2ZpbGVfcGljLnd3dy5DMyJ9&_nc_ohc=YQQEIw1CjK0Q7kNvwF6ee11&_nc_oc=AdrwTzheqMa_J_7LuO4KUdMMB4a9eOs7gTMcNg0VfeGYuTWcvHPKN3lHWzJA5NbBIEg&_nc_zt=24&_nc_ht=scontent-phx1-1.cdninstagram.com&_nc_gid=lm6CjHsDQrtYasB735sSJQ&_nc_ss=72a8c&oh=00_Af9vrZht95uApqcbzEP2fzudxKcqybQw5qGgsE0RexL8Gw&oe=6A2B22A2","https://www.instagram.com/p/DYSiUvNxYCG/"
"18256699306306219","Nice pic","2026-06-06T05:12:15.000Z","welcome.vicki","https://scontent-phx1-1.cdninstagram.com/v/t51.89012-19/573323465_1219825463302212_7278921664109726296_n.jpg?stp=dst-jpg_s150x150_tt6&_nc_cat=1&ccb=7-5&_nc_sid=f7ccc5&efg=eyJ2ZW5jb2RlX3RhZyI6InByb2ZpbGVfcGljLnd3dy5DMyJ9&_nc_ohc=YQQEIw1CjK0Q7kNvwF6ee11&_nc_oc=AdrwTzheqMa_J_7LuO4KUdMMB4a9eOs7gTMcNg0VfeGYuTWcvHPKN3lHWzJA5NbBIEg&_nc_zt=24&_nc_ht=scontent-phx1-1.cdninstagram.com&_nc_gid=lm6CjHsDQrtYasB735sSJQ&_nc_ss=72a8c&oh=00_Af9vrZht95uApqcbzEP2fzudxKcqybQw5qGgsE0RexL8Gw&oe=6A2B22A2","https://www.instagram.com/p/DYSiUvNxYCG/"
"18065904878453770","💯💯💯💯💯💯💯💯💯❤️❤️❤️❤️❤️❤️❤️❤️❤️❤️❤️","2026-06-06T04:44:10.000Z","kosmik_link27","https://scontent-phx1-1.cdninstagram.com/v/t51.2885-19/187185770_953370068786067_8155644674144174097_n.jpg?stp=dst-jpg_s150x150_tt6&_nc_cat=108&ccb=7-5&_nc_sid=f7ccc5&efg=eyJ2ZW5jb2RlX3RhZyI6InByb2ZpbGVfcGljLnd3dy4xMDI0LkMzIn0%3D&_nc_ohc=c_yvy8UG7fEQ7kNvwFBLIuZ&_nc_oc=AdqYLPdMTLPQ8whtFN9gDRCZUisGDJkKGfkTqHyVUa_KG6j-avf4TpWgrd2vEFiIvl4&_nc_zt=24&_nc_ht=scontent-phx1-1.cdninstagram.com&_nc_ss=72a8c&oh=00_Af8QL6Vg-zVXBsR1_FkicaMBxgUkQUqoYFXAz2Zyz9Z8SQ&oe=6A2B372C","https://www.instagram.com/p/DYSiUvNxYCG/"
"18117685135697154","Prince was not that tall. That looks messed up!","2026-06-06T03:05:10.000Z","peggywatkins678","https://scontent-phx1-1.cdninstagram.com/v/t51.2885-19/68708063_2447063125317060_4516730742553706496_n.jpg?stp=dst-jpg_s150x150_tt6&_nc_cat=110&ccb=7-5&_nc_sid=f7ccc5&efg=eyJ2ZW5jb2RlX3RhZyI6InByb2ZpbGVfcGljLnd3dy4xMDgwLkMzIn0%3D&_nc_ohc=MCriohl0jSIQ7kNvwEL4WVa&_nc_oc=AdpOQ8pcV_-888OtZhdfIJkPy9e3NgPBT0rMGnhq_i6h5pzgiEvgos16XTvAHuPX_js&_nc_zt=24&_nc_ht=scontent-phx1-1.cdninstagram.com&_nc_ss=72a8c&oh=00_Af-KjqDQaQVYMULxpS-oMyJP8Rrg-7A1XkPpdJ6w5Krxjg&oe=6A2B161E","https://www.instagram.com/p/DYSiUvNxYCG/"
"17917626363380679","R.I.H. MY BELOVED BROTHER'S YOU ARE TRULY MISSED AMEN 🙏😇🙏👑❤️👑 LEDGE'S GONE BUT WILL NEVER BE  FORGOTTEN  TRUE KINGS 👑👑👑👑👑❤️❤️❤️❤️❤️❤️💯💯💯💯💯","2026-06-06T03:02:49.000Z","jennie46150","https://scontent-phx1-1.cdninstagram.com/v/t51.89012-19/573323465_1219825463302212_7278921664109726296_n.jpg?stp=dst-jpg_s150x150_tt6&_nc_cat=1&ccb=7-5&_nc_sid=f7ccc5&efg=eyJ2ZW5jb2RlX3RhZyI6InByb2ZpbGVfcGljLnd3dy5DMyJ9&_nc_ohc=YQQEIw1CjK0Q7kNvwF6ee11&_nc_oc=AdrwTzheqMa_J_7LuO4KUdMMB4a9eOs7gTMcNg0VfeGYuTWcvHPKN3lHWzJA5NbBIEg&_nc_zt=24&_nc_ht=scontent-phx1-1.cdninstagram.com&_nc_gid=lm6CjHsDQrtYasB735sSJQ&_nc_ss=72a8c&oh=00_Af9vrZht95uApqcbzEP2fzudxKcqybQw5qGgsE0RexL8Gw&oe=6A2B22A2","https://www.instagram.com/p/DYSiUvNxYCG/"
"18152956915487824","Amazing work😍","2026-05-31T18:57:58.000Z","art_ai968","https://scontent-sjc6-1.cdninstagram.com/v/t51.82787-19/629808806_17989486742928797_4415007566869835477_n.jpg?stp=dst-jpg_s150x150_tt6&_nc_cat=108&ccb=7-5&_nc_sid=f7ccc5&efg=eyJ2ZW5jb2RlX3RhZyI6InByb2ZpbGVfcGljLnd3dy4xMDgwLkMzIn0%3D&_nc_ohc=cFc7m4FWEiMQ7kNvwFh_lo6&_nc_oc=Adqp66Fd_NEgCFthzJ5lLo_XDc7BxzQLJvq5CIJ_h8mzsYg-PgcplBILF2KscmyQbAw&_nc_zt=24&_nc_ht=scontent-sjc6-1.cdninstagram.com&_nc_gid=vZDT6pOTHyaEBmjvAAyMfw&_nc_ss=78a8c&oh=00_Af_F-lfhxplUJgHwduHhEC7ldJRomiTJ8WR-MX2g29m61w&oe=6A2B4D6C","https://www.instagram.com/p/DYEGek1CBMp/"
"18584006431044908","😍😍","2026-05-31T18:29:19.000Z","stella.ai.vip","https://scontent-sjc3-1.cdninstagram.com/v/t51.82787-19/703001399_17873316822610467_8444388263682715456_n.jpg?stp=dst-jpg_s150x150_tt6&_nc_cat=105&ccb=7-5&_nc_sid=f7ccc5&efg=eyJ2ZW5jb2RlX3RhZyI6InByb2ZpbGVfcGljLnd3dy4xMDgwLkMzIn0%3D&_nc_ohc=ejADAqGIL3gQ7kNvwGknL-i&_nc_oc=AdpC_1vj4ceddqMLqKYFjG6im6OP6ZqTbC4iBCul29W8LSYONVtavvFpgR1LI8zl-AU&_nc_zt=24&_nc_ht=scontent-sjc3-1.cdninstagram.com&_nc_gid=vZDT6pOTHyaEBmjvAAyMfw&_nc_ss=78a8c&oh=00_Af8zIutduaUYeqop36IfkrV9pD4EIaaXU8SgTWqq3GXHug&oe=6A2B2B8F","https://www.instagram.com/p/DYEGek1CBMp/"
"17928993390319932","Incredible work🔥🔥🔥","2026-05-31T12:28:07.000Z","szpunar.lydia","https://scontent-sjc6-1.cdninstagram.com/v/t51.2885-19/448798050_1493808618228157_1652267498078712920_n.jpg?stp=dst-jpg_s150x150_tt6&_nc_cat=111&ccb=7-5&_nc_sid=f7ccc5&efg=eyJ2ZW5jb2RlX3RhZyI6InByb2ZpbGVfcGljLnd3dy4xODAuQzMifQ%3D%3D&_nc_ohc=Y9XMPkDRboUQ7kNvwE0XJLc&_nc_oc=AdqeO2P2bciI0PdKnLf4zKvhkAHO4DohPgeUeSGBnc4GDKm4yoUNiAb3FL8c1JV87uI&_nc_zt=24&_nc_ht=scontent-sjc6-1.cdninstagram.com&_nc_ss=78a8c&oh=00_Af-NRt8gZCDRKqN3jDUY_S8YyGw3z5VbYSYB71kj4FMhSA&oe=6A2B3695","https://www.instagram.com/p/DYEGek1CBMp/"
"18002966258923983","Special effects, Graphics 💫💫💫💫🖤🖤🖤🖤💫💫💫🖤🖤🖤💫💫💫💫Incredible 👌🏻","2026-05-31T03:40:19.000Z","eric1970_","https://scontent-sjc6-1.cdninstagram.com/v/t51.82787-19/590411704_17925351426189364_9085214393056568815_n.jpg?stp=dst-jpg_s150x150_tt6&_nc_cat=111&ccb=7-5&_nc_sid=f7ccc5&efg=eyJ2ZW5jb2RlX3RhZyI6InByb2ZpbGVfcGljLnd3dy4xMDgwLkMzIn0%3D&_nc_ohc=W3bieI1qypEQ7kNvwHlMl0-&_nc_oc=Adq9ON5ZbZpQQK40KdJg4Yp6OgM0ACWonRCBfNUFBk2P0q6rJoXyZuTWqyrkXIsZQaI&_nc_zt=24&_nc_ht=scontent-sjc6-1.cdninstagram.com&_nc_gid=vZDT6pOTHyaEBmjvAAyMfw&_nc_ss=78a8c&oh=00_Af9qaUDMPR_TsOO6F7o6mxskBl-zDpyyhPD3hbKwEd_cgA&oe=6A2B40FB","https://www.instagram.com/p/DYEGek1CBMp/"
"17977344177041734","❤️","2026-05-29T15:20:21.000Z","alfaromeog","https://scontent-sjc6-1.cdninstagram.com/v/t51.2885-19/27580673_214839975731737_7446363244081446912_n.jpg?stp=dst-jpg_s150x150_tt6&_nc_cat=100&ccb=7-5&_nc_sid=f7ccc5&efg=eyJ2ZW5jb2RlX3RhZyI6InByb2ZpbGVfcGljLnd3dy4yMDAuQzMifQ%3D%3D&_nc_ohc=QCun1222u24Q7kNvwFpedLu&_nc_oc=Adqzf58hc0avO1TYfWxQiEKxm2m-vyW4hmVA1cveN3sxV4S_-dMgTt2FwGlSoHK2940&_nc_zt=24&_nc_ht=scontent-sjc6-1.cdninstagram.com&_nc_ss=78a8c&oh=00_Af_PqR4xgA6a8KspYQ_l3ENynt3fjA5s9Szht84q2g6Sug&oe=6A2B4051","https://www.instagram.com/p/DYEGek1CBMp/"
"18346339387300338","😍😍😍😍❤️❤️","2026-05-28T13:44:57.000Z","wolfstar115","https://scontent-sjc3-1.cdninstagram.com/v/t51.82787-19/706397270_18080576978392093_5386059655784968306_n.jpg?stp=dst-jpg_s150x150_tt6&_nc_cat=106&ccb=7-5&_nc_sid=f7ccc5&efg=eyJ2ZW5jb2RlX3RhZyI6InByb2ZpbGVfcGljLnd3dy41NTYuQzMifQ%3D%3D&_nc_ohc=gZAPmhUA_akQ7kNvwHxG3GE&_nc_oc=AdrgnXP4HUpQM2McvyKZgKn-yCFosdP-pFYhOUc3aUCnyVkeI_cvUPqWGk16wNqj3-A&_nc_zt=24&_nc_ht=scontent-sjc3-1.cdninstagram.com&_nc_gid=vZDT6pOTHyaEBmjvAAyMfw&_nc_ss=78a8c&oh=00_Af8RKYTvM-dkoQ00Z_beR-DWvSqx4CfebAa8pomAu4GiFg&oe=6A2B31BF","https://www.instagram.com/p/DYEGek1CBMp/"
"18118363960775736","🔥🔥🔥🔥🔥😍","2026-05-25T20:38:00.000Z","nox.moonlit","https://scontent-sjc6-1.cdninstagram.com/v/t51.82787-19/642481193_18452626258103855_5725827894809777137_n.jpg?stp=dst-jpg_s150x150_tt6&_nc_cat=104&ccb=7-5&_nc_sid=f7ccc5&efg=eyJ2ZW5jb2RlX3RhZyI6InByb2ZpbGVfcGljLnd3dy44NDYuQzMifQ%3D%3D&_nc_ohc=kwrMli12xJ8Q7kNvwG34vQ3&_nc_oc=AdqdBx1iRH8RQBk0Achz4QkGPbLrkjlaf5MnvgqcWiWkEK9KiO6kPRS6cgEyZopLS0c&_nc_zt=24&_nc_ht=scontent-sjc6-1.cdninstagram.com&_nc_gid=vZDT6pOTHyaEBmjvAAyMfw&_nc_ss=78a8c&oh=00_Af8FzIdkmZKFvyfenlHX6JzCU2eT9L1O17ALiF154KyUsA&oe=6A2B4506","https://www.instagram.com/p/DYEGek1CBMp/"
"18082545626415197","Anca yiyin birbirinizi kan emici🤣","2026-05-25T18:58:31.000Z","tburcuuu9","https://scontent-sjc3-1.cdninstagram.com/v/t51.82787-19/719483230_17883744084596237_2588736166797228801_n.jpg?stp=dst-jpg_s150x150_tt6&_nc_cat=110&ccb=7-5&_nc_sid=f7ccc5&efg=eyJ2ZW5jb2RlX3RhZyI6InByb2ZpbGVfcGljLnd3dy4xMDgwLkMzIn0%3D&_nc_ohc=Q4pAfPzl2ooQ7kNvwEnXB5_&_nc_oc=Adr-92QRkwP5R1BhFzKfq087_joU4VOuSgmaPMDaQbsKNImfyz2vvRsELSNKlO5XIRE&_nc_zt=24&_nc_ht=scontent-sjc3-1.cdninstagram.com&_nc_gid=vZDT6pOTHyaEBmjvAAyMfw&_nc_ss=78a8c&oh=00_Af-AyPzJb9lMGFRf6OWnG8tfinzqwh4sLnmK3UrF-1t7hQ&oe=6A2B254D","https://www.instagram.com/p/DYEGek1CBMp/"
"17853121491675219","🔥🔥🔥","2026-05-25T18:33:58.000Z","aipixelplex2.0","https://scontent-sjc6-1.cdninstagram.com/v/t51.82787-19/628053578_17848521540672677_3791521693271188033_n.jpg?stp=dst-jpg_s150x150_tt6&_nc_cat=111&ccb=7-5&_nc_sid=f7ccc5&efg=eyJ2ZW5jb2RlX3RhZyI6InByb2ZpbGVfcGljLnd3dy4xMDgwLkMzIn0%3D&_nc_ohc=2jQ8X4ukousQ7kNvwH8dRlN&_nc_oc=Adq84pSrBpDjubl0XPIuqVnKfLQ7DR4dHZbWNFwNhzJ8Hw2GOyZfTwN1bTfiSaUlgj4&_nc_zt=24&_nc_ht=scontent-sjc6-1.cdninstagram.com&_nc_gid=vZDT6pOTHyaEBmjvAAyMfw&_nc_ss=78a8c&oh=00_Af92S5yoAyXjJG-DGKXLuRwsEwWdJ_423qAjRsJi9jvfBA&oe=6A2B30E3","https://www.instagram.com/p/DYEGek1CBMp/"
"18206343184344521","🔥🔥🔥🔥🔥 I love the duality!!","2026-05-25T14:05:02.000Z","523christopher","https://scontent-sjc6-1.cdninstagram.com/v/t51.82787-19/659086141_18074432657238670_9075015051561605288_n.jpg?stp=dst-jpg_s150x150_tt6&_nc_cat=104&ccb=7-5&_nc_sid=f7ccc5&efg=eyJ2ZW5jb2RlX3RhZyI6InByb2ZpbGVfcGljLnd3dy4xMDgwLkMzIn0%3D&_nc_ohc=OQeDrcHXmTYQ7kNvwHUxpiS&_nc_oc=Ado4qTZQgtRDZqd2AkYzrn7Lhpe_0wV9Cgace7HSzvIrFRaLTzRvKBRx7M7BIfI8yvg&_nc_zt=24&_nc_ht=scontent-sjc6-1.cdninstagram.com&_nc_gid=vZDT6pOTHyaEBmjvAAyMfw&_nc_ss=78a8c&oh=00_Af_NyTilQahiD_MKB8KVMtfNeS_pB9iS22Tf6HfJ72WkFQ&oe=6A2B3AE9","https://www.instagram.com/p/DYEGek1CBMp/"
"18005870201874071","😍😍","2026-05-25T11:53:07.000Z","vowv.erse","https://scontent-sjc6-1.cdninstagram.com/v/t51.82787-19/524659330_17847063306531102_5385455548479957292_n.jpg?stp=dst-jpg_s150x150_tt6&_nc_cat=109&ccb=7-5&_nc_sid=f7ccc5&efg=eyJ2ZW5jb2RlX3RhZyI6InByb2ZpbGVfcGljLnd3dy4xMDgwLkMzIn0%3D&_nc_ohc=tPzD_atUb_UQ7kNvwH4p4DV&_nc_oc=Adrjgca1GOAl98KIKf78wpDOFkCUqz7IB2UhrPqMWZhU_g-KxHUHibE4_cPKRXq-wpo&_nc_zt=24&_nc_ht=scontent-sjc6-1.cdninstagram.com&_nc_gid=vZDT6pOTHyaEBmjvAAyMfw&_nc_ss=78a8c&oh=00_Af_sVxzh-T2gsTe9OmwgvV6N5OykQhhRoSu-SeF5l2dkwQ&oe=6A2B1F45","https://www.instagram.com/p/DYEGek1CBMp/"
"17936975475083822","😮😮","2026-05-25T10:20:10.000Z","ai_universe_official_007","https://scontent-sjc6-1.cdninstagram.com/v/t51.82787-19/714631388_17863159905691703_6284620469905868630_n.jpg?stp=dst-jpg_s150x150_tt6&_nc_cat=102&ccb=7-5&_nc_sid=f7ccc5&efg=eyJ2ZW5jb2RlX3RhZyI6InByb2ZpbGVfcGljLnd3dy4xMDgwLkMzIn0%3D&_nc_ohc=JOhle-2pXgMQ7kNvwFiuZhY&_nc_oc=AdpAKumnO_dd4VeOqwYcZGw9psQLsijKL-2aXJY3_lpSJaCWxLvR76fvS58uf6X8zE4&_nc_zt=24&_nc_ht=scontent-sjc6-1.cdninstagram.com&_nc_gid=vZDT6pOTHyaEBmjvAAyMfw&_nc_ss=78a8c&oh=00_Af-zOx3vcLuQ8SODQmjlEuu7kjmSjEr7vRt3_TBxNSVKyQ&oe=6A2B25E0","https://www.instagram.com/p/DYEGek1CBMp/"
"18117134041691911","🔥🔥🔥🔥","2026-05-25T10:07:18.000Z","le_frasi_piu_belle92","https://scontent-sjc6-1.cdninstagram.com/v/t51.82787-19/671134725_17857886709688673_1913435208821233130_n.jpg?stp=dst-jpg_s150x150_tt6&_nc_cat=109&ccb=7-5&_nc_sid=f7ccc5&efg=eyJ2ZW5jb2RlX3RhZyI6InByb2ZpbGVfcGljLnd3dy4xMDI0LkMzIn0%3D&_nc_ohc=AG4Gwfmo_WIQ7kNvwFYX1oN&_nc_oc=Adpx2SNZPC284hx85nuc5v0wH8GuSekkpGd3My6Nan6_qP4dfyzX_Db9tDArx18MZLc&_nc_zt=24&_nc_ht=scontent-sjc6-1.cdninstagram.com&_nc_gid=vZDT6pOTHyaEBmjvAAyMfw&_nc_ss=78a8c&oh=00_Af8EZFDcwuy-WyMlyX74B1WSMBL4q7wP2JBLEpZsbTZmGA&oe=6A2B1FF8","https://www.instagram.com/p/DYEGek1CBMp/"
"18050474066770649","So lovely and beautiful 💙💙","2026-05-24T22:48:52.000Z","vandatodi","https://scontent-sjc3-1.cdninstagram.com/v/t51.82787-19/710315411_18465937492107535_6358798436955951566_n.jpg?stp=dst-jpg_s150x150_tt6&_nc_cat=110&ccb=7-5&_nc_sid=f7ccc5&efg=eyJ2ZW5jb2RlX3RhZyI6InByb2ZpbGVfcGljLnd3dy4xMDgwLkMzIn0%3D&_nc_ohc=t2uXGWU-p3wQ7kNvwELu9HS&_nc_oc=AdoLcnEgYCQH6ZEcYbx27hWuWITcxOe1QF0LJY4ouiteFZRF5M2nFkA1uRThFoV1HH4&_nc_zt=24&_nc_ht=scontent-sjc3-1.cdninstagram.com&_nc_gid=vZDT6pOTHyaEBmjvAAyMfw&_nc_ss=78a8c&oh=00_Af_iY-jk34sTFcZh5F_nCI9sA2VSmvwVOMH8YL3CMO7f0w&oe=6A2B2E8B","https://www.instagram.com/p/DYEGek1CBMp/"
"18127668154720147","🫶❤️🫶❤️🫶❤️🫶❤️🫶❤️","2026-05-24T12:04:19.000Z","jordanova_dani1990","https://scontent-sjc6-1.cdninstagram.com/v/t51.2885-19/327170129_1493051588114735_7032691441510884131_n.jpg?stp=dst-jpg_s150x150_tt6&_nc_cat=100&ccb=7-5&_nc_sid=f7ccc5&efg=eyJ2ZW5jb2RlX3RhZyI6InByb2ZpbGVfcGljLnd3dy44NTguQzMifQ%3D%3D&_nc_ohc=b0lG1lkcv9YQ7kNvwEnNgYS&_nc_oc=AdovcNgZG4UkdJ9h8uzre6OnK3vo97vfCfZl3V45UnHDXLnjF9IKkqdLEAfA0lmyuFg&_nc_zt=24&_nc_ht=scontent-sjc6-1.cdninstagram.com&_nc_ss=78a8c&oh=00_Af-gl07YijOv3ywn0WuPffBSllWwscE_MbqTMPFgvsFu1Q&oe=6A2B3D1B","https://www.instagram.com/p/DYEGek1CBMp/"
"18095439878244020","Beutiful 😍","2026-06-03T11:53:53.000Z","emptychapter_ai","https://scontent-lga3-2.cdninstagram.com/v/t51.82787-19/714699594_18089070404082031_970920023511918662_n.jpg?stp=dst-jpg_s150x150_tt6&_nc_cat=100&ccb=7-5&_nc_sid=f7ccc5&efg=eyJ2ZW5jb2RlX3RhZyI6InByb2ZpbGVfcGljLnd3dy4xMDgwLkMzIn0%3D&_nc_ohc=9CEv3rDKMCAQ7kNvwGyjeb2&_nc_oc=Adrb4z94wKWwAMEE80e9seq7KFcNP8BBd7XMYoePAk7h0mFP_-VbvzCGwUTTPSRZ6bF4cXbsWwp5eLlCm0nZj50f&_nc_zt=24&_nc_ht=scontent-lga3-2.cdninstagram.com&_nc_gid=Oe-sBwIDLlXFhFUjuPIYbA&_nc_ss=7ba8c&oh=00_Af_xEmxCE9t8vh_e7urmpIJ4wXHtiLAkjqbvsDPJdJ2qvA&oe=6A2B2047","https://www.instagram.com/p/DYbgKg3FVlV/"
"17864187624688512","😍😍😍","2026-06-02T18:52:30.000Z","mondalsurojit5110","https://scontent-lga3-2.cdninstagram.com/v/t51.82787-19/715079130_17952437496161792_6982284634072049673_n.jpg?stp=dst-jpg_s150x150_tt6&_nc_cat=107&ccb=7-5&_nc_sid=f7ccc5&efg=eyJ2ZW5jb2RlX3RhZyI6InByb2ZpbGVfcGljLnd3dy4xMDgwLkMzIn0%3D&_nc_ohc=YzMH7sgNejcQ7kNvwEwfhO2&_nc_oc=Adqscz_pcoLbiPJ4ghBQi3MlzGigxWNzlEVsruesgAK-yFgC1moE594ok4h8IC4WKwNPKZNuoNQwzebM7qsM4exJ&_nc_zt=24&_nc_ht=scontent-lga3-2.cdninstagram.com&_nc_gid=Oe-sBwIDLlXFhFUjuPIYbA&_nc_ss=7ba8c&oh=00_Af8Q46qpoasyw7OkiBJ0PuYx6lSJl0XDfLtIr0yjo7KQbQ&oe=6A2B39AB","https://www.instagram.com/p/DYbgKg3FVlV/"
"17950053222177757","All are My Dreams😍🛏️😴","2026-05-30T21:55:29.000Z","___4bhi_rj_4___","https://scontent-lga3-3.cdninstagram.com/v/t51.82787-19/711829287_18113716439481181_3310932575988841265_n.jpg?stp=dst-jpg_s150x150_tt6&_nc_cat=108&ccb=7-5&_nc_sid=f7ccc5&efg=eyJ2ZW5jb2RlX3RhZyI6InByb2ZpbGVfcGljLnd3dy4xMDgwLkMzIn0%3D&_nc_ohc=pAHx3oX3W5AQ7kNvwHjUCi3&_nc_oc=Adqodktx_m_YoBbHaLkSkDlHxSxc-v2A5JCE-VodUTiJKTkdza2nekgWIAg9mjhwqxEuz8QJlUznROvEHeP2TKKu&_nc_zt=24&_nc_ht=scontent-lga3-3.cdninstagram.com&_nc_gid=Oe-sBwIDLlXFhFUjuPIYbA&_nc_ss=7ba8c&oh=00_Af_i55jmETfXommIemrrbNZW-CjNTgqbT5KTGfNhbMl7tQ&oe=6A2B4486","https://www.instagram.com/p/DYbgKg3FVlV/"
"18113165854858481","Eppozhengilum life inganokke aayi kandamayirunnu...","2026-05-30T21:52:43.000Z","___4bhi_rj_4___","https://scontent-lga3-3.cdninstagram.com/v/t51.82787-19/711829287_18113716439481181_3310932575988841265_n.jpg?stp=dst-jpg_s150x150_tt6&_nc_cat=108&ccb=7-5&_nc_sid=f7ccc5&efg=eyJ2ZW5jb2RlX3RhZyI6InByb2ZpbGVfcGljLnd3dy4xMDgwLkMzIn0%3D&_nc_ohc=pAHx3oX3W5AQ7kNvwHjUCi3&_nc_oc=Adqodktx_m_YoBbHaLkSkDlHxSxc-v2A5JCE-VodUTiJKTkdza2nekgWIAg9mjhwqxEuz8QJlUznROvEHeP2TKKu&_nc_zt=24&_nc_ht=scontent-lga3-3.cdninstagram.com&_nc_gid=Oe-sBwIDLlXFhFUjuPIYbA&_nc_ss=7ba8c&oh=00_Af_i55jmETfXommIemrrbNZW-CjNTgqbT5KTGfNhbMl7tQ&oe=6A2B4486","https://www.instagram.com/p/DYbgKg3FVlV/"
"18107661668299508","","2026-05-30T15:33:14.000Z","pnndditbishbaas123456","https://scontent-lga3-1.cdninstagram.com/v/t51.82787-19/670638512_18077240186243021_2837519759619093784_n.jpg?stp=dst-jpg_s150x150_tt6&_nc_cat=103&ccb=7-5&_nc_sid=f7ccc5&efg=eyJ2ZW5jb2RlX3RhZyI6InByb2ZpbGVfcGljLnd3dy4xMDgwLkMzIn0%3D&_nc_ohc=ZxtOxfEbeisQ7kNvwHi45Q3&_nc_oc=AdoMoYcRmoXwodKkHB-yuaBcgOLtLEPTq_NKiNXTGExt-1DGOuOStUZ30xIcVmqCd0cQRYzv4IAbzZ1MtRVZR8e-&_nc_zt=24&_nc_ht=scontent-lga3-1.cdninstagram.com&_nc_gid=Oe-sBwIDLlXFhFUjuPIYbA&_nc_ss=7ba8c&oh=00_Af892w8jKMeVXDK5p9WHPBrRhu0M51hOtlDRXX4pdgUCMA&oe=6A2B23E2","https://www.instagram.com/p/DYbgKg3FVlV/"
"18128913823590531","😢","2026-05-30T08:16:44.000Z","sai_baba_stor143","https://scontent-lga3-3.cdninstagram.com/v/t51.82787-19/684867092_18114979234835152_657324218662206227_n.jpg?stp=dst-jpg_s150x150_tt6&_nc_cat=102&ccb=7-5&_nc_sid=f7ccc5&efg=eyJ2ZW5jb2RlX3RhZyI6InByb2ZpbGVfcGljLnd3dy4xMDgwLkMzIn0%3D&_nc_ohc=DcRSIpdnQ0EQ7kNvwE6mhAM&_nc_oc=AdplXN9uWhTEtawQXr_CCpncxviftk8_ot-HKo2dr4v2s_gZ0O8e4DrZahqeLl4fkKwdS8j-JJ85R2vnOroseKoU&_nc_zt=24&_nc_ht=scontent-lga3-3.cdninstagram.com&_nc_gid=Oe-sBwIDLlXFhFUjuPIYbA&_nc_ss=7ba8c&oh=00_Af8cnRNLMc6C_sB9tuPfl5Nwo8OOAOubxdfZ5wwDDC2nAQ&oe=6A2B33D1","https://www.instagram.com/p/DYbgKg3FVlV/"
"18295017676304638","🥰🥰🥰","2026-05-30T04:29:55.000Z","black_devil1383","https://scontent-lga3-2.cdninstagram.com/v/t51.82787-19/671853804_17888847636518689_1349028475079218077_n.jpg?stp=dst-jpg_s150x150_tt6&_nc_cat=100&ccb=7-5&_nc_sid=f7ccc5&efg=eyJ2ZW5jb2RlX3RhZyI6InByb2ZpbGVfcGljLnd3dy4xMDgwLkMzIn0%3D&_nc_ohc=HtQoIaT_fO8Q7kNvwG2w_tS&_nc_oc=AdrR5F-bfjqDrx0Nb7pA6Yc5xsNvOMb1oTvLbPkkDs6HqmVPVtHKN5MmYfUVcY5cq4YlIk4vSYV39-fFDx_I0XFZ&_nc_zt=24&_nc_ht=scontent-lga3-2.cdninstagram.com&_nc_gid=Oe-sBwIDLlXFhFUjuPIYbA&_nc_ss=7ba8c&oh=00_Af86O_CX3qasj2Krp3iZIxwi_-VADEU7rO4dl6lJsDwzBw&oe=6A2B3ECB","https://www.instagram.com/p/DYbgKg3FVlV/"
"18072838937662206","🙌","2026-05-28T18:53:00.000Z","rinky.15934","https://scontent-lga3-3.cdninstagram.com/v/t51.82787-19/706676937_17889861099500517_5566398160737165458_n.jpg?stp=dst-jpg_s150x150_tt6&_nc_cat=106&ccb=7-5&_nc_sid=f7ccc5&efg=eyJ2ZW5jb2RlX3RhZyI6InByb2ZpbGVfcGljLnd3dy4xMDgwLkMzIn0%3D&_nc_ohc=p6Ag5i49WuwQ7kNvwGKR2Mt&_nc_oc=AdrYDvYTWRUhREwbwNqDqw7MkkRkLFSkbziM8yHQIrkeolH6Ep5Tzn4Ecn_xKn6v75JSyWG2FIAxUgb9h2PG-qUI&_nc_zt=24&_nc_ht=scontent-lga3-3.cdninstagram.com&_nc_gid=Oe-sBwIDLlXFhFUjuPIYbA&_nc_ss=7ba8c&oh=00_Af98eO4nM6IrDVxa6WMXgKtgZajBWtBKHrdwJgSKvLhSlw&oe=6A2B3FB7","https://www.instagram.com/p/DYbgKg3FVlV/"
"18090789647364831","❤️❤️❤️❤️❤️❤️❤️❤️❤️❤️😍😍😍😍😍","2026-05-28T18:17:46.000Z","seojin_yerin","https://scontent-lga3-2.cdninstagram.com/v/t51.82787-19/657683386_17988281555953716_3878557481806202579_n.jpg?stp=dst-jpg_s150x150_tt6&_nc_cat=100&ccb=7-5&_nc_sid=f7ccc5&efg=eyJ2ZW5jb2RlX3RhZyI6InByb2ZpbGVfcGljLnd3dy44MTAuQzMifQ%3D%3D&_nc_ohc=_Q9wC92z9rEQ7kNvwFZPiEy&_nc_oc=AdpaSdOUZ19n5XI8U3gN1acVAoftjvc5yUBCOnRKWoYp1sFLDw1j0w-cPbBv_XaloxF7LE-WqYrzDIHQUElh0Fkj&_nc_zt=24&_nc_ht=scontent-lga3-2.cdninstagram.com&_nc_gid=Oe-sBwIDLlXFhFUjuPIYbA&_nc_ss=7ba8c&oh=00_Af_18juws--wyOtn4_ERoHn37dXm-NGTkVWIRfux9CPLJg&oe=6A2B312C","https://www.instagram.com/p/DYbgKg3FVlV/"
"18267476587290162","😍😍❤️❤️❤️❤️","2026-05-28T18:11:35.000Z","theanuai","https://scontent-phl2-1.cdninstagram.com/v/t51.82787-19/624959720_17864424495568121_586661312958861692_n.jpg?stp=dst-jpg_s150x150_tt6&_nc_cat=1&ccb=7-5&_nc_sid=f7ccc5&efg=eyJ2ZW5jb2RlX3RhZyI6InByb2ZpbGVfcGljLnd3dy4xMDgwLkMzIn0%3D&_nc_ohc=xiJZ2FwB3bUQ7kNvwG4sy-c&_nc_oc=AdoVHSvIzb4VzIkdSyebdu1pgZB3z-0pbthUMW2aX9hYCamM6qx_lKzdXEhnQeLede-anoZj2ovhntx8c5QDMBu3&_nc_zt=24&_nc_ht=scontent-phl2-1.cdninstagram.com&_nc_gid=Oe-sBwIDLlXFhFUjuPIYbA&_nc_ss=7ba8c&oh=00_Af_bLHx6qHY03ASKtaw2rRHy_7g3g3WLWAcCADRomR7F-A&oe=6A2B3F63","https://www.instagram.com/p/DYbgKg3FVlV/"
"17963235552120594","❤️","2026-05-28T12:14:27.000Z","_khushi_mishra.0011","https://scontent-lga3-1.cdninstagram.com/v/t51.82787-19/703977860_18072082193682596_6654439676340833697_n.jpg?stp=dst-jpg_s150x150_tt6&_nc_cat=103&ccb=7-5&_nc_sid=f7ccc5&efg=eyJ2ZW5jb2RlX3RhZyI6InByb2ZpbGVfcGljLnd3dy4xMDgwLkMzIn0%3D&_nc_ohc=tPr71v4impUQ7kNvwGeAyPq&_nc_oc=AdqaoHuP3AbBN8YiWSl53Yj01s46FzjczlvsdE7TIePPVHe6Jvw_mrDhPSjoJa9i8CBJJdyZp2ZG0_f8RfzjOCzd&_nc_zt=24&_nc_ht=scontent-lga3-1.cdninstagram.com&_nc_gid=Oe-sBwIDLlXFhFUjuPIYbA&_nc_ss=7ba8c&oh=00_Af_eYvk1oFkZVKgv-vu9my782g5XkHhQctDo9Q3i2VeO5Q&oe=6A2B4282","https://www.instagram.com/p/DYbgKg3FVlV/"
"17870193708680502","❤️rahul...janu","2026-05-28T02:13:20.000Z","lovely_anjel_5711","https://scontent-lga3-2.cdninstagram.com/v/t51.82787-19/713644444_18110934761500045_8584976343035486391_n.jpg?stp=dst-jpg_s150x150_tt6&_nc_cat=107&ccb=7-5&_nc_sid=f7ccc5&efg=eyJ2ZW5jb2RlX3RhZyI6InByb2ZpbGVfcGljLnd3dy4xMDgwLkMzIn0%3D&_nc_ohc=X6zx5iotik0Q7kNvwEWvvuw&_nc_oc=Ado7jwjOd28mbjT4zrvazRwr_Xbm_VpbuVafKLli00rYP3ZqkChOjeqLKIhsA-b8VZtAcjN4yqYQdNC-gfottFBY&_nc_zt=24&_nc_ht=scontent-lga3-2.cdninstagram.com&_nc_gid=Oe-sBwIDLlXFhFUjuPIYbA&_nc_ss=7ba8c&oh=00_Af-75QkMgAznjRKuWDVxl4MAtgiHcw-1N-__miAKOQtMNQ&oe=6A2B499A","https://www.instagram.com/p/DYbgKg3FVlV/"
"17994381206968897","❤️","2026-05-27T16:49:18.000Z","laxmipriya.414582","https://scontent-lga3-3.cdninstagram.com/v/t51.82787-19/639793178_17853410748629968_2288777563974588841_n.jpg?stp=dst-jpg_s150x150_tt6&_nc_cat=108&ccb=7-5&_nc_sid=f7ccc5&efg=eyJ2ZW5jb2RlX3RhZyI6InByb2ZpbGVfcGljLnd3dy44MTIuQzMifQ%3D%3D&_nc_ohc=l94TBOkZFZQQ7kNvwHs2DgK&_nc_oc=AdrCXw5hnGZ-KkRLjNRgupG3yufpGSyzfjuDeCY9bgkyMYxq1DiWAUtAjn2FRgsEmJ31n2IqzQ_RD-Y76EHKKQZd&_nc_zt=24&_nc_ht=scontent-lga3-3.cdninstagram.com&_nc_gid=Oe-sBwIDLlXFhFUjuPIYbA&_nc_ss=7ba8c&oh=00_Af-MjE2VJoa4Y-J2n7-7U6hkHn8VyEgPTKppldWdsxifow&oe=6A2B1A1A","https://www.instagram.com/p/DYbgKg3FVlV/"
"17895159585577983","😍😍","2026-05-27T14:53:19.000Z","official_virat.108","https://scontent-lga3-1.cdninstagram.com/v/t51.82787-19/582104374_18059782007640327_1611159554790762257_n.jpg?stp=dst-jpg_s150x150_tt6&_nc_cat=111&ccb=7-5&_nc_sid=f7ccc5&efg=eyJ2ZW5jb2RlX3RhZyI6InByb2ZpbGVfcGljLnd3dy4xMDgwLkMzIn0%3D&_nc_ohc=JNbs_vdokJIQ7kNvwEx0MNL&_nc_oc=AdoDmiyKXZflW6pf0VSYP63XDadPVxW4Qr4R-RFMUgMY2ckSJ3-rzoA7hrg1LC7aE1JsZA_PWxLiRS9dNLia8QE5&_nc_zt=24&_nc_ht=scontent-lga3-1.cdninstagram.com&_nc_gid=Oe-sBwIDLlXFhFUjuPIYbA&_nc_ss=7ba8c&oh=00_Af_bc4u25YM-lGiOP92w1uvtjpmMxwTwP-ZfUMPNXAkf8Q&oe=6A2B1B6F","https://www.instagram.com/p/DYbgKg3FVlV/"
"17901187548283065","❤️❤️❤️❤️❤️❤️❤️very nice","2026-05-27T14:53:17.000Z","official_virat.108","https://scontent-lga3-1.cdninstagram.com/v/t51.82787-19/582104374_18059782007640327_1611159554790762257_n.jpg?stp=dst-jpg_s150x150_tt6&_nc_cat=111&ccb=7-5&_nc_sid=f7ccc5&efg=eyJ2ZW5jb2RlX3RhZyI6InByb2ZpbGVfcGljLnd3dy4xMDgwLkMzIn0%3D&_nc_ohc=JNbs_vdokJIQ7kNvwEx0MNL&_nc_oc=AdoDmiyKXZflW6pf0VSYP63XDadPVxW4Qr4R-RFMUgMY2ckSJ3-rzoA7hrg1LC7aE1JsZA_PWxLiRS9dNLia8QE5&_nc_zt=24&_nc_ht=scontent-lga3-1.cdninstagram.com&_nc_gid=Oe-sBwIDLlXFhFUjuPIYbA&_nc_ss=7ba8c&oh=00_Af_bc4u25YM-lGiOP92w1uvtjpmMxwTwP-ZfUMPNXAkf8Q&oe=6A2B1B6F","https://www.instagram.com/p/DYbgKg3FVlV/"
"17952467229156704","Beautiful work 🖤🖤🖤","2026-06-05T06:33:23.000Z","justingreen591","https://scontent-ord5-3.cdninstagram.com/v/t51.82787-19/691678743_18008480933871777_1072752387639029335_n.jpg?stp=dst-jpg_s150x150_tt6&_nc_cat=100&ccb=7-5&_nc_sid=f7ccc5&efg=eyJ2ZW5jb2RlX3RhZyI6InByb2ZpbGVfcGljLnd3dy43NjguQzMifQ%3D%3D&_nc_ohc=VDC8nDtka0wQ7kNvwGlf0e9&_nc_oc=AdpxWvEFcmaVlZjQhkB_DLqZ5dp9P7Bcrudh_bfghgPtdaRn8l0NpVAb2Emtih1GdLw&_nc_zt=24&_nc_ht=scontent-ord5-3.cdninstagram.com&_nc_gid=PCSLRThFlQgTQl__lugmpg&_nc_ss=72a8c&oh=00_Af_j5in7wM6sJeZIR8NF_fmjjdVCSS6DhM9p7nApeohgzg&oe=6A2B24CB","https://www.instagram.com/p/DYsEcIkDTJ2/"
"18094200773230944","❤️❤️❤️❤️","2026-06-02T23:24:24.000Z","luiscan3174","https://scontent-ord5-3.cdninstagram.com/v/t51.82787-19/621542064_18551193652039825_6020221873297171513_n.jpg?stp=dst-jpg_s150x150_tt6&_nc_cat=110&ccb=7-5&_nc_sid=f7ccc5&efg=eyJ2ZW5jb2RlX3RhZyI6InByb2ZpbGVfcGljLnd3dy4xMDgwLkMzIn0%3D&_nc_ohc=vDICELLkW0UQ7kNvwFciaFh&_nc_oc=AdofwvKE3itGehbsf0Y-Ie7cvCMsNC5fn-XF_zbn02fnOA5Vn-Q4fOjjYb0k-XeZxHg&_nc_zt=24&_nc_ht=scontent-ord5-3.cdninstagram.com&_nc_gid=PCSLRThFlQgTQl__lugmpg&_nc_ss=72a8c&oh=00_Af-6lh-2LNZgHS2e8sjrEwqnFu_QNlF2GBhA2rZ1qvAbvA&oe=6A2B4C2C","https://www.instagram.com/p/DYsEcIkDTJ2/"
"17914669443400489","●▲●✨●★●","2026-06-02T11:45:28.000Z","1952bright","https://scontent-ord5-1.cdninstagram.com/v/t51.2885-19/465917860_1746105059262484_5376782200956615594_n.jpg?stp=dst-jpg_s150x150_tt6&_nc_cat=108&ccb=7-5&_nc_sid=f7ccc5&efg=eyJ2ZW5jb2RlX3RhZyI6InByb2ZpbGVfcGljLnd3dy4xMDgwLkMzIn0%3D&_nc_ohc=3N8GfBFkRCQQ7kNvwGxEOfW&_nc_oc=Adrrl5xriOSGQUpgaGTJpdxGveRMJA7fDT9eyvIiQIuv0Dk14kE9knqKOT3_a0a1FWE&_nc_zt=24&_nc_ht=scontent-ord5-1.cdninstagram.com&_nc_ss=72a8c&oh=00_Af9K2Tv6AN_VPsCxW6aNqiwP5a4m2NxtHmdytzi0XY-vWw&oe=6A2B15D9","https://www.instagram.com/p/DYsEcIkDTJ2/"
"18049332650770327","","2026-06-02T00:48:14.000Z","hillenbachkai43","https://scontent-ord5-2.cdninstagram.com/v/t51.2885-19/436731536_1379920432664137_3646682708733168210_n.jpg?stp=dst-jpg_s150x150_tt6&_nc_cat=105&ccb=7-5&_nc_sid=f7ccc5&efg=eyJ2ZW5jb2RlX3RhZyI6InByb2ZpbGVfcGljLnd3dy4xMDgwLkMzIn0%3D&_nc_ohc=O3arvTf6PPYQ7kNvwHo5UT5&_nc_oc=AdonShvbwipub38zE5di7wO-0hrlDA59HfOeQBmb-tiPM12IkvmbP8hjXueWY2QOrgo&_nc_zt=24&_nc_ht=scontent-ord5-2.cdninstagram.com&_nc_ss=72a8c&oh=00_Af9E6_Z7vQMFAVN4NFXxuX1vEr-Mn6CWErpT4wa5TleXPA&oe=6A2B46EF","https://www.instagram.com/p/DYsEcIkDTJ2/"
"18101435336024731","😍😍","2026-05-31T18:30:54.000Z","stella.ai.vip","https://scontent-ord5-2.cdninstagram.com/v/t51.82787-19/703001399_17873316822610467_8444388263682715456_n.jpg?stp=dst-jpg_s150x150_tt6&_nc_cat=105&ccb=7-5&_nc_sid=f7ccc5&efg=eyJ2ZW5jb2RlX3RhZyI6InByb2ZpbGVfcGljLnd3dy4xMDgwLkMzIn0%3D&_nc_ohc=ejADAqGIL3gQ7kNvwFTiSKq&_nc_oc=AdreZHBPWmd9_s08GF3ARhVD01L0iNqfDO1BE9OxfRimkvYLmtO0UZmgR2Ih_zvmY9Q&_nc_zt=24&_nc_ht=scontent-ord5-2.cdninstagram.com&_nc_gid=PCSLRThFlQgTQl__lugmpg&_nc_ss=72a8c&oh=00_Af9g3RxlMIg5xj-Uxcu6qAFwaWEOL97L82M5d_iFL_n0YA&oe=6A2B2B8F","https://www.instagram.com/p/DYsEcIkDTJ2/"
"17931908400086950","🔥🔥🔥","2026-05-31T16:25:37.000Z","aipixelplex","https://scontent-ord5-2.cdninstagram.com/v/t51.82787-19/515771454_17843048496532212_7893027080525256880_n.jpg?stp=dst-jpg_s150x150_tt6&_nc_cat=111&ccb=7-5&_nc_sid=f7ccc5&efg=eyJ2ZW5jb2RlX3RhZyI6InByb2ZpbGVfcGljLnd3dy4xMDgwLkMzIn0%3D&_nc_ohc=fClAf0Z9mp4Q7kNvwEvkyvT&_nc_oc=AdqpFdRkMGuozdh0VT9ROFqIuJZKXutgClVis-8RmlfBw2DTUD00U91UTDAj21bvVBg&_nc_zt=24&_nc_ht=scontent-ord5-2.cdninstagram.com&_nc_gid=PCSLRThFlQgTQl__lugmpg&_nc_ss=72a8c&oh=00_Af8XE3WXizmXvUDaqQ5g7nUkahzhmwKr_DkBvXJqyNxUkg&oe=6A2B1A53","https://www.instagram.com/p/DYsEcIkDTJ2/"
"18101274436842665","🖤🖤🖤","2026-05-31T15:18:39.000Z","yveelatiolai","https://scontent-ord5-1.cdninstagram.com/v/t51.2885-19/448225364_1634870974017665_2079809736313281067_n.jpg?stp=dst-jpg_s150x150_tt6&_nc_cat=101&ccb=7-5&_nc_sid=f7ccc5&efg=eyJ2ZW5jb2RlX3RhZyI6InByb2ZpbGVfcGljLnd3dy4zNTYuQzMifQ%3D%3D&_nc_ohc=LXPrlVOJhMMQ7kNvwFsyj8u&_nc_oc=AdrHvGhHg-hS99_ixL10WT073heuNCsnsjFe3p2__Xa4tT01qqQRJDYsfhHeYEW4CNk&_nc_zt=24&_nc_ht=scontent-ord5-1.cdninstagram.com&_nc_ss=72a8c&oh=00_Af8rk4jBBgk61QZ-nHK0XBEljXedLzWjw5qmMC727M3-Hw&oe=6A2B3C5D","https://www.instagram.com/p/DYsEcIkDTJ2/"
"17865451740566183","😍👏👏","2026-05-30T08:13:22.000Z","darkcatharsis","https://scontent-ord5-3.cdninstagram.com/v/t51.82787-19/543353799_17855000109518650_8564014823015853172_n.jpg?stp=dst-jpg_s150x150_tt6&_nc_cat=110&ccb=7-5&_nc_sid=f7ccc5&efg=eyJ2ZW5jb2RlX3RhZyI6InByb2ZpbGVfcGljLnd3dy4zNjYuQzMifQ%3D%3D&_nc_ohc=KnCMymVEPMQQ7kNvwFbPmL-&_nc_oc=AdoLkbBcSKgpDViOdDNkoOdAmPV8jn9hL0ckfxlqpFCLGEalqHPEzKKKJ8y3znfbGfw&_nc_zt=24&_nc_ht=scontent-ord5-3.cdninstagram.com&_nc_gid=PCSLRThFlQgTQl__lugmpg&_nc_ss=72a8c&oh=00_Af_QhmKxMRyvkvNHckGIWSBrfjh-KfB9lZ5WlJ2m7Qxjqw&oe=6A2B4A5E","https://www.instagram.com/p/DYsEcIkDTJ2/"
"17856614067663475","🖤🖤🖤🔥🔥great work","2026-05-28T16:49:49.000Z","darkvisions.studio","https://scontent-ord5-2.cdninstagram.com/v/t51.82787-19/645881761_17920829595266662_1444044921737969580_n.jpg?stp=dst-jpg_s150x150_tt6&_nc_cat=102&ccb=7-5&_nc_sid=f7ccc5&efg=eyJ2ZW5jb2RlX3RhZyI6InByb2ZpbGVfcGljLnd3dy44NzEuQzMifQ%3D%3D&_nc_ohc=0Q_MiKz_e2cQ7kNvwF-v3dB&_nc_oc=AdoJvGL1iOHB0HdWWTPS5acyQMxziYDfzkG9zpNXD7Mx6_UR-9zJ2PK_tEnv1MOC21c&_nc_zt=24&_nc_ht=scontent-ord5-2.cdninstagram.com&_nc_gid=PCSLRThFlQgTQl__lugmpg&_nc_ss=72a8c&oh=00_Af_AgNLFljSCZW48gOVLqz0alLkC_EZSbwLOcW9FTX1bDg&oe=6A2B1603","https://www.instagram.com/p/DYsEcIkDTJ2/"
"18180584116400876","🔥🔥🔥🔥","2026-05-27T20:28:45.000Z","malami.baiser","https://scontent-ord5-1.cdninstagram.com/v/t51.82787-19/614916285_18073093187524917_7879854035127011172_n.jpg?stp=dst-jpg_s150x150_tt6&_nc_cat=101&ccb=7-5&_nc_sid=f7ccc5&efg=eyJ2ZW5jb2RlX3RhZyI6InByb2ZpbGVfcGljLnd3dy4xMDgwLkMzIn0%3D&_nc_ohc=dPoJfeXL6x0Q7kNvwEcOXsS&_nc_oc=AdrDYRhWSCrwaQ639lENjSjHI7xrw5ampMSvdA3BO9opjKhIKhpORVcOnxWOZEU--Zo&_nc_zt=24&_nc_ht=scontent-ord5-1.cdninstagram.com&_nc_gid=PCSLRThFlQgTQl__lugmpg&_nc_ss=72a8c&oh=00_Af9GaOLUKWQi1WQNcHhBJJU6zhHGHa3K7oZG0Dx05D9-YQ&oe=6A2B277D","https://www.instagram.com/p/DYsEcIkDTJ2/"
"17910434439409448","Absolutely stunning🔥🖤🔥🖤🔥","2026-05-27T19:04:32.000Z","sunshine09970","https://scontent-ord5-2.cdninstagram.com/v/t51.82787-19/527985092_17853166050508730_8621507977997563668_n.jpg?stp=dst-jpg_s150x150_tt6&_nc_cat=103&ccb=7-5&_nc_sid=f7ccc5&efg=eyJ2ZW5jb2RlX3RhZyI6InByb2ZpbGVfcGljLnd3dy4xMDgwLkMzIn0%3D&_nc_ohc=79xteO8nPFEQ7kNvwG_6Fyh&_nc_oc=AdpmvzZZ8QzMIvGVjxH284VX_aj1eclmwE6sHzFO-b_Jy44v5QLCUKDaD9h48FjMKaA&_nc_zt=24&_nc_ht=scontent-ord5-2.cdninstagram.com&_nc_gid=PCSLRThFlQgTQl__lugmpg&_nc_ss=72a8c&oh=00_Af9pKF6xhYPKCsqNBPjjTmKxNAoRR2bgOc57X6iV1kjd_A&oe=6A2B1DB3","https://www.instagram.com/p/DYsEcIkDTJ2/"
"17945385693017754","Magnificent Collab 🖤🔥🙌❤️👏👏","2026-05-27T06:21:08.000Z","artemisjoya81","https://scontent-ord5-3.cdninstagram.com/v/t51.2885-19/480951699_1193753245461026_456660003618828415_n.jpg?stp=dst-jpg_s150x150_tt6&_nc_cat=110&ccb=7-5&_nc_sid=f7ccc5&efg=eyJ2ZW5jb2RlX3RhZyI6InByb2ZpbGVfcGljLnd3dy4xMDgwLkMzIn0%3D&_nc_ohc=B4D-W2hQfhEQ7kNvwEBgVaA&_nc_oc=AdospFx-u3S0tIBjegbbSmGbc6TKrQMorIUaI6Ylm9QK9zvUowAmtac4xVDKSkrzjbI&_nc_zt=24&_nc_ht=scontent-ord5-3.cdninstagram.com&_nc_ss=72a8c&oh=00_Af-QvzCCmlPGDqwDI3ofUc8CP7i5gXiH88PdJ_M7Igon1w&oe=6A2B17BA","https://www.instagram.com/p/DYsEcIkDTJ2/"
"18331472950188550","Fabulous images 🔥🔥🔥","2026-05-27T05:59:48.000Z","bedezine23","https://scontent-ord5-3.cdninstagram.com/v/t51.2885-19/416152741_693155119552668_6396356667129671149_n.jpg?stp=dst-jpg_s150x150_tt6&_nc_cat=100&ccb=7-5&_nc_sid=f7ccc5&efg=eyJ2ZW5jb2RlX3RhZyI6InByb2ZpbGVfcGljLnd3dy42MjYuQzMifQ%3D%3D&_nc_ohc=uuBdwEEt5dEQ7kNvwGfazKV&_nc_oc=Ado1rXGPLivWN99UK_Jr6cUQIPXuDfZpMmxDpLbPJGjaLwihWcpfhaCxID2GCC9ytzk&_nc_zt=24&_nc_ht=scontent-ord5-3.cdninstagram.com&_nc_ss=72a8c&oh=00_Af8nUvco1OgIWRy0rG2QlujYPbjmY75JncwPg4B0QBnE7g&oe=6A2B4C16","https://www.instagram.com/p/DYsEcIkDTJ2/"
"18029052242812734","Amazing 🖤❤️🖤","2026-05-26T17:54:03.000Z","journey_earth_capture","https://scontent-ord5-3.cdninstagram.com/v/t51.82787-19/708793197_17940605685238009_7349385537483500016_n.jpg?stp=dst-jpg_s150x150_tt6&_nc_cat=100&ccb=7-5&_nc_sid=f7ccc5&efg=eyJ2ZW5jb2RlX3RhZyI6InByb2ZpbGVfcGljLnd3dy4xMDgwLkMzIn0%3D&_nc_ohc=lHQHzzMPJO0Q7kNvwEyw5hW&_nc_oc=AdqUEIHkPKuDCv-O66SPAs5ydjGVFipoxT02vfMhIgTEIBMQSQ3fcEL4CEEbwUS_9f8&_nc_zt=24&_nc_ht=scontent-ord5-3.cdninstagram.com&_nc_gid=PCSLRThFlQgTQl__lugmpg&_nc_ss=72a8c&oh=00_Af_KAnBC82Rpy-XRHw972bCoKr9_Uo5QQPzy8vbmK3uYcQ&oe=6A2B4433","https://www.instagram.com/p/DYsEcIkDTJ2/"
"18071925155330360","Awesome 🔥🖤🐦‍⬛🐦‍⬛🐦‍⬛","2026-05-26T15:39:44.000Z","cassie._paradox.exe","https://scontent-ord5-1.cdninstagram.com/v/t51.82787-19/718526976_17935893840258013_1941596032557942582_n.jpg?stp=dst-jpg_s150x150_tt6&_nc_cat=108&ccb=7-5&_nc_sid=f7ccc5&efg=eyJ2ZW5jb2RlX3RhZyI6InByb2ZpbGVfcGljLnd3dy4xMDI4LkMzIn0%3D&_nc_ohc=Z5lk3fbfQqkQ7kNvwHkkIDl&_nc_oc=Adr_jK3H6yIzeKD3iLf_GEAsAEOXJwKY-hm0UXa5L9sXS0Usb6Bwa1vNheB2jTq_s28&_nc_zt=24&_nc_ht=scontent-ord5-1.cdninstagram.com&_nc_gid=PCSLRThFlQgTQl__lugmpg&_nc_ss=72a8c&oh=00_Af8pbWXL3Wk-qXm8GD0VPWTHtPdT4lEgTvwT1OYDt9YaXA&oe=6A2B1FA4","https://www.instagram.com/p/DYsEcIkDTJ2/"
"18103629230003706","😍😍","2026-05-30T03:46:47.000Z","egildesrivero","https://scontent-ord5-3.cdninstagram.com/v/t51.82787-19/704766715_18588477880021054_2325642426016007197_n.jpg?stp=dst-jpg_s150x150_tt6&_nc_cat=100&ccb=7-5&_nc_sid=f7ccc5&efg=eyJ2ZW5jb2RlX3RhZyI6InByb2ZpbGVfcGljLnd3dy4xMDgwLkMzIn0%3D&_nc_ohc=2Xj0EpsSf3wQ7kNvwELHssR&_nc_oc=Adqy84bqRpw4R6rKkqof9cHBwxY3P_4Ee78-MuLRSFqoZpnRJoQwO-q6hYsz3o8CpmQ&_nc_zt=24&_nc_ht=scontent-ord5-3.cdninstagram.com&_nc_gid=8C1Hn8PXCchK6qMmJdNchg&_nc_ss=7ca8c&oh=00_Af-ONdPkpdeLv7OhSlNopaKGjBOB6ZDeJPfQ0hzRdtJiUg&oe=6A2B241B","https://www.instagram.com/p/DYYzfzKiPfG/"
"18000501134950389","The texture and colors of her skin is so pretty 😍❤️❤️","2026-05-29T14:43:51.000Z","glitteraura_inc","https://scontent-ord5-3.cdninstagram.com/v/t51.82787-19/658401341_17873815731570178_3465909728729307317_n.jpg?stp=dst-jpg_s150x150_tt6&_nc_cat=100&ccb=7-5&_nc_sid=f7ccc5&efg=eyJ2ZW5jb2RlX3RhZyI6InByb2ZpbGVfcGljLnd3dy44OTYuQzMifQ%3D%3D&_nc_ohc=OcrBkBbO0HcQ7kNvwFvjVa-&_nc_oc=Adp1rTB0VHJRGH-h5Q-cvDEHFPfuKRFJxbLoiuMkmJa_eVpUisTYX2y8nDZuWEcReAo&_nc_zt=24&_nc_ht=scontent-ord5-3.cdninstagram.com&_nc_gid=8C1Hn8PXCchK6qMmJdNchg&_nc_ss=7ca8c&oh=00_Af9ucDOAYrVzs84ABT1ZHVNgwgJQp5zUH6WhsdmQ6bZTLQ&oe=6A2B3ABA","https://www.instagram.com/p/DYYzfzKiPfG/"
"18108428081297108","😍😍🔥🔥❤️❤️","2026-05-28T01:49:52.000Z","i_am_the_immortal","https://scontent-ord5-1.cdninstagram.com/v/t51.82787-19/713464771_18596373457039223_6902898225454528657_n.jpg?stp=dst-jpg_s150x150_tt6&_nc_cat=106&ccb=7-5&_nc_sid=f7ccc5&efg=eyJ2ZW5jb2RlX3RhZyI6InByb2ZpbGVfcGljLnd3dy4xMDgwLkMzIn0%3D&_nc_ohc=6fLQjRJOSK0Q7kNvwEyvaZX&_nc_oc=AdqaRjr88oT4joohWASWyuaMUwT-gFA1o9a6hs_EupKUBycHOYOg-55Za7edjQVm200&_nc_zt=24&_nc_ht=scontent-ord5-1.cdninstagram.com&_nc_gid=8C1Hn8PXCchK6qMmJdNchg&_nc_ss=7ca8c&oh=00_Af9g0nJsjO9GgwONU-ZHrxb9cizycOeaht1K-ECTJjXe9A&oe=6A2B1EA8","https://www.instagram.com/p/DYYzfzKiPfG/"
"18112796671848304","❤️","2026-05-27T23:53:13.000Z","cosmic_spirit_tw","https://scontent-ord5-2.cdninstagram.com/v/t51.82787-19/655975407_17870358252571245_6922696344861282436_n.jpg?stp=dst-jpg_s150x150_tt6&_nc_cat=111&ccb=7-5&_nc_sid=f7ccc5&efg=eyJ2ZW5jb2RlX3RhZyI6InByb2ZpbGVfcGljLnd3dy42OTUuQzMifQ%3D%3D&_nc_ohc=9Ye-tU1J_iQQ7kNvwHubkDc&_nc_oc=AdqXhQZw-a3SzJpfqYTBUtv9XxOi2g-Qzk1c2_9O9ROJxp9vwxC0G2HjluSEIMj8jsQ&_nc_zt=24&_nc_ht=scontent-ord5-2.cdninstagram.com&_nc_gid=8C1Hn8PXCchK6qMmJdNchg&_nc_ss=7ca8c&oh=00_Af_gFeOqUrGb-nv8lPniQWWeRaW7yblpQ_x8v1hxxo4Ndw&oe=6A2B4700","https://www.instagram.com/p/DYYzfzKiPfG/"
"18584841529050677","Beautiful 😍😍🔥👍👏👏🌹🥀🌿🫶","2026-05-25T07:54:54.000Z","russell_zebra1st","https://scontent-ord5-3.cdninstagram.com/v/t51.82787-19/710572483_17942397369212243_2606772170247439790_n.jpg?stp=dst-jpg_s150x150_tt6&_nc_cat=110&ccb=7-5&_nc_sid=f7ccc5&efg=eyJ2ZW5jb2RlX3RhZyI6InByb2ZpbGVfcGljLnd3dy43MzYuQzMifQ%3D%3D&_nc_ohc=7QJ380zFhaMQ7kNvwFyaV1s&_nc_oc=AdrM_OH3D8qTnB95VIl54F3puP5ErBPuCFf0ucDp7vLT2T6DNjPxTdnMTQ9KiftKLAQ&_nc_zt=24&_nc_ht=scontent-ord5-3.cdninstagram.com&_nc_gid=8C1Hn8PXCchK6qMmJdNchg&_nc_ss=7ca8c&oh=00_Af_EfgzqqiJiWazi6aRHw24DSLjkjXLByAeAIJm4FLjeXw&oe=6A2B3070","https://www.instagram.com/p/DYYzfzKiPfG/"
"18013831535698962","Wow🔥🔥🔥🔥👏👏👏","2026-05-23T17:33:39.000Z","selena.universe1","https://scontent-ord5-1.cdninstagram.com/v/t51.82787-19/553377335_17843928576579264_1845681749038502306_n.jpg?stp=dst-jpg_s150x150_tt6&_nc_cat=106&ccb=7-5&_nc_sid=f7ccc5&efg=eyJ2ZW5jb2RlX3RhZyI6InByb2ZpbGVfcGljLnd3dy4xMDI0LkMzIn0%3D&_nc_ohc=2QS9leXTl9EQ7kNvwFlHDgk&_nc_oc=AdoPGD6xvLztbtQp_wpBqHZgvmlgOChzAhXcMsXpuAir3RZcVpZLQovS-MupA-NgAkk&_nc_zt=24&_nc_ht=scontent-ord5-1.cdninstagram.com&_nc_gid=8C1Hn8PXCchK6qMmJdNchg&_nc_ss=7ca8c&oh=00_Af-cT4Mk4KNTTunpyVRmR3F_Xwxq3tqIYgba_QUjI6KyKA&oe=6A2B184E","https://www.instagram.com/p/DYYzfzKiPfG/"
"18590565679055233","Gorgeous work! 🔥🔥🔥","2026-05-22T06:46:38.000Z","nyxandveil","https://scontent-ord5-2.cdninstagram.com/v/t51.82787-19/708877454_17903842095432475_8800024826983489787_n.jpg?stp=dst-jpg_s150x150_tt6&_nc_cat=105&ccb=7-5&_nc_sid=f7ccc5&efg=eyJ2ZW5jb2RlX3RhZyI6InByb2ZpbGVfcGljLnd3dy4xMDgwLkMzIn0%3D&_nc_ohc=6zZI01DZRgYQ7kNvwH7AX7p&_nc_oc=Adokq1oytdsfzi0w2eUwlkv0bpVOwW5QNEH6WU-IF1fD23VOW5wy63MNiLwgx3qxE0s&_nc_zt=24&_nc_ht=scontent-ord5-2.cdninstagram.com&_nc_gid=8C1Hn8PXCchK6qMmJdNchg&_nc_ss=7ca8c&oh=00_Af9f6_63__i-MXsnNRtGszj1CIrAsAUBztvUO60CEij0MQ&oe=6A2B15CE","https://www.instagram.com/p/DYYzfzKiPfG/"
"18108848453303174","😍🔥🔥❤️❤️❤️❤️","2026-05-18T02:48:45.000Z","_rachel_ai_23","https://scontent-ord5-3.cdninstagram.com/v/t51.82787-19/561255220_17945402337026661_6093298529938523023_n.jpg?stp=dst-jpg_s150x150_tt6&_nc_cat=110&ccb=7-5&_nc_sid=f7ccc5&efg=eyJ2ZW5jb2RlX3RhZyI6InByb2ZpbGVfcGljLnd3dy44MDAuQzMifQ%3D%3D&_nc_ohc=1ZmJ5eMyFisQ7kNvwFfKDy8&_nc_oc=AdqygbO35lD_R64VLRPlvqxwm6TC4K_QW3-KNuQS4_5YKXacr-N4R7K4QAOwWuaPrrs&_nc_zt=24&_nc_ht=scontent-ord5-3.cdninstagram.com&_nc_gid=8C1Hn8PXCchK6qMmJdNchg&_nc_ss=7ca8c&oh=00_Af9Y_wgMeEhJDhCoK8TPr7i59M4F1t-Kcld17OI0QtlUDA&oe=6A2B427C","https://www.instagram.com/p/DYYzfzKiPfG/"
"17974472385013412","Amazing 💜💙❤️‍🔥❤️‍🔥❤️‍🔥","2026-05-18T01:45:24.000Z","glamouraigirls","https://scontent-ord5-2.cdninstagram.com/v/t51.82787-19/574181143_17845591410601295_4701214350044583414_n.jpg?stp=dst-jpg_s150x150_tt6&_nc_cat=104&ccb=7-5&_nc_sid=f7ccc5&efg=eyJ2ZW5jb2RlX3RhZyI6InByb2ZpbGVfcGljLnd3dy44OTYuQzMifQ%3D%3D&_nc_ohc=dXlc_Xg5QlcQ7kNvwFuA9-1&_nc_oc=Adp24xWpcQifaSbmQzkEkcIQr658fNz6W0AM1Cl8vYEXFNhZuh32gN8R-XOUwSWaTjE&_nc_zt=24&_nc_ht=scontent-ord5-2.cdninstagram.com&_nc_gid=8C1Hn8PXCchK6qMmJdNchg&_nc_ss=7ca8c&oh=00_Af8htQ3Ig23nJSlLZnuVEzjUlOvSA_rJ-9hkDdI3m5L6hg&oe=6A2B47AF","https://www.instagram.com/p/DYYzfzKiPfG/"
"18097779671149087","Absolutely gorgeous  work. Love it 💫💜💜💫🌷🌷💫💙💙","2026-05-17T16:31:20.000Z","richardhill147","https://scontent-ord5-3.cdninstagram.com/v/t51.75761-19/495365066_18061330829030153_8439301809347690644_n.jpg?stp=dst-jpg_s150x150_tt6&_nc_cat=109&ccb=7-5&_nc_sid=f7ccc5&efg=eyJ2ZW5jb2RlX3RhZyI6InByb2ZpbGVfcGljLnd3dy4xMDI0LkMzIn0%3D&_nc_ohc=EB1hyOPepoUQ7kNvwFyU-OD&_nc_oc=AdqsTHT3VnNjFODU9YAyck7f8v-aqeuXhZY0fObRu7OASk4FhjaGdntr2gJSTkpNxtM&_nc_zt=24&_nc_ht=scontent-ord5-3.cdninstagram.com&_nc_gid=8C1Hn8PXCchK6qMmJdNchg&_nc_ss=7ca8c&oh=00_Af97MWoK-T5VJOUQV6Lc6qCc1zUllL5KhEm0lszL2FZobQ&oe=6A2B338A","https://www.instagram.com/p/DYYzfzKiPfG/"
"18266426920292144","😍😍😍","2026-05-17T15:42:18.000Z","butterbaebe","https://scontent-ord5-1.cdninstagram.com/v/t51.82787-19/718099200_18592874533016215_3497417188580839533_n.jpg?stp=dst-jpg_s150x150_tt6&_nc_cat=106&ccb=7-5&_nc_sid=f7ccc5&efg=eyJ2ZW5jb2RlX3RhZyI6InByb2ZpbGVfcGljLnd3dy43ODQuQzMifQ%3D%3D&_nc_ohc=gr4Bpfi1u4kQ7kNvwHzfKCh&_nc_oc=AdqW2vGXPSUEinFf1uv1gBYkUx4RG8goTiMeVSHMPILdNMSjNOHlZT7XOFx_mzV9GR0&_nc_zt=24&_nc_ht=scontent-ord5-1.cdninstagram.com&_nc_gid=8C1Hn8PXCchK6qMmJdNchg&_nc_ss=7ca8c&oh=00_Af9Se28NSpKWYWd_i3d7cZwFJt2weBizmLd1qJf2uC0kZA&oe=6A2B2A26","https://www.instagram.com/p/DYYzfzKiPfG/"
"17915564787379901","Beautiful 🌸 💙","2026-05-17T13:48:05.000Z","vandatodi","https://scontent-ord5-3.cdninstagram.com/v/t51.82787-19/710315411_18465937492107535_6358798436955951566_n.jpg?stp=dst-jpg_s150x150_tt6&_nc_cat=110&ccb=7-5&_nc_sid=f7ccc5&efg=eyJ2ZW5jb2RlX3RhZyI6InByb2ZpbGVfcGljLnd3dy4xMDgwLkMzIn0%3D&_nc_ohc=t2uXGWU-p3wQ7kNvwGf6czB&_nc_oc=AdryuObZ6eK4x8v-flNE8f4ohS7E1rK_NfiuC_HKDGUD7N5vKCQ3mB5LfoDQeZARlHw&_nc_zt=24&_nc_ht=scontent-ord5-3.cdninstagram.com&_nc_gid=8C1Hn8PXCchK6qMmJdNchg&_nc_ss=7ca8c&oh=00_Af8Om877DBRJsPElDkANsN4pN_298R93V-ST4cIHJiBhjw&oe=6A2B2E8B","https://www.instagram.com/p/DYYzfzKiPfG/"
"18183364720379873","❤️","2026-05-17T07:04:08.000Z","theaicatin","https://scontent-ord5-2.cdninstagram.com/v/t51.82787-19/671016291_17867985510657487_2486558350389047492_n.jpg?stp=dst-jpg_s150x150_tt6&_nc_cat=111&ccb=7-5&_nc_sid=f7ccc5&efg=eyJ2ZW5jb2RlX3RhZyI6InByb2ZpbGVfcGljLnd3dy4xMDgwLkMzIn0%3D&_nc_ohc=YF2tVTst69AQ7kNvwFVpOnw&_nc_oc=Ado5nnF8RuBbaNr3zcX1Q_gy6saaw5RvUigzM4OdYg_jDjASZfwnYYApajukz41fAhQ&_nc_zt=24&_nc_ht=scontent-ord5-2.cdninstagram.com&_nc_gid=8C1Hn8PXCchK6qMmJdNchg&_nc_ss=7ca8c&oh=00_Af9O40YUhIJPYhjQsNsAJvwm66daxJEvtMl2-4jWPxvi2w&oe=6A2B46D0","https://www.instagram.com/p/DYYzfzKiPfG/"
"17881011615580430","Beautiful 😍","2026-05-16T23:41:48.000Z","thornvelour","https://scontent-ord5-3.cdninstagram.com/v/t51.82787-19/719490312_17994364244979528_5157167405834897528_n.jpg?stp=dst-jpg_s150x150_tt6&_nc_cat=107&ccb=7-5&_nc_sid=f7ccc5&efg=eyJ2ZW5jb2RlX3RhZyI6InByb2ZpbGVfcGljLnd3dy4xMDI0LkMzIn0%3D&_nc_ohc=ZlUWyW2u9EQQ7kNvwGQU1HK&_nc_oc=Ado6VY-VcMzcHuS8Fm5eBdq0g_nQvfdvLn1Q36SD9qsfq7siMeYJGRRrfIuLIUts3zs&_nc_zt=24&_nc_ht=scontent-ord5-3.cdninstagram.com&_nc_gid=8C1Hn8PXCchK6qMmJdNchg&_nc_ss=7ca8c&oh=00_Af89GPmFpz2BNmZQnOvw6IKw5pXXAFNJUIOM4Kmd8EFmRw&oe=6A2B2344","https://www.instagram.com/p/DYYzfzKiPfG/"
"18141587980513956","👏👏👏","2026-05-16T22:25:29.000Z","aipixelplex2.0","https://scontent-ord5-2.cdninstagram.com/v/t51.82787-19/628053578_17848521540672677_3791521693271188033_n.jpg?stp=dst-jpg_s150x150_tt6&_nc_cat=111&ccb=7-5&_nc_sid=f7ccc5&efg=eyJ2ZW5jb2RlX3RhZyI6InByb2ZpbGVfcGljLnd3dy4xMDgwLkMzIn0%3D&_nc_ohc=2jQ8X4ukousQ7kNvwERymDI&_nc_oc=AdqpfV7DLmZv7GTLPqbdMACRJjkz8fWRJqZ158oV4Dlf_3XeBUriB2zhYhs83ZlqqFM&_nc_zt=24&_nc_ht=scontent-ord5-2.cdninstagram.com&_nc_gid=8C1Hn8PXCchK6qMmJdNchg&_nc_ss=7ca8c&oh=00_Af8tZqoEoepkbg9y8wDryDiuwtospfsDfipHOM_20bkJ-g&oe=6A2B30E3","https://www.instagram.com/p/DYYzfzKiPfG/"
"18054453068754049","Luna: im not afraid.","2026-05-28T19:43:21.000Z","mayhemqueen86","https://scontent-lga3-3.cdninstagram.com/v/t51.82787-19/707114194_17888862777537292_3013459238834292401_n.jpg?stp=dst-jpg_s150x150_tt6&_nc_cat=104&ccb=7-5&_nc_sid=f7ccc5&efg=eyJ2ZW5jb2RlX3RhZyI6InByb2ZpbGVfcGljLnd3dy4xMDgwLkMzIn0%3D&_nc_ohc=QOOZ562GI90Q7kNvwGl_ozp&_nc_oc=Adp-4XbZ6oczWkJ0Rgq9nUibRAND7Vh8ZgNR1XNzElFl3jikVnT4ZNCHIlAgH0VKpdY&_nc_zt=24&_nc_ht=scontent-lga3-3.cdninstagram.com&_nc_gid=YP7G1YynQyt4sSkZJFacOw&_nc_ss=7ba8c&oh=00_Af_Oqt_Sq1t4zKHrzfXO7KJ4ZmNK2qxcsoBgGkzllAkKzw&oe=6A2B2A33","https://www.instagram.com/p/DYKaKYkinX4/"
"18319182241257217","Welcome. Cute bat 🖤🎸🦇🩸","2026-05-10T20:29:02.000Z","bloody_nessy_666","https://scontent-lga3-1.cdninstagram.com/v/t51.2885-19/464768457_565976599276687_224960766043545073_n.jpg?stp=dst-jpg_s150x150_tt6&_nc_cat=109&ccb=7-5&_nc_sid=f7ccc5&efg=eyJ2ZW5jb2RlX3RhZyI6InByb2ZpbGVfcGljLnd3dy4xMDgwLkMzIn0%3D&_nc_ohc=IhPNjtDVonkQ7kNvwFQ8ldg&_nc_oc=AdpQJO6jMCUWHKLqFiMZB2rMGPaafYeFhnBPtMkzInQisO1cj2j3f141vg0hm4DkA_c&_nc_zt=24&_nc_ht=scontent-lga3-1.cdninstagram.com&_nc_ss=7ba8c&oh=00_Af_w7lqd0d-_PJy5MdqXvC1ojSVUdwXfM1A7uvnVUdwSCw&oe=6A2B40E2","https://www.instagram.com/p/DYKaKYkinX4/"
"18084246182527138","Welcome back love you were missed❤️","2026-05-10T18:46:43.000Z","shazzie33","https://scontent-lga3-1.cdninstagram.com/v/t51.82787-19/717417506_18583271065065500_661847424760376474_n.jpg?stp=dst-jpg_s150x150_tt6&_nc_cat=103&ccb=7-5&_nc_sid=f7ccc5&efg=eyJ2ZW5jb2RlX3RhZyI6InByb2ZpbGVfcGljLnd3dy4xMDgwLkMzIn0%3D&_nc_ohc=2CRvhJPHgtsQ7kNvwFQE9Lq&_nc_oc=Adq7akGE000H2TN5dhKiTjMMkQkokuFTOTzjY1xAkZoWQA-4mnRhRCLVVWmOb63vOTU&_nc_zt=24&_nc_ht=scontent-lga3-1.cdninstagram.com&_nc_gid=YP7G1YynQyt4sSkZJFacOw&_nc_ss=7ba8c&oh=00_Af_K0djNvHjrhh0KBmN0Ze3yGHN-dbaTPi9_dFkwiFoQFg&oe=6A2B4C15","https://www.instagram.com/p/DYKaKYkinX4/"
"18228150949315542","Welcome back!^^","2026-05-10T17:49:31.000Z","hellhound.munson","https://scontent-lga3-2.cdninstagram.com/v/t51.82787-19/705411386_18081594905327201_1096872266609711436_n.jpg?stp=dst-jpg_s150x150_tt6&_nc_cat=105&ccb=7-5&_nc_sid=f7ccc5&efg=eyJ2ZW5jb2RlX3RhZyI6InByb2ZpbGVfcGljLnd3dy4xMDgwLkMzIn0%3D&_nc_ohc=gvudseo9n-0Q7kNvwHlu4mu&_nc_oc=Adq3-FEiT9LUGrPPdTXxcjQ3y2LlbuAOJ47AFv4GFUu5x_13_RtnKMb3tj6rXRXB9x0&_nc_zt=24&_nc_ht=scontent-lga3-2.cdninstagram.com&_nc_gid=YP7G1YynQyt4sSkZJFacOw&_nc_ss=7ba8c&oh=00_Af8igHI5BbTuHOQzM3vJqMuu5OPbyuNWaZpKxn563Ijy_A&oe=6A2B3E6D","https://www.instagram.com/p/DYKaKYkinX4/"
"18095406041139222","👏❤️😍","2026-05-10T15:32:12.000Z","mothers_sin_","https://scontent-lga3-2.cdninstagram.com/v/t51.82787-19/554702353_18531132205034704_643473231178279201_n.jpg?stp=dst-jpg_s150x150_tt6&_nc_cat=105&ccb=7-5&_nc_sid=f7ccc5&efg=eyJ2ZW5jb2RlX3RhZyI6InByb2ZpbGVfcGljLnd3dy4xMDgwLkMzIn0%3D&_nc_ohc=y0t2Ap1pe00Q7kNvwFxRFya&_nc_oc=AdqbGYahf7t3F5utdp2vzFW3LRKLY95Wt9T1LgxC-mQOJwZ7Mq2Oe2f8OhlQPJ8pn3g&_nc_zt=24&_nc_ht=scontent-lga3-2.cdninstagram.com&_nc_gid=YP7G1YynQyt4sSkZJFacOw&_nc_ss=7ba8c&oh=00_Af8K94ALCZkm-fMv2ZphqfYesrl2o8hLwArib7L2hZRC4A&oe=6A2B1BA3","https://www.instagram.com/p/DYKaKYkinX4/"
"18208783669330714","👏👏👏","2026-05-10T15:20:03.000Z","eddieemunson.diaries","https://scontent-lga3-3.cdninstagram.com/v/t51.82787-19/714792443_17872286007673621_336200507785562424_n.jpg?stp=dst-jpg_s150x150_tt6&_nc_cat=108&ccb=7-5&_nc_sid=f7ccc5&efg=eyJ2ZW5jb2RlX3RhZyI6InByb2ZpbGVfcGljLnd3dy4xMDc0LkMzIn0%3D&_nc_ohc=l_84d6dNdEgQ7kNvwF2RSTL&_nc_oc=Ado0tunyU7jPPTVn4QuRN_NuJzTCcErSxBKLRMkonaPtST1cDzItqMiuhmeLylVR5Z4&_nc_zt=24&_nc_ht=scontent-lga3-3.cdninstagram.com&_nc_gid=YP7G1YynQyt4sSkZJFacOw&_nc_ss=7ba8c&oh=00_Af-36-JWHbTso69YgCZhSaFUZDAcuzE-rQnTmzf1HCURtA&oe=6A2B3909","https://www.instagram.com/p/DYKaKYkinX4/"
"18588926311001903","Breaks are well deserved and definitely needed sometimes. Welcome back. 🖤🤘","2026-05-10T15:17:57.000Z","actual_goblin_eddie","https://scontent-lga3-2.cdninstagram.com/v/t51.82787-19/719828221_17879129571656608_1182405553167305316_n.jpg?stp=dst-jpg_s150x150_tt6&_nc_cat=100&ccb=7-5&_nc_sid=f7ccc5&efg=eyJ2ZW5jb2RlX3RhZyI6InByb2ZpbGVfcGljLnd3dy41NzcuQzMifQ%3D%3D&_nc_ohc=JYa4qNu4BqAQ7kNvwG5Dzcz&_nc_oc=AdpYy0ju668zF8noQpU4ShMRbDpMhmgtrHiqknMS5Jzz7r1ZNF4CmE6ig78j5tjwDbY&_nc_zt=24&_nc_ht=scontent-lga3-2.cdninstagram.com&_nc_gid=YP7G1YynQyt4sSkZJFacOw&_nc_ss=7ba8c&oh=00_Af_xGoBmOvPxoxGe9X4CWFKbdWpS4EBh_bhUfF5dibEDKA&oe=6A2B2C16","https://www.instagram.com/p/DYKaKYkinX4/"
"18309057169270121","📸📍","2026-01-14T17:28:04.000Z","gokhansaracogluu","https://scontent-lga3-1.cdninstagram.com/v/t51.82787-19/544803056_18382426042120463_8017912784685311057_n.jpg?stp=dst-jpg_s150x150_tt6&_nc_cat=109&ccb=7-5&_nc_sid=f7ccc5&efg=eyJ2ZW5jb2RlX3RhZyI6InByb2ZpbGVfcGljLnd3dy4xMDgwLkMzIn0%3D&_nc_ohc=28-8V_DJKSwQ7kNvwHDTy_s&_nc_oc=Adoj7ATu7DWpTM787f_YsjGqIWt6qTgQ57sXkUaypTh31-bwanMINUlJF_ARnkD1FYU&_nc_zt=24&_nc_ht=scontent-lga3-1.cdninstagram.com&_nc_gid=eP8k6iO_1K9oxPOT3fFsNw&_nc_ss=72a8c&oh=00_Af9ZfraVHFPSEjPw02PN9eTaNMt7soM3IuAEYEBIcFZw6w&oe=6A2B33B1","https://www.instagram.com/p/DTLaXlQCMa3/"
"17933425578150265","Top photo","2026-01-11T13:30:47.000Z","pbframessk","https://scontent-lga3-2.cdninstagram.com/v/t51.82787-19/610545167_17846691744654396_2338865851728785891_n.jpg?stp=dst-jpg_s150x150_tt6&_nc_cat=107&ccb=7-5&_nc_sid=f7ccc5&efg=eyJ2ZW5jb2RlX3RhZyI6InByb2ZpbGVfcGljLnd3dy4xMDgwLkMzIn0%3D&_nc_ohc=K9W4Rp4YxRwQ7kNvwHf5c0g&_nc_oc=AdrSKo3J4UPYHflVz6zYOqEGijB2k_IB0C5hR5ulPlru8mHVK6gAgUVNkenJ45hmPmY&_nc_zt=24&_nc_ht=scontent-lga3-2.cdninstagram.com&_nc_gid=eP8k6iO_1K9oxPOT3fFsNw&_nc_ss=72a8c&oh=00_Af_VucpqgS4AEHyYJ9qnNr63hyNELjj5DLfYHcDNQTFBOA&oe=6A2B4431","https://www.instagram.com/p/DTLaXlQCMa3/"
"18091807738779814","🔥🔥🔥","2026-01-10T18:16:57.000Z","photopub.de","https://scontent-lga3-3.cdninstagram.com/v/t51.82787-19/612114599_18203286307325614_8337954572452954407_n.jpg?stp=dst-jpg_s150x150_tt6&_nc_cat=102&ccb=7-5&_nc_sid=f7ccc5&efg=eyJ2ZW5jb2RlX3RhZyI6InByb2ZpbGVfcGljLnd3dy42MTYuQzMifQ%3D%3D&_nc_ohc=oOqk0VdJ73IQ7kNvwFjcK5b&_nc_oc=Adq78iAlKwF2ifVEDzrZAVGzd8y94GWTJrW4WvFsHh8S4_5iePkZjyTLOYN3f4yAkpw&_nc_zt=24&_nc_ht=scontent-lga3-3.cdninstagram.com&_nc_gid=eP8k6iO_1K9oxPOT3fFsNw&_nc_ss=72a8c&oh=00_Af8C1fV579xi1xk8d-Un2M77ZylCOESHsTJga0M_GZXjtA&oe=6A2B47FF","https://www.instagram.com/p/DTLaXlQCMa3/"
"17870362686510181","Wonderful portraits !! 👏🏼👏🏼😍😍
The style and atmosphere is wonderful! 🙌🏼🔥❤️","2026-01-07T09:27:53.000Z","elisejorissen","https://scontent-lga3-2.cdninstagram.com/v/t51.2885-19/482205980_1352013776073961_4669282835576575145_n.jpg?stp=dst-jpg_s150x150_tt6&_nc_cat=100&ccb=7-5&_nc_sid=f7ccc5&efg=eyJ2ZW5jb2RlX3RhZyI6InByb2ZpbGVfcGljLnd3dy4xMDgwLkMzIn0%3D&_nc_ohc=42lMvbsuN7QQ7kNvwEdzb6O&_nc_oc=AdoNUVggOEbqvR1-7eoGDBV3hvcFSE-ko4kc7lYIpAdcf_nvYInj5PUWZ8WMmA6h0xo&_nc_zt=24&_nc_ht=scontent-lga3-2.cdninstagram.com&_nc_ss=72a8c&oh=00_Af_DhSQGo1G5-7FeHaroHfliv6htLlOnCTMdLozk9hyubw&oe=6A2B245A","https://www.instagram.com/p/DTLaXlQCMa3/"
"18108641614565701","Al? - Wenn nicht, dann 👌🔝!","2026-01-07T08:37:24.000Z","ch_r_i_s_t_i_an","https://scontent-lga3-2.cdninstagram.com/v/t51.82787-19/655210625_18348393298233953_8112976630891701352_n.jpg?stp=dst-jpg_s150x150_tt6&_nc_cat=105&ccb=7-5&_nc_sid=f7ccc5&efg=eyJ2ZW5jb2RlX3RhZyI6InByb2ZpbGVfcGljLnd3dy4xMDgwLkMzIn0%3D&_nc_ohc=WMZuIATb_HEQ7kNvwHiShGE&_nc_oc=AdqZwLd-f9Cpq1X3pgbGRUWUJhD4933GUiH6-AbNjXuiNOCSknss8JAuw2559WyQo3s&_nc_zt=24&_nc_ht=scontent-lga3-2.cdninstagram.com&_nc_gid=eP8k6iO_1K9oxPOT3fFsNw&_nc_ss=72a8c&oh=00_Af9jNUYKVnDt9ARb-F8puhcoThtGGjaCLzLF9gQ8yl6jgw&oe=6A2B17E0","https://www.instagram.com/p/DTLaXlQCMa3/"
"17980101107953308","👏👏👏🔥 Excelente","2026-01-07T07:05:21.000Z","mac02_photo","https://scontent-lga3-2.cdninstagram.com/v/t51.82787-19/603912818_17914654641252718_5827051957265610502_n.jpg?stp=dst-jpg_s150x150_tt6&_nc_cat=105&ccb=7-5&_nc_sid=f7ccc5&efg=eyJ2ZW5jb2RlX3RhZyI6InByb2ZpbGVfcGljLnd3dy44MzcuQzMifQ%3D%3D&_nc_ohc=UQqKuWOyClsQ7kNvwGmxIb6&_nc_oc=AdrIPAuKNJOQyyz5bIbqn2mHo4-zlT7fpfbp2yq7TqYWtr1M-SCAJuxA_wvmwvrwXng&_nc_zt=24&_nc_ht=scontent-lga3-2.cdninstagram.com&_nc_gid=eP8k6iO_1K9oxPOT3fFsNw&_nc_ss=72a8c&oh=00_Af9cBKusTiIGBiz1fzTgwwDvuiKIJuU1XMUUan2oxi_sNg&oe=6A2B2420","https://www.instagram.com/p/DTLaXlQCMa3/"
"18077918771359057","Nice set 👏","2026-01-06T23:43:14.000Z","photos_bytony","https://scontent-lga3-2.cdninstagram.com/v/t51.82787-19/706028834_18602577646028649_6071179394300220973_n.jpg?stp=dst-jpg_s150x150_tt6&_nc_cat=105&ccb=7-5&_nc_sid=f7ccc5&efg=eyJ2ZW5jb2RlX3RhZyI6InByb2ZpbGVfcGljLnd3dy43ODQuQzMifQ%3D%3D&_nc_ohc=WARCPU653MoQ7kNvwEyjQW_&_nc_oc=Adrv7mLN1DY20_H-ZjbfL5jOY6ep7nT5jGYxh6kog5fNXhRBsRq2KTsyVaseGmkDmHs&_nc_zt=24&_nc_ht=scontent-lga3-2.cdninstagram.com&_nc_gid=eP8k6iO_1K9oxPOT3fFsNw&_nc_ss=72a8c&oh=00_Af_wbnveAm_tPaueXc6drk51aItJlkIx2-LgZDgUFqMcAQ&oe=6A2B2DA0","https://www.instagram.com/p/DTLaXlQCMa3/"
"17973919784972774","😍😍","2026-01-06T18:23:52.000Z","c13d_outdoorshots","https://scontent-lga3-1.cdninstagram.com/v/t51.2885-19/273948571_676959876808742_2263692973158043594_n.jpg?stp=dst-jpg_s150x150_tt6&_nc_cat=103&ccb=7-5&_nc_sid=f7ccc5&efg=eyJ2ZW5jb2RlX3RhZyI6InByb2ZpbGVfcGljLnd3dy45MTIuQzMifQ%3D%3D&_nc_ohc=KP5ERg_TtQQQ7kNvwHJ7yoo&_nc_oc=AdrYWxZ1dxWHZeEP_CeYKDaJGEkEDTiKaFM10MZQST9YUQS_j-hTaABBb9QNnfUTtpA&_nc_zt=24&_nc_ht=scontent-lga3-1.cdninstagram.com&_nc_ss=72a8c&oh=00_Af-o62QxNYRRc2Rs-fGFn28Ul5nnMqIstjHskYeVwxA2lg&oe=6A2B1621","https://www.instagram.com/p/DTLaXlQCMa3/"
"17981554181954827","#AIPrompts #AIportraits #DigitalCreator #MidjourneyArt #AIphotography 'DigitalCreator  #photorealisticai","2026-01-06T18:02:23.000Z","fernlichtsicht","https://scontent-lga3-1.cdninstagram.com/v/t51.75761-19/500322230_17949528422975570_8635190109583993773_n.jpg?stp=dst-jpg_s150x150_tt6&_nc_cat=109&ccb=7-5&_nc_sid=f7ccc5&efg=eyJ2ZW5jb2RlX3RhZyI6InByb2ZpbGVfcGljLnd3dy43MDAuQzMifQ%3D%3D&_nc_ohc=33iUeS2aeZsQ7kNvwEFOu69&_nc_oc=AdpTA_IbPgceB1d5YnZQVfdeLF3pOxMMIJV5bdJeR06ENcM2ynHraqLRd29gWb30txE&_nc_zt=24&_nc_ht=scontent-lga3-1.cdninstagram.com&_nc_gid=eP8k6iO_1K9oxPOT3fFsNw&_nc_ss=72a8c&oh=00_Af9A6rwoW_ECINGLdcjlG9t_OHMbJ7sMr9UEVfibja2PYw&oe=6A2B260A","https://www.instagram.com/p/DTLaXlQCMa3/"
"18114529651606864","🔥","2026-01-06T18:01:21.000Z","kate.leeo","https://scontent-lga3-2.cdninstagram.com/v/t51.2885-19/451605371_854002616623860_51136615630891205_n.jpg?stp=dst-jpg_s150x150_tt6&_nc_cat=107&ccb=7-5&_nc_sid=f7ccc5&efg=eyJ2ZW5jb2RlX3RhZyI6InByb2ZpbGVfcGljLnd3dy4xMDgwLkMzIn0%3D&_nc_ohc=HetonE7eAVMQ7kNvwG6Y_UO&_nc_oc=Adrf3O0_Gygv4KiE77y_0xiDhR0BKeJeJElPooPYzxMKbdxmlDOP_EgM2Jd26RsEjUo&_nc_zt=24&_nc_ht=scontent-lga3-2.cdninstagram.com&_nc_ss=72a8c&oh=00_Af8KuoJ9Yc2FGxwKxQjkKbY0kQSuKRz_qwHsgXC8u5Casg&oe=6A2B2428","https://www.instagram.com/p/DTLaXlQCMa3/"
"17889252486280215","Sehr schön 🥰","2026-01-06T17:59:05.000Z","doris_rostock","https://scontent-lga3-1.cdninstagram.com/v/t51.2885-19/387773203_312539608081722_1904457585963340151_n.jpg?stp=dst-jpg_s150x150_tt6&_nc_cat=111&ccb=7-5&_nc_sid=f7ccc5&efg=eyJ2ZW5jb2RlX3RhZyI6InByb2ZpbGVfcGljLnd3dy40MTguQzMifQ%3D%3D&_nc_ohc=KjPk8S3uhS4Q7kNvwF-0LE2&_nc_oc=Adq5O02vdpMZTqs1F8qpULXrYsezPHesab8mCZx9BVq9moXFIMDEGGD_oJmefe2819Y&_nc_zt=24&_nc_ht=scontent-lga3-1.cdninstagram.com&_nc_ss=72a8c&oh=00_Af-ufHg9EIJ7XLP-PfIenV0sZ-FQKo5BRbQ789v5zc3bKQ&oe=6A2B1864","https://www.instagram.com/p/DTLaXlQCMa3/"
"18080534018233879","Beautiful","2026-01-06T17:54:45.000Z","kking53","https://scontent-lga3-3.cdninstagram.com/v/t51.2885-19/338404954_213183961306237_2722637715008595337_n.jpg?stp=dst-jpg_s150x150_tt6&_nc_cat=104&ccb=7-5&_nc_sid=f7ccc5&efg=eyJ2ZW5jb2RlX3RhZyI6InByb2ZpbGVfcGljLnd3dy44NjYuQzMifQ%3D%3D&_nc_ohc=RPar1gB9X7IQ7kNvwH7vxGJ&_nc_oc=AdoozaCrWr-NueLA42vhzMHqkS_zxoUG0uuxbfoUjQr1OR-AGonwjH9cXFgUCgPYjB0&_nc_zt=24&_nc_ht=scontent-lga3-3.cdninstagram.com&_nc_ss=72a8c&oh=00_Af_LC7juK7N65HH_R7XFmAOBX7FxO8yUfyZL4baXEQ6rZg&oe=6A2B1BA0","https://www.instagram.com/p/DTLaXlQCMa3/"
"18118617595706242","👌👌","2026-06-06T16:38:48.000Z","bhavaya456","https://scontent-lax3-1.cdninstagram.com/v/t51.82787-19/713684259_18068781755701880_5749846167655951026_n.jpg?stp=dst-jpg_s150x150_tt6&_nc_cat=108&ccb=7-5&_nc_sid=f7ccc5&efg=eyJ2ZW5jb2RlX3RhZyI6InByb2ZpbGVfcGljLnd3dy4xMDgwLkMzIn0%3D&_nc_ohc=26-H3Hr8gyMQ7kNvwHyZmU-&_nc_oc=Adpembq94HnFV6eZx0gbJNk29PqQANgjtZxvstEcGdrIKhib0pU-2akuuEIWbwpmxp4&_nc_zt=24&_nc_ht=scontent-lax3-1.cdninstagram.com&_nc_gid=UQyI_qflGrnKb4ruf_k0wA&_nc_ss=7ca8c&oh=00_Af8_b3t3gHBFCB9rOwb8s95H7-FFxmYyhaw2AjvKJH0yFg&oe=6A2B3633","https://www.instagram.com/p/DY7fhaPiOlu/"
"17950523871176070","The fourth is my favorite ..😍❤️😍","2026-06-06T09:15:42.000Z","its__ansari_76649","https://scontent-lax3-1.cdninstagram.com/v/t51.82787-19/660768084_18076341476217932_3800658448929665486_n.jpg?stp=dst-jpg_s150x150_tt6&_nc_cat=102&ccb=7-5&_nc_sid=f7ccc5&efg=eyJ2ZW5jb2RlX3RhZyI6InByb2ZpbGVfcGljLnd3dy4xMDgwLkMzIn0%3D&_nc_ohc=coylD5za6WMQ7kNvwHi1KHV&_nc_oc=AdoPCyeYFYrIKogZWohhJQ2nJvlQdXFEWS1Pmamy_MyoxylwLMC2FxQk-3LPw46VEKU&_nc_zt=24&_nc_ht=scontent-lax3-1.cdninstagram.com&_nc_gid=UQyI_qflGrnKb4ruf_k0wA&_nc_ss=7ca8c&oh=00_Af-sTpY307LUxGmhtv__xOWfCYztQryq974ZwrJPL0Ye3Q&oe=6A2B2593","https://www.instagram.com/p/DY7fhaPiOlu/"
"17868639876543453","👏","2026-06-06T05:48:18.000Z","masoom_sharma8_","https://scontent-lax3-1.cdninstagram.com/v/t51.82787-19/718538775_18085186271294040_3913774626339775570_n.jpg?stp=dst-jpg_s150x150_tt6&_nc_cat=102&ccb=7-5&_nc_sid=f7ccc5&efg=eyJ2ZW5jb2RlX3RhZyI6InByb2ZpbGVfcGljLnd3dy4xMDgwLkMzIn0%3D&_nc_ohc=yfWZ2iPDL-4Q7kNvwHuzGFX&_nc_oc=AdrykyoHxos8Lcx7NBI-c_TzO8bbS6h0pbofZeCYBzlJKevwEAR5alc-LQYw2CnqEUg&_nc_zt=24&_nc_ht=scontent-lax3-1.cdninstagram.com&_nc_gid=UQyI_qflGrnKb4ruf_k0wA&_nc_ss=7ca8c&oh=00_Af_6NqqbN5_f7jh-5Nrwdx3SckVqBEacKLbdY4pyGowgFg&oe=6A2B4569","https://www.instagram.com/p/DY7fhaPiOlu/"
"18146133130513317","Woww😍😮","2026-06-06T03:51:18.000Z","sweet.soul2026","https://scontent-lax3-2.cdninstagram.com/v/t51.82787-19/708877006_17878909383605333_3303626813899209733_n.jpg?stp=dst-jpg_s150x150_tt6&_nc_cat=106&ccb=7-5&_nc_sid=f7ccc5&efg=eyJ2ZW5jb2RlX3RhZyI6InByb2ZpbGVfcGljLnd3dy4xMDgwLkMzIn0%3D&_nc_ohc=EDUf1RbH1XoQ7kNvwFRlwKa&_nc_oc=AdpKT3IyKcDAys_mC-ffi7vStnKcBYlPv8c_zjio40w9oRM7W6PDC_nu7622NCmBJIs&_nc_zt=24&_nc_ht=scontent-lax3-2.cdninstagram.com&_nc_gid=UQyI_qflGrnKb4ruf_k0wA&_nc_ss=7ca8c&oh=00_Af-6qnQneSXnArFosn-rH63jpnS8ImNeYQ4gKh3ycYYLYw&oe=6A2B354F","https://www.instagram.com/p/DY7fhaPiOlu/"
"17892345918475079","Perfect ❤️","2026-06-06T01:28:03.000Z","vivicamari","https://scontent-lax7-1.cdninstagram.com/v/t51.2885-19/393309730_868738074810451_8702642721955002281_n.jpg?stp=dst-jpg_s150x150_tt6&_nc_cat=105&ccb=7-5&_nc_sid=f7ccc5&efg=eyJ2ZW5jb2RlX3RhZyI6InByb2ZpbGVfcGljLnd3dy41NjQuQzMifQ%3D%3D&_nc_ohc=mm8WTLucEJEQ7kNvwFheV6f&_nc_oc=AdoNYv7xX0gZ7KtomaX11x7ksenoa1b19XblJVNidkbmgBaGKiSspztajshTtWjzcUM&_nc_zt=24&_nc_ht=scontent-lax7-1.cdninstagram.com&_nc_ss=7ca8c&oh=00_Af87twHuviq0kRRIHx18NhUvD47HI1pxaQtFnLGfKGtwGA&oe=6A2B2705","https://www.instagram.com/p/DY7fhaPiOlu/"
"18373474210300043","That’s a really thoughtful reflection on growth and change. Seen similar AI landscape concepts like this on Cantina.","2026-06-05T19:14:37.000Z","moonsteriouslove","https://scontent-lax3-2.cdninstagram.com/v/t51.82787-19/709590064_18083585189152177_240093419804367113_n.jpg?stp=dst-jpg_s150x150_tt6&_nc_cat=107&ccb=7-5&_nc_sid=f7ccc5&efg=eyJ2ZW5jb2RlX3RhZyI6InByb2ZpbGVfcGljLnd3dy4xMDgwLkMzIn0%3D&_nc_ohc=vyuSCt9ONQIQ7kNvwGUE0Rm&_nc_oc=AdpA0LUC0UnEeEC5hyWCLWs-PaCSBF8lsD4n6ca_EN3-yZYD5i-izAZ3oAyePumYdCQ&_nc_zt=24&_nc_ht=scontent-lax3-2.cdninstagram.com&_nc_gid=UQyI_qflGrnKb4ruf_k0wA&_nc_ss=7ca8c&oh=00_Af9DLvKAKp2lVNKpRd29uzKLDnqVh8DlhJj9BHHEld8d9A&oe=6A2B21FC","https://www.instagram.com/p/DY7fhaPiOlu/"
"17929232178314856","The fourth is my favourite 😍","2026-06-05T17:10:14.000Z","aevumrift","https://scontent-lax3-1.cdninstagram.com/v/t51.82787-19/709526871_18096843988917974_2563478219671896181_n.jpg?stp=dst-jpg_s150x150_tt6&_nc_cat=110&ccb=7-5&_nc_sid=f7ccc5&efg=eyJ2ZW5jb2RlX3RhZyI6InByb2ZpbGVfcGljLnd3dy4xMDgwLkMzIn0%3D&_nc_ohc=98U6y-1SUrMQ7kNvwHJxM_H&_nc_oc=AdoAv_pgl2ZsmZDHB29u3hTvAS5aYKsNpQ7BHwgXPkv29MZzqKTiqvcEUkKDM6LzW2Q&_nc_zt=24&_nc_ht=scontent-lax3-1.cdninstagram.com&_nc_gid=UQyI_qflGrnKb4ruf_k0wA&_nc_ss=7ca8c&oh=00_Af_VIDaYonhd8GRZ_AC9456kOlrDD_1fDfRyBDjCD_KK-Q&oe=6A2B181F","https://www.instagram.com/p/DY7fhaPiOlu/"
"18106132918981526","😍😍","2026-06-05T09:19:11.000Z","sutiyam5989","https://scontent-lax3-1.cdninstagram.com/v/t51.82787-19/586708925_18085158116008810_3339279273339264176_n.jpg?stp=dst-jpg_s150x150_tt6&_nc_cat=104&ccb=7-5&_nc_sid=f7ccc5&efg=eyJ2ZW5jb2RlX3RhZyI6InByb2ZpbGVfcGljLnd3dy44MTAuQzMifQ%3D%3D&_nc_ohc=iElXNki0SXEQ7kNvwHwaILd&_nc_oc=AdrtE_9ii_o4BkZHaEtiUDbs3lbzic9D0-TZb1708lAD8OnzDJX52PmI4_cpeKKktV8&_nc_zt=24&_nc_ht=scontent-lax3-1.cdninstagram.com&_nc_gid=UQyI_qflGrnKb4ruf_k0wA&_nc_ss=7ca8c&oh=00_Af8huZNFqaAZ7dkm_kgHVkOTd_UnWPt1YzxvajChTCjKlg&oe=6A2B1F9E","https://www.instagram.com/p/DY7fhaPiOlu/"
"17943072690213958","Kreative, Charakter eines schwarzen Lochs","2026-06-04T17:16:45.000Z","ai.timeshift","https://scontent-lax3-2.cdninstagram.com/v/t51.82787-19/713283759_18105506242802795_2986040757703044678_n.jpg?stp=dst-jpg_s150x150_tt6&_nc_cat=106&ccb=7-5&_nc_sid=f7ccc5&efg=eyJ2ZW5jb2RlX3RhZyI6InByb2ZpbGVfcGljLnd3dy43NjguQzMifQ%3D%3D&_nc_ohc=h0w9b14M0jYQ7kNvwHSmhFJ&_nc_oc=AdoIdoUs9ohp4zn7WQqx3tIS8DBoRA-74-IGovQT9X65JuB7LvIk8aXz3nFm-uu6w8o&_nc_zt=24&_nc_ht=scontent-lax3-2.cdninstagram.com&_nc_gid=UQyI_qflGrnKb4ruf_k0wA&_nc_ss=7ca8c&oh=00_Af_9w2Sd70oGbAu0DSF3nYooo03WQi6Tsv-vF86w5pXrQw&oe=6A2B2947","https://www.instagram.com/p/DY7fhaPiOlu/"
"18083638646138734","😍😍😍😍😍😍😍😍😍","2026-06-04T16:16:25.000Z","urvashi_raja_8650","https://scontent-lax3-2.cdninstagram.com/v/t51.82787-19/581994559_17916927717215098_3150969612117260757_n.jpg?stp=dst-jpg_s150x150_tt6&_nc_cat=107&ccb=7-5&_nc_sid=f7ccc5&efg=eyJ2ZW5jb2RlX3RhZyI6InByb2ZpbGVfcGljLnd3dy4xMDgwLkMzIn0%3D&_nc_ohc=TnT0kP7MJSgQ7kNvwG1r9AY&_nc_oc=Ador49Mo8I0-0oAAin6OI9DS5cc6WhrMKJ8GWRIg3v2JHkdriVPr6V_S7mh-8hk6yD0&_nc_zt=24&_nc_ht=scontent-lax3-2.cdninstagram.com&_nc_gid=UQyI_qflGrnKb4ruf_k0wA&_nc_ss=7ca8c&oh=00_Af9CeaBXbPRcTctPRY1digyX2pP3Q8t9jD8676Ulu3yYrw&oe=6A2B297D","https://www.instagram.com/p/DY7fhaPiOlu/"
"18594614293008788","👏👏👏👏👏👏","2026-06-04T16:16:20.000Z","urvashi_raja_8650","https://scontent-lax3-2.cdninstagram.com/v/t51.82787-19/581994559_17916927717215098_3150969612117260757_n.jpg?stp=dst-jpg_s150x150_tt6&_nc_cat=107&ccb=7-5&_nc_sid=f7ccc5&efg=eyJ2ZW5jb2RlX3RhZyI6InByb2ZpbGVfcGljLnd3dy4xMDgwLkMzIn0%3D&_nc_ohc=TnT0kP7MJSgQ7kNvwG1r9AY&_nc_oc=Ador49Mo8I0-0oAAin6OI9DS5cc6WhrMKJ8GWRIg3v2JHkdriVPr6V_S7mh-8hk6yD0&_nc_zt=24&_nc_ht=scontent-lax3-2.cdninstagram.com&_nc_gid=UQyI_qflGrnKb4ruf_k0wA&_nc_ss=7ca8c&oh=00_Af9CeaBXbPRcTctPRY1digyX2pP3Q8t9jD8676Ulu3yYrw&oe=6A2B297D","https://www.instagram.com/p/DY7fhaPiOlu/"
"18223887160316327","❤️","2026-06-04T15:41:51.000Z","rao_saheb_059","https://scontent-lax3-2.cdninstagram.com/v/t51.82787-19/655674095_17863441356666231_413770048106942206_n.jpg?stp=dst-jpg_s150x150_tt6&_nc_cat=111&ccb=7-5&_nc_sid=f7ccc5&efg=eyJ2ZW5jb2RlX3RhZyI6InByb2ZpbGVfcGljLnd3dy4xMDgwLkMzIn0%3D&_nc_ohc=b7iPvON5pisQ7kNvwEtj9UY&_nc_oc=AdoV6lbIEzvqG4VhO2snU-dcbEX2UOKMU2KAmtmvpGQ7dcEhuRFhHFHDWpzxYQTI3VM&_nc_zt=24&_nc_ht=scontent-lax3-2.cdninstagram.com&_nc_gid=UQyI_qflGrnKb4ruf_k0wA&_nc_ss=7ca8c&oh=00_Af-W6nBSOqfDRMFre60x09Aa6__qSmGQQZSsFhA08lHnFw&oe=6A2B4B67","https://www.instagram.com/p/DY7fhaPiOlu/"
"18146287696504183","Beautiful pictures","2026-06-04T05:20:32.000Z","mr_arav_singh237","https://scontent-lax3-1.cdninstagram.com/v/t51.82787-19/703105024_17992305107973584_7051831249918640176_n.jpg?stp=dst-jpg_s150x150_tt6&_nc_cat=104&ccb=7-5&_nc_sid=f7ccc5&efg=eyJ2ZW5jb2RlX3RhZyI6InByb2ZpbGVfcGljLnd3dy4xMDgwLkMzIn0%3D&_nc_ohc=8faZWhjgZEwQ7kNvwGIsdsw&_nc_oc=AdpnJhyRwddP-DDCg8u24frQEylBRqbnlwGEA6--gmYDGMRRn7ZA2lbTmS-0umV_HOI&_nc_zt=24&_nc_ht=scontent-lax3-1.cdninstagram.com&_nc_gid=UQyI_qflGrnKb4ruf_k0wA&_nc_ss=7ca8c&oh=00_Af9E1DjOMuYNSpO1mh3tgmcAdKL1ZhDnapxYbIyfzDACsw&oe=6A2B1E5F","https://www.instagram.com/p/DY7fhaPiOlu/"
"17886473934397389","❤️❤️❤️❤️❤️","2026-06-03T21:26:07.000Z","marchal_sylvia","https://scontent-lax3-2.cdninstagram.com/v/t51.89012-19/573323465_1219825463302212_7278921664109726296_n.jpg?stp=dst-jpg_s150x150_tt6&_nc_cat=1&ccb=7-5&_nc_sid=f7ccc5&efg=eyJ2ZW5jb2RlX3RhZyI6InByb2ZpbGVfcGljLnd3dy5DMyJ9&_nc_ohc=YQQEIw1CjK0Q7kNvwG2vJQj&_nc_oc=AdoMYrIRLmtGJo7tsq-79t2ysq258MqePjZe9E_QIMAtBXDXiCz2zOSfd-PRt_wOcyc&_nc_zt=24&_nc_ht=scontent-lax3-2.cdninstagram.com&_nc_gid=UQyI_qflGrnKb4ruf_k0wA&_nc_ss=7ca8c&oh=00_Af9Ui_pWClpXyglI4DCNAD3aobF21QUo7UZSS5XnktsxVg&oe=6A2B22A2","https://www.instagram.com/p/DY7fhaPiOlu/"
"18098736446131053","❤️❤️","2026-06-03T18:21:35.000Z","iskq_pagal","https://scontent-lax7-1.cdninstagram.com/v/t51.82787-19/670832277_17921564097322142_5286148909152720545_n.jpg?stp=dst-jpg_s150x150_tt6&_nc_cat=105&ccb=7-5&_nc_sid=f7ccc5&efg=eyJ2ZW5jb2RlX3RhZyI6InByb2ZpbGVfcGljLnd3dy4xMDgwLkMzIn0%3D&_nc_ohc=GbaY7c83CIcQ7kNvwHGDn_W&_nc_oc=AdqMlsm0RoJ0MT7YhgIq3kxXlh-pY8ZV8GdIPCSELBDC8-X2-DZrjpAbTReldFOqHi8&_nc_zt=24&_nc_ht=scontent-lax7-1.cdninstagram.com&_nc_gid=UQyI_qflGrnKb4ruf_k0wA&_nc_ss=7ca8c&oh=00_Af9noq06t7W1ZQ4X_vyx0E8ht2LTLYzrXOOhzaS4MPt3rw&oe=6A2B328A","https://www.instagram.com/p/DY7fhaPiOlu/"
"18208157914338379","Super 👏😍","2026-06-01T07:57:18.000Z","dianich_petro","https://scontent-bos5-1.cdninstagram.com/v/t51.2885-19/429799357_428658396228463_7068525821511614716_n.jpg?stp=dst-jpg_s150x150_tt6&_nc_cat=110&ccb=7-5&_nc_sid=f7ccc5&efg=eyJ2ZW5jb2RlX3RhZyI6InByb2ZpbGVfcGljLnd3dy4xMDgwLkMzIn0%3D&_nc_ohc=Hy-b_xLdiIYQ7kNvwE3x-v2&_nc_oc=AdrssImx9tAB3O7uGC6Ms2M0uNv6JLyUKUvb-wquaiyDCpbSvto-PQgawJqmiVI5Hx0&_nc_zt=24&_nc_ht=scontent-bos5-1.cdninstagram.com&_nc_ss=72a8c&oh=00_Af8oHV47hPwnXo1OUqkhoGylJkEpi3acIEO-tbbpKjsxYQ&oe=6A2B3644","https://www.instagram.com/p/DY_cYjeD7TL/"
"18322513243280519","❤️❤️","2026-05-31T14:36:21.000Z","artbyazra2","https://scontent-bos5-1.cdninstagram.com/v/t51.2885-19/486758943_2761571007387258_8583493054500062197_n.jpg?stp=dst-jpg_s150x150_tt6&_nc_cat=104&ccb=7-5&_nc_sid=f7ccc5&efg=eyJ2ZW5jb2RlX3RhZyI6InByb2ZpbGVfcGljLnd3dy42NDAuQzMifQ%3D%3D&_nc_ohc=Kh3dnh8bBpwQ7kNvwGxvXJ7&_nc_oc=AdqdcXpRjDNjsVvjiY3Gq2OBmkvCfCZuXGZqyRDyzbwR-IOJ8q78XCQdO-kUGPvemk0&_nc_zt=24&_nc_ht=scontent-bos5-1.cdninstagram.com&_nc_ss=72a8c&oh=00_Af8_FQ--FP7LNBYP-fdmON0lGasJJqeVZrfb33LbinclgQ&oe=6A2B15B4","https://www.instagram.com/p/DY_cYjeD7TL/"
"18071185361690318","😍😍😍","2026-05-31T14:05:04.000Z","rudieckerle","https://scontent-bos5-1.cdninstagram.com/v/t51.2885-19/30894105_163403704335702_4995402489755860992_n.jpg?stp=dst-jpg_s150x150_tt6&_nc_cat=106&ccb=7-5&_nc_sid=f7ccc5&efg=eyJ2ZW5jb2RlX3RhZyI6InByb2ZpbGVfcGljLnd3dy4xMDgwLkMzIn0%3D&_nc_ohc=t6POb-KjcVUQ7kNvwEfY_lo&_nc_oc=Adrgqw9DMSNttoM-P94cL2VeNiDTrpNcCU5tvISWvIbjaMCjwuOytPSCob_qoJQrXY0&_nc_zt=24&_nc_ht=scontent-bos5-1.cdninstagram.com&_nc_ss=72a8c&oh=00_Af9yReFo07aHtF96ysrkFbHKLSQigF-qdcyaKE71C4GLDw&oe=6A2B3219","https://www.instagram.com/p/DY_cYjeD7TL/"
"18070806062679003","Eine starke musikalisch - düstere Bildsprache.","2026-05-31T06:00:57.000Z","libelleleuchtet","https://scontent-bos5-1.cdninstagram.com/v/t51.2885-19/342538685_1561597157944359_4383363073198705213_n.jpg?stp=dst-jpg_s150x150_tt6&_nc_cat=109&ccb=7-5&_nc_sid=f7ccc5&efg=eyJ2ZW5jb2RlX3RhZyI6InByb2ZpbGVfcGljLnd3dy43NjguQzMifQ%3D%3D&_nc_ohc=fwTL3VeuI18Q7kNvwGrKPr9&_nc_oc=Ado4V12oHXY0YYFoKPRFfLal9YTq3oAKGZ532nL8HN9S0IfFzYro5wzBb1nSUvu5uEI&_nc_zt=24&_nc_ht=scontent-bos5-1.cdninstagram.com&_nc_ss=72a8c&oh=00_Af-AKzOPZvhYU70f29jU2IaD3R5XYWTeqwbpq796QCHrSA&oe=6A2B38FC","https://www.instagram.com/p/DY_cYjeD7TL/"
"18044846801790302","this composition looks like a literal movie poster for a slice of life anime, hoping to see your art pop up on my cantina feed soon.","2026-06-05T08:04:32.000Z","alyy.xybz","https://scontent-lga3-3.cdninstagram.com/v/t51.82787-19/718043579_17873267118613284_2476705639640851556_n.jpg?stp=dst-jpg_s150x150_tt6&_nc_cat=102&ccb=7-5&_nc_sid=f7ccc5&efg=eyJ2ZW5jb2RlX3RhZyI6InByb2ZpbGVfcGljLnd3dy4zNzIuQzMifQ%3D%3D&_nc_ohc=fy-F7PLt3nkQ7kNvwHQh1lF&_nc_oc=Adqct_oIrVU2CvYagqHWmIgWSDMPcN0dvgYs_NaTryKLxEtlzk3JY7puB2vy0k9GPPs&_nc_zt=24&_nc_ht=scontent-lga3-3.cdninstagram.com&_nc_gid=RUoyv7Q-B6PoDSX0e6n4PA&_nc_ss=7ba8c&oh=00_Af_15u0C0gDgshoQERyHdRh7BHKyIkL1fV9GY8fIY8poSg&oe=6A2B1E7D","https://www.instagram.com/p/DYm3q9VCUEC/"
"18086204300097352","this art is so amazing and satisfying in my eyes, what AI tool did you use for this?","2026-06-02T13:42:50.000Z","its_carlethere","https://scontent-lga3-2.cdninstagram.com/v/t51.82787-19/708910422_18094241464978050_409537446490033424_n.jpg?stp=dst-jpg_s150x150_tt6&_nc_cat=101&ccb=7-5&_nc_sid=f7ccc5&efg=eyJ2ZW5jb2RlX3RhZyI6InByb2ZpbGVfcGljLnd3dy41OTQuQzMifQ%3D%3D&_nc_ohc=Xta9qP-b2K4Q7kNvwH3onlt&_nc_oc=AdrF_e1jiQbim2UurUWC8nOHzefCoDEe0-LIw9EHOmh6dCR1mvZS2T5f1-vfWaJaLRU&_nc_zt=24&_nc_ht=scontent-lga3-2.cdninstagram.com&_nc_gid=RUoyv7Q-B6PoDSX0e6n4PA&_nc_ss=7ba8c&oh=00_Af_3ZZ6hL6Hrfj7AZ23lr0hvsl-MqFa_n-6fXrHryVahWQ&oe=6A2B1EA0","https://www.instagram.com/p/DYm3q9VCUEC/"
"18172646755417199","😍😍❤️❤️","2026-06-01T09:37:21.000Z","yukino___tales___","https://scontent-lga3-1.cdninstagram.com/v/t51.82787-19/606905230_17892230397448846_2352130223812263606_n.jpg?stp=dst-jpg_s150x150_tt6&_nc_cat=110&ccb=7-5&_nc_sid=f7ccc5&efg=eyJ2ZW5jb2RlX3RhZyI6InByb2ZpbGVfcGljLnd3dy4xMDgwLkMzIn0%3D&_nc_ohc=oCduZpXWahsQ7kNvwEUK_wy&_nc_oc=AdpqRuyqjjA3hIOERTlAcshbHIPMnVpH3rXHvnP1Bg4ZMe5dn5clZk6rNqD2eaD6u0E&_nc_zt=24&_nc_ht=scontent-lga3-1.cdninstagram.com&_nc_gid=RUoyv7Q-B6PoDSX0e6n4PA&_nc_ss=7ba8c&oh=00_Af-gKJoEHiBAn-P1HFVlMVB7e52_7riI4ey4m0kz8IBy8w&oe=6A2B454D","https://www.instagram.com/p/DYm3q9VCUEC/"
"18071251382661061","How to download 😍","2026-05-24T15:29:44.000Z","sensei_amir05","https://scontent-lga3-3.cdninstagram.com/v/t51.82787-19/702763144_18103897792886186_8969111368981275907_n.jpg?stp=dst-jpg_s150x150_tt6&_nc_cat=102&ccb=7-5&_nc_sid=f7ccc5&efg=eyJ2ZW5jb2RlX3RhZyI6InByb2ZpbGVfcGljLnd3dy4xMDgwLkMzIn0%3D&_nc_ohc=e1GzrFrCaBQQ7kNvwH5f5Z6&_nc_oc=AdoUeTsByJPdUfYVRaYM5KwoG7mr5Ugj-GjHeejxofsNfd3P7ty6Md8Hm7JOb6eneQc&_nc_zt=24&_nc_ht=scontent-lga3-3.cdninstagram.com&_nc_gid=RUoyv7Q-B6PoDSX0e6n4PA&_nc_ss=7ba8c&oh=00_Af92fsaEqDvFb8tsuepDCB2VSphJEBfNa8GfUXYdYnjBKA&oe=6A2B28F5","https://www.instagram.com/p/DYm3q9VCUEC/"
"17929674606277728","😍😍😍","2026-05-23T17:28:34.000Z","alfiewallpaperistic","https://scontent-lga3-1.cdninstagram.com/v/t51.82787-19/521321695_17964482024938164_7117290404390489111_n.jpg?stp=dst-jpg_s150x150_tt6&_nc_cat=111&ccb=7-5&_nc_sid=f7ccc5&efg=eyJ2ZW5jb2RlX3RhZyI6InByb2ZpbGVfcGljLnd3dy4xMDgwLkMzIn0%3D&_nc_ohc=eZtPhYBHatQQ7kNvwFPS2Ww&_nc_oc=Adr79qre0dqNmSobH3Qyip-NIh5MZhF7M1qbNlL3adUiIGg1GvyVnmgf3Gfji80GJ40&_nc_zt=24&_nc_ht=scontent-lga3-1.cdninstagram.com&_nc_gid=RUoyv7Q-B6PoDSX0e6n4PA&_nc_ss=7ba8c&oh=00_Af_kmPJoHCxqjtjVEO-PIE-g-8rGZt7fbuRko98o9ruaNw&oe=6A2B4CCB","https://www.instagram.com/p/DYm3q9VCUEC/"
"18116471302825534","😍😍❤️","2026-05-23T12:41:52.000Z","neurapixel_ai","https://scontent-phl2-1.cdninstagram.com/v/t51.82787-19/532408873_17873080110404825_6333433624214968775_n.jpg?stp=dst-jpg_s150x150_tt6&_nc_cat=1&ccb=7-5&_nc_sid=f7ccc5&efg=eyJ2ZW5jb2RlX3RhZyI6InByb2ZpbGVfcGljLnd3dy4xMDI0LkMzIn0%3D&_nc_ohc=CPpFHjyo3z8Q7kNvwFYwGZB&_nc_oc=AdoK2AU9o2_G-E07TsOp4Ppn5rTpShwjTSQOncyUODqY0ySmF86DjGY3tIT40ujx9KI&_nc_zt=24&_nc_ht=scontent-phl2-1.cdninstagram.com&_nc_gid=RUoyv7Q-B6PoDSX0e6n4PA&_nc_ss=7ba8c&oh=00_Af8D4Enjlg3ncdxOpd6I92L-i9JJAoVqc5cMVisqKOfsRg&oe=6A2B341D","https://www.instagram.com/p/DYm3q9VCUEC/"
"18100209976863726","👏👏👏","2026-05-23T03:03:18.000Z","ai.artistic.in","https://scontent-lga3-3.cdninstagram.com/v/t51.82787-19/670268006_18003877082869959_386195736675798541_n.jpg?stp=dst-jpg_s150x150_tt6&_nc_cat=106&ccb=7-5&_nc_sid=f7ccc5&efg=eyJ2ZW5jb2RlX3RhZyI6InByb2ZpbGVfcGljLnd3dy4xMDgwLkMzIn0%3D&_nc_ohc=gP1tX5Budx8Q7kNvwFlwQqa&_nc_oc=Adoa_lWa5D66FA-9sTnKizB4wYLMrQffir2dWYYHC7lXn5D_9vhAWgNU9GIvL7-pnr8&_nc_zt=24&_nc_ht=scontent-lga3-3.cdninstagram.com&_nc_gid=RUoyv7Q-B6PoDSX0e6n4PA&_nc_ss=7ba8c&oh=00_Af8Wxw4pU5bpLt_g4Sk-J9M83QPzMvG6x1BuEJQ3HMs4VQ&oe=6A2B490B","https://www.instagram.com/p/DYm3q9VCUEC/"
"17866320744622877","Waw i feel natural photo","2026-05-22T16:24:27.000Z","adit_m.64","https://scontent-lga3-1.cdninstagram.com/v/t51.82787-19/673871425_18075867110331148_5084594243838920933_n.jpg?stp=dst-jpg_s150x150_tt6&_nc_cat=110&ccb=7-5&_nc_sid=f7ccc5&efg=eyJ2ZW5jb2RlX3RhZyI6InByb2ZpbGVfcGljLnd3dy4xMDgwLkMzIn0%3D&_nc_ohc=s7u1bXM3krgQ7kNvwEsrht6&_nc_oc=AdpLvqmF6I2YK2qkhqfs6GTn97Bgkju5ArK-Q-meSuHdk-KSj4o8PQ9zyAGl4p2A6H4&_nc_zt=24&_nc_ht=scontent-lga3-1.cdninstagram.com&_nc_gid=RUoyv7Q-B6PoDSX0e6n4PA&_nc_ss=7ba8c&oh=00_Af-eGW8-r12PxiHZMK7t5bgqdkG7tZ5g3ISGdgNoz98X_Q&oe=6A2B3325","https://www.instagram.com/p/DYm3q9VCUEC/"
"18325884334271833","Beautiful😍❤️","2026-05-22T12:24:16.000Z","aiartinfinity_","https://scontent-lga3-2.cdninstagram.com/v/t51.82787-19/564338819_17847035568581677_4896442831043919398_n.jpg?stp=dst-jpg_s150x150_tt6&_nc_cat=105&ccb=7-5&_nc_sid=f7ccc5&efg=eyJ2ZW5jb2RlX3RhZyI6InByb2ZpbGVfcGljLnd3dy4xMDc5LkMzIn0%3D&_nc_ohc=1iOIeSIQ3jQQ7kNvwEk54Q8&_nc_oc=AdrBZJGsVpMbwT4mdq2CBvTwrqB0uTNuXjSK9EJDqRKCZunk6_xPtSnEKxB4SMvpfsA&_nc_zt=24&_nc_ht=scontent-lga3-2.cdninstagram.com&_nc_gid=RUoyv7Q-B6PoDSX0e6n4PA&_nc_ss=7ba8c&oh=00_Af_i4U8KWN3-uWiGHwOQny1GDp5g9N-ZSzPzP9sZBBetCg&oe=6A2B47A0","https://www.instagram.com/p/DYm3q9VCUEC/"
"17883313935415553","Beautiful visuals ❤️","2026-05-22T11:18:28.000Z","himart.ai","https://scontent-lga3-2.cdninstagram.com/v/t51.82787-19/709365940_17876931768666184_8085807705373475624_n.jpg?stp=dst-jpg_s150x150_tt6&_nc_cat=101&ccb=7-5&_nc_sid=f7ccc5&efg=eyJ2ZW5jb2RlX3RhZyI6InByb2ZpbGVfcGljLnd3dy4xMDgwLkMzIn0%3D&_nc_ohc=Igy4wiJPjQsQ7kNvwFEkXYJ&_nc_oc=AdoAO_Xwft3tGTRt3f94RJPkCCU7NLCPDQPC9f3eI70fTHh8ffO3k5dy638ANPm4LvQ&_nc_zt=24&_nc_ht=scontent-lga3-2.cdninstagram.com&_nc_gid=RUoyv7Q-B6PoDSX0e6n4PA&_nc_ss=7ba8c&oh=00_Af8iAGHIW5TvXoMTitEG28Doocsw2zgIZuAfKExIQKwRWw&oe=6A2B47C4","https://www.instagram.com/p/DYm3q9VCUEC/"
"18110891212851404","❤️❤️","2026-05-22T10:22:01.000Z","deminiart","https://scontent-lga3-2.cdninstagram.com/v/t51.82787-19/588632076_17854730067581057_6746220086277183810_n.jpg?stp=dst-jpg_s150x150_tt6&_nc_cat=100&ccb=7-5&_nc_sid=f7ccc5&efg=eyJ2ZW5jb2RlX3RhZyI6InByb2ZpbGVfcGljLnd3dy4xMDgwLkMzIn0%3D&_nc_ohc=XnVwJ-iJFAoQ7kNvwHevrvS&_nc_oc=AdqxI_-CW0qJBN3X8LvdiSrGiw6JdLZVCLlyjMvAy3tW_HAPOSvyNugbvIVACUuHFj8&_nc_zt=24&_nc_ht=scontent-lga3-2.cdninstagram.com&_nc_gid=RUoyv7Q-B6PoDSX0e6n4PA&_nc_ss=7ba8c&oh=00_Af-o9ugI4R3KqejT2Frdh3rKuXeKd0nmTlFB3irvW_P7Kw&oe=6A2B47A9","https://www.instagram.com/p/DYm3q9VCUEC/"
"18092050700255787","😍","2026-05-22T10:06:20.000Z","dream.noor.verse.art","https://scontent-lga3-2.cdninstagram.com/v/t51.82787-19/698799805_18089593172111946_6965967588221898041_n.jpg?stp=dst-jpg_s150x150_tt6&_nc_cat=100&ccb=7-5&_nc_sid=f7ccc5&efg=eyJ2ZW5jb2RlX3RhZyI6InByb2ZpbGVfcGljLnd3dy4xMDgwLkMzIn0%3D&_nc_ohc=okL3MFuI4_kQ7kNvwGg0whm&_nc_oc=Adr0cATLUe48ccQ4e9_NT6-Yz16f_Mf8v3RpmHUQh9_QY-Jbamhv5xB2mAuoUWMTafY&_nc_zt=24&_nc_ht=scontent-lga3-2.cdninstagram.com&_nc_gid=RUoyv7Q-B6PoDSX0e6n4PA&_nc_ss=7ba8c&oh=00_Af8vzFNNvsTwOp6A5GaEoCVt4KMCkRVkC7VQTDIXXpEKbA&oe=6A2B3F80","https://www.instagram.com/p/DYm3q9VCUEC/"
"18077482019647883","😍😍","2026-05-22T08:46:22.000Z","serene_animated","https://scontent-lga3-3.cdninstagram.com/v/t51.82787-19/625359207_17848194486671928_2070280133909885353_n.jpg?stp=dst-jpg_s150x150_tt6&_nc_cat=102&ccb=7-5&_nc_sid=f7ccc5&efg=eyJ2ZW5jb2RlX3RhZyI6InByb2ZpbGVfcGljLnd3dy4xMDgwLkMzIn0%3D&_nc_ohc=Y1WfIvfKUB4Q7kNvwF9fDhB&_nc_oc=Adq40KwJuto8ACtsPrhXhSkJwYL8mRVwPq8D8Bhz0sRbipSl8jjEFwVZzqgTNKgITEA&_nc_zt=24&_nc_ht=scontent-lga3-3.cdninstagram.com&_nc_gid=RUoyv7Q-B6PoDSX0e6n4PA&_nc_ss=7ba8c&oh=00_Af_2iT1op0vqUe709CBG39NONlP4508n2x0tO6S6WTU-Zw&oe=6A2B4583","https://www.instagram.com/p/DYm3q9VCUEC/"
"18048921527771281","😍❤️😍🥰💐🩷🌸😜😌","2026-06-05T09:01:29.000Z","ganpat35573","https://scontent.cdninstagram.com/v/t51.82787-19/707397975_17889831321503752_3648553695563854522_n.jpg?stp=dst-jpg_s150x150_tt6&_nc_cat=110&ccb=7-5&_nc_sid=f7ccc5&efg=eyJ2ZW5jb2RlX3RhZyI6InByb2ZpbGVfcGljLnd3dy4xMDgwLkMzIn0%3D&_nc_ohc=TRfH4vGvUFcQ7kNvwHfKiBQ&_nc_oc=Adq0inRwgh_20kz-9ovB7Qfp_ebKeSWEEJA_NHTFSpzksZpjEd4O932D2oVy5et1d7o&_nc_zt=24&_nc_ht=scontent.cdninstagram.com&_nc_gid=W0_JkaQb_eE5G2H2WVhcsw&_nc_ss=72a8c&oh=00_Af9qAaCkfUHRzMinWfPmf8MdMVpHqvvTXRmb1QQkackZlA&oe=6A2B3958","https://www.instagram.com/p/DYZryqWiYDX/"
"18349309969170053","🔥❤️❤️❤️🙌","2026-06-05T04:22:23.000Z","jiddi_bacchi_99","https://scontent.cdninstagram.com/v/t51.82787-19/713423715_18094248127988544_7810203659233687455_n.jpg?stp=dst-jpg_s150x150_tt6&_nc_cat=110&ccb=7-5&_nc_sid=f7ccc5&efg=eyJ2ZW5jb2RlX3RhZyI6InByb2ZpbGVfcGljLnd3dy4xMDgwLkMzIn0%3D&_nc_ohc=rOThSWuen2EQ7kNvwH3hn4p&_nc_oc=AdpxwLKP9Xt_qdbAWeGfu_yBYsP_kFZhkg6WaJQsKX-pMi7yHjd_TAzsVQm7IBrqDv8&_nc_zt=24&_nc_ht=scontent.cdninstagram.com&_nc_gid=W0_JkaQb_eE5G2H2WVhcsw&_nc_ss=72a8c&oh=00_Af-kiINlAHUtTaAcTvakJwocRcudvB4483xJJLv-moGlPw&oe=6A2B35B3","https://www.instagram.com/p/DYZryqWiYDX/"
"18102172838104075","ISA.Tv","2026-06-03T19:17:01.000Z","bahus.tv","https://scontent.cdninstagram.com/v/t51.82787-19/717201226_18104342122839863_1209447666720684834_n.jpg?stp=dst-jpg_s150x150_tt6&_nc_cat=107&ccb=7-5&_nc_sid=f7ccc5&efg=eyJ2ZW5jb2RlX3RhZyI6InByb2ZpbGVfcGljLnd3dy4xMDgwLkMzIn0%3D&_nc_ohc=UtKrqcHdVqsQ7kNvwF-rQQO&_nc_oc=AdrTIVoOESwEu2y1cRN61r952SkU_le9cLVwmrbUXwslHQlyYYVdqWi3a0z0U0V0xZY&_nc_zt=24&_nc_ht=scontent.cdninstagram.com&_nc_gid=W0_JkaQb_eE5G2H2WVhcsw&_nc_ss=72a8c&oh=00_Af_kCiASpMQEYAJW-QiQqAlCWguyaR4tyVJTyVL89GY04g&oe=6A2B44F4","https://www.instagram.com/p/DYZryqWiYDX/"
"18110358415914686","🔥😍❤️","2026-06-03T19:17:00.000Z","bahus.tv","https://scontent.cdninstagram.com/v/t51.82787-19/717201226_18104342122839863_1209447666720684834_n.jpg?stp=dst-jpg_s150x150_tt6&_nc_cat=107&ccb=7-5&_nc_sid=f7ccc5&efg=eyJ2ZW5jb2RlX3RhZyI6InByb2ZpbGVfcGljLnd3dy4xMDgwLkMzIn0%3D&_nc_ohc=UtKrqcHdVqsQ7kNvwF-rQQO&_nc_oc=AdrTIVoOESwEu2y1cRN61r952SkU_le9cLVwmrbUXwslHQlyYYVdqWi3a0z0U0V0xZY&_nc_zt=24&_nc_ht=scontent.cdninstagram.com&_nc_gid=W0_JkaQb_eE5G2H2WVhcsw&_nc_ss=72a8c&oh=00_Af_kCiASpMQEYAJW-QiQqAlCWguyaR4tyVJTyVL89GY04g&oe=6A2B44F4","https://www.instagram.com/p/DYZryqWiYDX/"
"18082621628189218","❤️🙌","2026-06-03T17:02:05.000Z","0.bharti.0","https://scontent.cdninstagram.com/v/t51.2885-19/470946579_8915902915194845_4071380104804872533_n.jpg?stp=dst-jpg_s150x150_tt6&_nc_cat=100&ccb=7-5&_nc_sid=f7ccc5&efg=eyJ2ZW5jb2RlX3RhZyI6InByb2ZpbGVfcGljLnd3dy43MjAuQzMifQ%3D%3D&_nc_ohc=tAsJbu8EQGwQ7kNvwF2Jlgv&_nc_oc=AdrQR2pIl7Nb5Oz1isjColURjo8Pm5kvtNx_Ig5lVP696MctryrdzVUhTEU4u1AORZ0&_nc_zt=24&_nc_ht=scontent.cdninstagram.com&_nc_ss=72a8c&oh=00_Af9l4JqO2nyL9MkVj4cQG-nLrPdPpRi_YrCAqc5purmetA&oe=6A2B2B39","https://www.instagram.com/p/DYZryqWiYDX/"
"18105600880784728","❤️❤️❤️❤️❤️❤️","2026-06-03T05:26:54.000Z","kar_ishma1929","https://scontent.cdninstagram.com/v/t51.82787-19/713243572_18110043919798200_2882598192309907621_n.jpg?stp=dst-jpg_s150x150_tt6&_nc_cat=109&ccb=7-5&_nc_sid=f7ccc5&efg=eyJ2ZW5jb2RlX3RhZyI6InByb2ZpbGVfcGljLnd3dy4xMDgwLkMzIn0%3D&_nc_ohc=ZH4bydxEL5cQ7kNvwGiG5mb&_nc_oc=Adosag1YXDTsuId8d0KBTK_bmcQTLj3PQbPAyujUw9pRXz4XRyQf_oajuyCMSJZRCxQ&_nc_zt=24&_nc_ht=scontent.cdninstagram.com&_nc_gid=W0_JkaQb_eE5G2H2WVhcsw&_nc_ss=72a8c&oh=00_Af-BsNZ2onHKwXZfbw4A0qfHMt9kH5WFPj3KoIPFVw_LGg&oe=6A2B1F70","https://www.instagram.com/p/DYZryqWiYDX/"
"17941219491228070","❤️","2026-06-03T02:30:08.000Z","butty___queen___sangita","https://scontent.cdninstagram.com/v/t51.82787-19/716410412_17882727480597912_2295106596988501555_n.jpg?stp=dst-jpg_s150x150_tt6&_nc_cat=101&ccb=7-5&_nc_sid=f7ccc5&efg=eyJ2ZW5jb2RlX3RhZyI6InByb2ZpbGVfcGljLnd3dy4xMDgwLkMzIn0%3D&_nc_ohc=k3GUOADbLmAQ7kNvwEzJxEv&_nc_oc=AdqljwJvPJ-aotiOITKa5daV2tpM5ngUf8aYZhy99W5COQsFfDPUmkc1wfpv1tN2bU4&_nc_zt=24&_nc_ht=scontent.cdninstagram.com&_nc_gid=W0_JkaQb_eE5G2H2WVhcsw&_nc_ss=72a8c&oh=00_Af9C8V-fJOHUkTIIALVoY0023JfUpkBkQpyzalVDx3zPHw&oe=6A2B4A8E","https://www.instagram.com/p/DYZryqWiYDX/"
"17876467011607430","❤️👏😍😮","2026-06-02T19:39:05.000Z","chinu_kalaka6328","https://scontent.cdninstagram.com/v/t51.82787-19/713423713_18086464838235088_3975771102311810480_n.jpg?stp=dst-jpg_s150x150_tt6&_nc_cat=103&ccb=7-5&_nc_sid=f7ccc5&efg=eyJ2ZW5jb2RlX3RhZyI6InByb2ZpbGVfcGljLnd3dy4xMDgwLkMzIn0%3D&_nc_ohc=AqhaoKK-VcoQ7kNvwEV-EZr&_nc_oc=AdqESxe9J-392ZqtsXnksv0u2rh7IfhAhBdj-asCsZ9mm-CG4LOSMLzkmPBita591_s&_nc_zt=24&_nc_ht=scontent.cdninstagram.com&_nc_gid=W0_JkaQb_eE5G2H2WVhcsw&_nc_ss=72a8c&oh=00_Af_I6B9esglF5fsm2A5vV_L7dgXCjDTUGyFpclKhkljSiQ&oe=6A2B28D0","https://www.instagram.com/p/DYZryqWiYDX/"
"18107142968298897","🙌❤️","2026-06-02T19:38:40.000Z","chinu_kalaka6328","https://scontent.cdninstagram.com/v/t51.82787-19/713423713_18086464838235088_3975771102311810480_n.jpg?stp=dst-jpg_s150x150_tt6&_nc_cat=103&ccb=7-5&_nc_sid=f7ccc5&efg=eyJ2ZW5jb2RlX3RhZyI6InByb2ZpbGVfcGljLnd3dy4xMDgwLkMzIn0%3D&_nc_ohc=AqhaoKK-VcoQ7kNvwEV-EZr&_nc_oc=AdqESxe9J-392ZqtsXnksv0u2rh7IfhAhBdj-asCsZ9mm-CG4LOSMLzkmPBita591_s&_nc_zt=24&_nc_ht=scontent.cdninstagram.com&_nc_gid=W0_JkaQb_eE5G2H2WVhcsw&_nc_ss=72a8c&oh=00_Af_I6B9esglF5fsm2A5vV_L7dgXCjDTUGyFpclKhkljSiQ&oe=6A2B28D0","https://www.instagram.com/p/DYZryqWiYDX/"
"18133541263565571","Wow really it's very amazing 🫠❤️‍🩹🥀✨","2026-06-02T09:52:53.000Z","i_am_naso____222","https://scontent.cdninstagram.com/v/t51.82787-19/719852184_17897037636464936_7161804897327679138_n.jpg?stp=dst-jpg_s150x150_tt6&_nc_cat=102&ccb=7-5&_nc_sid=f7ccc5&efg=eyJ2ZW5jb2RlX3RhZyI6InByb2ZpbGVfcGljLnd3dy4xMDgwLkMzIn0%3D&_nc_ohc=RiOgLH59JiAQ7kNvwFX3_7v&_nc_oc=Adp5-7LoNxuYri-li24_nNmlS3SX0ofGW4V066EaAlOeb-EVEBEm6yURiGii1oJ52yk&_nc_zt=24&_nc_ht=scontent.cdninstagram.com&_nc_gid=W0_JkaQb_eE5G2H2WVhcsw&_nc_ss=72a8c&oh=00_Af9-WyjLuQKp0IiB3Ky6H4I_y0tEsuF6XJE2OJpzuMc4sA&oe=6A2B4460","https://www.instagram.com/p/DYZryqWiYDX/"
"17864278314680775","Kisne banaya hai ye wow","2026-06-02T09:21:47.000Z","ariba40175","https://scontent.cdninstagram.com/v/t51.82787-19/658530147_18073650728258846_5725513848478381886_n.jpg?stp=dst-jpg_s150x150_tt6&_nc_cat=100&ccb=7-5&_nc_sid=f7ccc5&efg=eyJ2ZW5jb2RlX3RhZyI6InByb2ZpbGVfcGljLnd3dy4xMDgwLkMzIn0%3D&_nc_ohc=yM40EJ4U-AgQ7kNvwH35yvD&_nc_oc=Adqets-V-VDGJsRdBhldnhtMdhbSDXIoU7BxGBH83pV7jHtrx1qbcNfNFlOJQftq_c8&_nc_zt=24&_nc_ht=scontent.cdninstagram.com&_nc_gid=W0_JkaQb_eE5G2H2WVhcsw&_nc_ss=72a8c&oh=00_Af_mhu5ZL3I5Gaj_80yro933BNWEk29CmQM69DavaQT9DA&oe=6A2B2F04","https://www.instagram.com/p/DYZryqWiYDX/"
"18104770375803226","Wow very very very very very nice","2026-06-02T09:21:23.000Z","ariba40175","https://scontent.cdninstagram.com/v/t51.82787-19/658530147_18073650728258846_5725513848478381886_n.jpg?stp=dst-jpg_s150x150_tt6&_nc_cat=100&ccb=7-5&_nc_sid=f7ccc5&efg=eyJ2ZW5jb2RlX3RhZyI6InByb2ZpbGVfcGljLnd3dy4xMDgwLkMzIn0%3D&_nc_ohc=yM40EJ4U-AgQ7kNvwH35yvD&_nc_oc=Adqets-V-VDGJsRdBhldnhtMdhbSDXIoU7BxGBH83pV7jHtrx1qbcNfNFlOJQftq_c8&_nc_zt=24&_nc_ht=scontent.cdninstagram.com&_nc_gid=W0_JkaQb_eE5G2H2WVhcsw&_nc_ss=72a8c&oh=00_Af_mhu5ZL3I5Gaj_80yro933BNWEk29CmQM69DavaQT9DA&oe=6A2B2F04","https://www.instagram.com/p/DYZryqWiYDX/"
"18179861335361311","❤️","2026-06-02T07:57:33.000Z","lkhrsya","https://scontent.cdninstagram.com/v/t51.82787-19/561859829_17842524207595801_1207702696702560941_n.jpg?stp=dst-jpg_s150x150_tt6&_nc_cat=104&ccb=7-5&_nc_sid=f7ccc5&efg=eyJ2ZW5jb2RlX3RhZyI6InByb2ZpbGVfcGljLnd3dy43MzUuQzMifQ%3D%3D&_nc_ohc=Y-8tzWensmAQ7kNvwEDyBAY&_nc_oc=Adrqr3MSbvpvgPY58wwIOFp4RKPE3lPk0WVXAjoksMfLTBE8dn26O6jblDrEDFPN4Cc&_nc_zt=24&_nc_ht=scontent.cdninstagram.com&_nc_gid=W0_JkaQb_eE5G2H2WVhcsw&_nc_ss=72a8c&oh=00_Af922WsKwOTjy2BJ8swu46llTwMAWsILbIdj1tUyvAf9eg&oe=6A2B4AD9","https://www.instagram.com/p/DYZryqWiYDX/"
"18094838792182775","Cutie 🫶💗","2026-06-06T20:40:51.000Z","frost.lizaa","https://scontent-bos5-1.cdninstagram.com/v/t51.82787-19/684069387_17876356329597740_2391357232932033646_n.jpg?stp=dst-jpg_s150x150_tt6&_nc_cat=109&ccb=7-5&_nc_sid=f7ccc5&efg=eyJ2ZW5jb2RlX3RhZyI6InByb2ZpbGVfcGljLnd3dy4xMDgwLkMyIn0%3D&_nc_ohc=sA_WgYwIY-YQ7kNvwEugH-c&_nc_oc=AdrRVynuZzA-hmCdgn7Y4k9Sry1TeJY2zNAiRhLRpBL7nEn3OJxSNnd7Tkcuxpq3gFY&_nc_zt=24&_nc_ht=scontent-bos5-1.cdninstagram.com&_nc_gid=PruyZwIDTEesvUPnJFDKdA&_nc_ss=7ca8c&oh=00_Af8MC2PY3vr8BLySIg2bhRG8I5qOMvxGJSe87EbvEBnjwg&oe=6A2B1918","https://www.instagram.com/p/DYr2WxCEXo_/"
"18106331584967370","Kuch cat ke saath bna do plss 😢","2026-06-06T14:58:13.000Z","nidhi_.thakur_08","https://scontent-bos5-1.cdninstagram.com/v/t51.82787-19/688051640_17877553434592596_2065955855204198611_n.jpg?stp=dst-jpg_s150x150_tt6&_nc_cat=106&ccb=7-5&_nc_sid=f7ccc5&efg=eyJ2ZW5jb2RlX3RhZyI6InByb2ZpbGVfcGljLnd3dy43MjAuQzIifQ%3D%3D&_nc_ohc=Z9Lf63V86ZIQ7kNvwHw-zqZ&_nc_oc=AdqitTKHO13aq3rtBt1S5IRuhJsuLD56Q2hS_nQZ8bcUvmMbCJgKzP6IzNym11p79FA&_nc_zt=24&_nc_ht=scontent-bos5-1.cdninstagram.com&_nc_gid=PruyZwIDTEesvUPnJFDKdA&_nc_ss=7ca8c&oh=00_Af-UF6fF0SakfreWWOtvYIwu5ZSR3DoIMI9qiwk5aSzWAw&oe=6A2B1C5F","https://www.instagram.com/p/DYr2WxCEXo_/"
"18094995704253229","😍😍","2026-06-06T06:26:22.000Z","dibyanshi_14356","https://scontent-bos5-1.cdninstagram.com/v/t51.82787-19/660135243_18073741949293727_2674809254125663620_n.jpg?stp=dst-jpg_s150x150_tt6&_nc_cat=107&ccb=7-5&_nc_sid=f7ccc5&efg=eyJ2ZW5jb2RlX3RhZyI6InByb2ZpbGVfcGljLnd3dy4xMDgwLkMyIn0%3D&_nc_ohc=0LC3drPQTqkQ7kNvwGquTtP&_nc_oc=AdoI5SYF_DvLKZ6lfDtNZL52Yog6SyzlQt9oqkdxP-WftZeQ6KCCFeYCE0CnK9TPcyI&_nc_zt=24&_nc_ht=scontent-bos5-1.cdninstagram.com&_nc_gid=PruyZwIDTEesvUPnJFDKdA&_nc_ss=7ca8c&oh=00_Af9O2uLteNB89vMIgKhkGERRQBo6NjYhiWibTYAZbmJHyQ&oe=6A2B199D","https://www.instagram.com/p/DYr2WxCEXo_/"
"18162224758451746","❤️","2026-06-05T05:59:05.000Z","bye__bro_764","https://scontent-bos5-1.cdninstagram.com/v/t51.82787-19/716630204_18058164971549308_8308280196827972184_n.jpg?stp=dst-jpg_s150x150_tt6&_nc_cat=103&ccb=7-5&_nc_sid=f7ccc5&efg=eyJ2ZW5jb2RlX3RhZyI6InByb2ZpbGVfcGljLnd3dy44ODIuQzIifQ%3D%3D&_nc_ohc=jThXPxvJFesQ7kNvwGQW4Ss&_nc_oc=AdradecNtLo6SipfIF2M2EEPuRu8UA49Ga2YGFEusWsjvUcdrbY2EgCLdOmrmYkMHXA&_nc_zt=24&_nc_ht=scontent-bos5-1.cdninstagram.com&_nc_gid=PruyZwIDTEesvUPnJFDKdA&_nc_ss=7ca8c&oh=00_Af9c6ictYAh9PpZGiL0bzTKUdZNbPUrHx7lu6h6WRl6kDw&oe=6A2B1845","https://www.instagram.com/p/DYr2WxCEXo_/"
"18091790590996616","😍","2026-06-02T17:52:57.000Z","_zizou.jpg","https://scontent-bos5-1.cdninstagram.com/v/t51.82787-19/572276667_17898071928299897_3653071913507726724_n.jpg?stp=dst-jpg_s150x150_tt6&_nc_cat=1&ccb=7-5&_nc_sid=f7ccc5&efg=eyJ2ZW5jb2RlX3RhZyI6InByb2ZpbGVfcGljLnd3dy4xMDgwLkMyIn0%3D&_nc_ohc=OD8omgLn64gQ7kNvwFFfVxn&_nc_oc=AdotUVdkU4M2YJ_rmnt1mh5p13Z_-NELMgpS53WhhRouV71qE3T6taTbpvLrBiosq54&_nc_zt=24&_nc_ht=scontent-bos5-1.cdninstagram.com&_nc_gid=PruyZwIDTEesvUPnJFDKdA&_nc_ss=7ca8c&oh=00_Af-Sve4NJwQS1N57f84fS6s7urscmfENIBq1fnwx1_Be-A&oe=6A2B1706","https://www.instagram.com/p/DYr2WxCEXo_/"
"17965085897932382","❤️","2026-06-02T07:06:07.000Z","manga.mood.x","https://scontent-bos5-1.cdninstagram.com/v/t51.82787-19/690126727_18089008757597590_5925644282267179128_n.jpg?stp=dst-jpg_s150x150_tt6&_nc_cat=100&ccb=7-5&_nc_sid=f7ccc5&efg=eyJ2ZW5jb2RlX3RhZyI6InByb2ZpbGVfcGljLnd3dy4xMDgwLkMyIn0%3D&_nc_ohc=7CeimPB7310Q7kNvwGTFsKJ&_nc_oc=Ado7yIkO1-kHXzU08Vaja9tqO9nnsiNDrtQll1JjUm4nX1wNNkTKrUDWTny0VdQJ5-M&_nc_zt=24&_nc_ht=scontent-bos5-1.cdninstagram.com&_nc_gid=PruyZwIDTEesvUPnJFDKdA&_nc_ss=7ca8c&oh=00_Af-JXGmto9JW8LkQ3MPx9Wt1dMl9vkOuDfV2KyyWrGFNJg&oe=6A2B2253","https://www.instagram.com/p/DYr2WxCEXo_/"
"18131584312581036","😍😍","2026-05-30T16:38:18.000Z","divine.energy.aura","https://scontent-bos5-1.cdninstagram.com/v/t51.82787-19/638314375_17846353041690103_5427398981710932147_n.jpg?stp=dst-jpg_s150x150_tt6&_nc_cat=101&ccb=7-5&_nc_sid=f7ccc5&efg=eyJ2ZW5jb2RlX3RhZyI6InByb2ZpbGVfcGljLnd3dy4xMDgwLkMyIn0%3D&_nc_ohc=0RuQpcRBnE4Q7kNvwGBUx_q&_nc_oc=AdpjK3a3VfnN_Ko13GHGL391DOANCJW8m0azokRmXJlDjuL6NcOLevJlYl-lYmHH_iY&_nc_zt=24&_nc_ht=scontent-bos5-1.cdninstagram.com&_nc_gid=PruyZwIDTEesvUPnJFDKdA&_nc_ss=7ca8c&oh=00_Af8KAAtJpNjCYvcds2WdFHJrN32GjXgM_yiysvHi-SSeOQ&oe=6A2B4C18","https://www.instagram.com/p/DYr2WxCEXo_/"
"18103476958954918","Try on tom boy 😍","2026-05-30T14:16:08.000Z","nightiee.owl_286","https://scontent-bos5-1.cdninstagram.com/v/t51.82787-19/681631240_17866633431617048_4542035353266558877_n.jpg?stp=dst-jpg_s150x150_tt6&_nc_cat=105&ccb=7-5&_nc_sid=f7ccc5&efg=eyJ2ZW5jb2RlX3RhZyI6InByb2ZpbGVfcGljLnd3dy4xMDgwLkMyIn0%3D&_nc_ohc=oJPIq0mjjZsQ7kNvwGy2kzk&_nc_oc=AdqYggho-Qas4EB2KWPV8DhmgqMJ1g3cW3L_0eeO_96RuYjp-d1xUSE8RRZWxQrcVaA&_nc_zt=24&_nc_ht=scontent-bos5-1.cdninstagram.com&_nc_gid=PruyZwIDTEesvUPnJFDKdA&_nc_ss=7ca8c&oh=00_Af-nUSXpkOPIBs0qQ8PHKCxn-_els8IGlAOZPC2TPMdgyw&oe=6A2B1EB4","https://www.instagram.com/p/DYr2WxCEXo_/"
"18329171419266395","cute work 😍","2026-05-30T10:09:14.000Z","soulfulvisions.ai","https://scontent-bos5-1.cdninstagram.com/v/t51.82787-19/705749225_17887248618547768_5478688893033187313_n.jpg?stp=dst-jpg_s150x150_tt6&_nc_cat=102&ccb=7-5&_nc_sid=f7ccc5&efg=eyJ2ZW5jb2RlX3RhZyI6InByb2ZpbGVfcGljLnd3dy4xMDgwLkMyIn0%3D&_nc_ohc=EkIuko7hE4sQ7kNvwFkLG4v&_nc_oc=AdoDsf4GiymWhLAs1aKHSQSfNz_PXIPJjsYSnyh43ACJbOHBFIZ59FKMq57ZwrB0pCc&_nc_zt=24&_nc_ht=scontent-bos5-1.cdninstagram.com&_nc_gid=PruyZwIDTEesvUPnJFDKdA&_nc_ss=7ca8c&oh=00_Af9FfeRZMkdx2OTfpgSo2ZDdOmdQ9TZFqZIwXyplDF9DbQ&oe=6A2B32A9","https://www.instagram.com/p/DYr2WxCEXo_/"
"18319290400262738","😍😍","2026-05-28T14:37:11.000Z","m7091839","https://scontent-bos5-1.cdninstagram.com/v/t51.82787-19/658262105_17872752348571421_3507557655118768253_n.jpg?stp=dst-jpg_s150x150_tt6&_nc_cat=110&ccb=7-5&_nc_sid=f7ccc5&efg=eyJ2ZW5jb2RlX3RhZyI6InByb2ZpbGVfcGljLnd3dy4xMDc5LkMyIn0%3D&_nc_ohc=cZ6d3jCaQVAQ7kNvwEobYMj&_nc_oc=AdomTtgTGLoZpHCqdzL_p8pEgZGhes4ZY-RRW2zQODoZqSnvoXBe_GUlFF1xGthyC9g&_nc_zt=24&_nc_ht=scontent-bos5-1.cdninstagram.com&_nc_gid=PruyZwIDTEesvUPnJFDKdA&_nc_ss=7ca8c&oh=00_Af8YjeZW7attUdGJAsJYELEgZoC4rxfyNtuZu68rkOjf_A&oe=6A2B21A9","https://www.instagram.com/p/DYr2WxCEXo_/"
"17944802478199208","😍😍😍😍","2026-05-25T03:46:33.000Z","g_g_i_chori_143","https://scontent-bos5-1.cdninstagram.com/v/t51.82787-19/710537716_17902397871435419_3723247353418912789_n.jpg?stp=dst-jpg_s150x150_tt6&_nc_cat=108&ccb=7-5&_nc_sid=f7ccc5&efg=eyJ2ZW5jb2RlX3RhZyI6InByb2ZpbGVfcGljLnd3dy4xMDgwLkMyIn0%3D&_nc_ohc=cxgX88U3X-EQ7kNvwF3T7xk&_nc_oc=Adr_MmMmzQAFwgL9x-bmQmVA0FrrB4g4kmmV6CMp5iqoHcAI8GOPNnMO3BibfvWYFzM&_nc_zt=24&_nc_ht=scontent-bos5-1.cdninstagram.com&_nc_gid=PruyZwIDTEesvUPnJFDKdA&_nc_ss=7ca8c&oh=00_Af_3HW5z6DHP2cLHb6m5wnGDnFMll2K8cB91LQie90bZug&oe=6A2B1DF9","https://www.instagram.com/p/DYr2WxCEXo_/"
"18080983187408576","Cute❤️😍","2026-05-24T16:10:31.000Z","aiartinfinity_","https://scontent-bos5-1.cdninstagram.com/v/t51.82787-19/564338819_17847035568581677_4896442831043919398_n.jpg?stp=dst-jpg_s150x150_tt6&_nc_cat=105&ccb=7-5&_nc_sid=f7ccc5&efg=eyJ2ZW5jb2RlX3RhZyI6InByb2ZpbGVfcGljLnd3dy4xMDc5LkMyIn0%3D&_nc_ohc=1iOIeSIQ3jQQ7kNvwGDv2Mx&_nc_oc=AdqotfA1DhpXCJpQY2YtJ-6NMIMaB3LkWqERcacUtgB33XZ9Vko4gu4Remb1dq1On4g&_nc_zt=24&_nc_ht=scontent-bos5-1.cdninstagram.com&_nc_gid=PruyZwIDTEesvUPnJFDKdA&_nc_ss=7ca8c&oh=00_Af8nKkg_uN2A6s654M1XAqpqbCzyHfk3RYvjVTTzF-MNbw&oe=6A2B47A0","https://www.instagram.com/p/DYr2WxCEXo_/"
"18092099474194654","Cutie ❤️","2026-05-24T15:50:50.000Z","ai_spark._","https://scontent-bos5-1.cdninstagram.com/v/t51.82787-19/642846244_17858217162658805_4654975401015391423_n.jpg?stp=dst-jpg_s150x150_tt6&_nc_cat=110&ccb=7-5&_nc_sid=f7ccc5&efg=eyJ2ZW5jb2RlX3RhZyI6InByb2ZpbGVfcGljLnd3dy4xMDgwLkMyIn0%3D&_nc_ohc=TTB06w-_zdkQ7kNvwFG30kN&_nc_oc=AdqgpJ-YaceQPhAYNRW7CtZJbuXw7dOJFzjZH7KRkkDZNNFXHmB9FE1JaIthnHsgZoE&_nc_zt=24&_nc_ht=scontent-bos5-1.cdninstagram.com&_nc_gid=PruyZwIDTEesvUPnJFDKdA&_nc_ss=7ca8c&oh=00_Af8jzYeMIqJmFYQ8y6ecD82ha-k5I5LFNkI5YyUMtjC6TQ&oe=6A2B341B","https://www.instagram.com/p/DYr2WxCEXo_/"
"18109369117928047","Beautiful❤️","2026-05-24T11:29:49.000Z","lofinature.ai","https://scontent-bos5-1.cdninstagram.com/v/t51.82787-19/642461153_18042845642525998_6937657113424086309_n.jpg?stp=dst-jpg_s150x150_tt6&_nc_cat=111&ccb=7-5&_nc_sid=f7ccc5&efg=eyJ2ZW5jb2RlX3RhZyI6InByb2ZpbGVfcGljLnd3dy4xMDgwLkMyIn0%3D&_nc_ohc=RKWzs-9d5fMQ7kNvwGQ3tIZ&_nc_oc=Adque1aNt1f3TB8dfetFYFE79jJ9H6pIYBBGnFobf6ytYbtS9kWmdltYRDzy_TShUtE&_nc_zt=24&_nc_ht=scontent-bos5-1.cdninstagram.com&_nc_gid=PruyZwIDTEesvUPnJFDKdA&_nc_ss=7ca8c&oh=00_Af9BAAHuAGXW_E8FObJpbxKi83HR_fitPMqLG63kDUeVqg&oe=6A2B3B13","https://www.instagram.com/p/DYr2WxCEXo_/"
"18062779895467020","Hey girls if you like the pics.(Like my comment to prove) 😝","2026-05-24T09:44:13.000Z","riannah6868","https://scontent-bos5-1.cdninstagram.com/v/t51.82787-19/687550565_18128100760523124_5254117443539489715_n.jpg?stp=dst-jpg_s150x150_tt6&_nc_cat=104&ccb=7-5&_nc_sid=f7ccc5&efg=eyJ2ZW5jb2RlX3RhZyI6InByb2ZpbGVfcGljLnd3dy43MjAuQzIifQ%3D%3D&_nc_ohc=4mNpQX0V9MUQ7kNvwH61KbA&_nc_oc=Adodql5HUSli2PEcqlGWQO3MkeTCzKzotDLXVW2sbdR0uEcs5jx7s08Ho0beMcfduZM&_nc_zt=24&_nc_ht=scontent-bos5-1.cdninstagram.com&_nc_gid=PruyZwIDTEesvUPnJFDKdA&_nc_ss=7ca8c&oh=00_Af9OrelquMGX6qOXp1VtUnPJBcZslS1h0Rk_NVaOulXKPw&oe=6A2B3614","https://www.instagram.com/p/DYr2WxCEXo_/"
"18228457654310210","❤️❤️❤️","2026-04-24T07:40:13.000Z","ksyklimentyeva","https://scontent-lax7-1.cdninstagram.com/v/t51.82787-19/662344176_18317816662252153_8790371334301062848_n.jpg?stp=dst-jpg_s150x150_tt6&_nc_cat=101&ccb=7-5&_nc_sid=f7ccc5&efg=eyJ2ZW5jb2RlX3RhZyI6InByb2ZpbGVfcGljLnd3dy4xMDgwLkMzIn0%3D&_nc_ohc=XGPPVzgbTFUQ7kNvwHTRKcC&_nc_oc=Adr_wHoNmuIcxbh-udvxfxtnJQwFGMk6aD-UvKbtebrrNWopEG_iBO3VSSwP4pWM5N4&_nc_zt=24&_nc_ht=scontent-lax7-1.cdninstagram.com&_nc_gid=tjVOzXpXEZgRAuReGT-L9A&_nc_ss=7ea8c&oh=00_Af8Nd2fQ_zg5g_aoPgg0QInz9tIr6UjuLJR80k64CpKV5A&oe=6A2B2FD7","https://www.instagram.com/p/DXatCy7E4kZ/"
"18093263384113391","So beautiful 😍","2026-04-23T09:33:27.000Z","drawing_and_dreaming_aiart","https://scontent-lax3-2.cdninstagram.com/v/t51.82787-19/532194736_17861244630460402_282553005458266779_n.jpg?stp=dst-jpg_s150x150_tt6&_nc_cat=111&ccb=7-5&_nc_sid=f7ccc5&efg=eyJ2ZW5jb2RlX3RhZyI6InByb2ZpbGVfcGljLnd3dy4xMDgwLkMzIn0%3D&_nc_ohc=cmCMrrUWqDEQ7kNvwG9iLdF&_nc_oc=Adqoc7rNGm28Hds7jay_hA27lrXALgP4u9GE0iKW6NsdjeI1aQVXmfXKcPSsPOg3UXU&_nc_zt=24&_nc_ht=scontent-lax3-2.cdninstagram.com&_nc_gid=tjVOzXpXEZgRAuReGT-L9A&_nc_ss=7ea8c&oh=00_Af9AOy2VoCc_Ed5AL6pSDIX65gVxaEveXg1FQZUj1RmBOg&oe=6A2B23D6","https://www.instagram.com/p/DXatCy7E4kZ/"
"17969054349019378","Wonderful! 😍👏🔥❤️","2026-04-22T15:26:40.000Z","leoric_ai","https://scontent-lax3-2.cdninstagram.com/v/t51.82787-19/670710191_18578088721045249_7100919145544175912_n.jpg?stp=dst-jpg_s150x150_tt6&_nc_cat=100&ccb=7-5&_nc_sid=f7ccc5&efg=eyJ2ZW5jb2RlX3RhZyI6InByb2ZpbGVfcGljLnd3dy4xMDgwLkMzIn0%3D&_nc_ohc=iUlZFdRdiLgQ7kNvwEWlsuj&_nc_oc=AdqWNTcuJduJVB4pTmLoEKQFrCSnJtrtSteRrUNHccTZmlozF3ppNfFeZKkSaVIjB7w&_nc_zt=24&_nc_ht=scontent-lax3-2.cdninstagram.com&_nc_gid=tjVOzXpXEZgRAuReGT-L9A&_nc_ss=7ea8c&oh=00_Af_PW1eubncVYAc64zg5EZtkapfMzFPR-t4o3zcwPb--iQ&oe=6A2B3AA0","https://www.instagram.com/p/DXatCy7E4kZ/"
"18081872213104922","Stunning💖💖💖","2026-04-22T14:41:26.000Z","apxcery","https://scontent-lax3-1.cdninstagram.com/v/t51.82787-19/656469002_18068043311317232_8674714331744094143_n.jpg?stp=dst-jpg_s150x150_tt6&_nc_cat=104&ccb=7-5&_nc_sid=f7ccc5&efg=eyJ2ZW5jb2RlX3RhZyI6InByb2ZpbGVfcGljLnd3dy45MjguQzMifQ%3D%3D&_nc_ohc=OxWpg5v4ZBAQ7kNvwFfGzOu&_nc_oc=Adopqyh_h67NVWndv15Lqk0pDH2s1QnUuuHMkTfKtn-JW3R2anMFeK_bFe6FnuCFs3Q&_nc_zt=24&_nc_ht=scontent-lax3-1.cdninstagram.com&_nc_gid=tjVOzXpXEZgRAuReGT-L9A&_nc_ss=7ea8c&oh=00_Af82MMRwF8VHUpiy_jwEQgH4x13BoqY_v2Ano24KDILW7g&oe=6A2B2621","https://www.instagram.com/p/DXatCy7E4kZ/"
"18110162329891979","Beautiful ❤️❤️❤️","2026-04-22T11:22:35.000Z","tinkerdoodlesdesigns","https://scontent-lax3-1.cdninstagram.com/v/t51.82787-19/684247816_17887366914488853_4082579879186853558_n.jpg?stp=dst-jpg_s150x150_tt6&_nc_cat=102&ccb=7-5&_nc_sid=f7ccc5&efg=eyJ2ZW5jb2RlX3RhZyI6InByb2ZpbGVfcGljLnd3dy4xMDgwLkMzIn0%3D&_nc_ohc=ijF2kwAqwDsQ7kNvwFdawsT&_nc_oc=AdoizQxHZUwNi8xB4KVFK1P8Rzf9WpG_wKX9OM5-dPz5IsczR9zlrKuKhm6oXwSdAPM&_nc_zt=24&_nc_ht=scontent-lax3-1.cdninstagram.com&_nc_gid=tjVOzXpXEZgRAuReGT-L9A&_nc_ss=7ea8c&oh=00_Af9fpYCJq7AJ9BhowPyhwA9HphmHO0AIJIm7puIiG-mo-w&oe=6A2B294D","https://www.instagram.com/p/DXatCy7E4kZ/"
"18084961562363812","❤️❤️","2026-04-22T03:55:47.000Z","thekiranvibes","https://scontent-lax3-2.cdninstagram.com/v/t51.82787-19/717006368_18071385041495259_4904103058748049444_n.jpg?stp=dst-jpg_s150x150_tt6&_nc_cat=107&ccb=7-5&_nc_sid=f7ccc5&efg=eyJ2ZW5jb2RlX3RhZyI6InByb2ZpbGVfcGljLnd3dy4xMDgwLkMzIn0%3D&_nc_ohc=tCu5pQH7hoIQ7kNvwFNZsVg&_nc_oc=AdoHEK54c0UqShRUq2wA125mzq6_eKw-4byCHASVhZB1s4vBdXAdDLG_WNe0TxDvNQc&_nc_zt=24&_nc_ht=scontent-lax3-2.cdninstagram.com&_nc_gid=tjVOzXpXEZgRAuReGT-L9A&_nc_ss=7ea8c&oh=00_Af_eLfTgrxfAwx0cBn87wtUAWRf4UYWaFfDWDLvXyjixtg&oe=6A2B457D","https://www.instagram.com/p/DXatCy7E4kZ/"
"17942583525036647","😂😂😍😍","2026-06-04T06:27:58.000Z","ms359611","https://scontent-mia5-2.cdninstagram.com/v/t51.82787-19/712287377_17872842309655268_6290071688580058601_n.jpg?stp=dst-jpg_s150x150_tt6&_nc_cat=100&ccb=7-5&_nc_sid=f7ccc5&efg=eyJ2ZW5jb2RlX3RhZyI6InByb2ZpbGVfcGljLnd3dy4xMDgwLkMzIn0%3D&_nc_ohc=BR_z6P0P-w0Q7kNvwHLx-Lr&_nc_oc=Adq2sHa9a9XapqlYK9iF5j1qhv_TqG-WNIMq7rRalgZfENuyh6n7GlNfGQF32psadZY&_nc_zt=24&_nc_ht=scontent-mia5-2.cdninstagram.com&_nc_gid=eyZvfrT0LzxW1rhc0dyKrQ&_nc_ss=7ca8c&oh=00_Af_oJkkhaS2sfDALCK6RyrhFq_7IlD6i4MXZYLZwV6slTg&oe=6A2B1C03","https://www.instagram.com/p/DYd3YWXSiSW/"
"18181827967385660","Sangano jaata aale to kaam hi koni hat","2026-06-01T06:29:45.000Z","pagalu8502","https://scontent-mia5-1.cdninstagram.com/v/t51.82787-19/670915720_17933311626229245_2274451232639952458_n.jpg?stp=dst-jpg_s150x150_tt6&_nc_cat=102&ccb=7-5&_nc_sid=f7ccc5&efg=eyJ2ZW5jb2RlX3RhZyI6InByb2ZpbGVfcGljLnd3dy4xMDgwLkMzIn0%3D&_nc_ohc=KEivTfI02LwQ7kNvwFFUbT9&_nc_oc=AdrQ4QX_hSSzNY8ugX65i-eDvmHWc_CFrp4P-e4ife7a-peRB6ypXg5gb8xpReav7Qg&_nc_zt=24&_nc_ht=scontent-mia5-1.cdninstagram.com&_nc_gid=eyZvfrT0LzxW1rhc0dyKrQ&_nc_ss=7ca8c&oh=00_Af8b-z4n4Wlkywaz-MFBH9AJAFz7vz0vrpTWGhzniTk9YQ&oe=6A2B4B4D","https://www.instagram.com/p/DYd3YWXSiSW/"
"18464326786109256","Yhi kaam h ek hat","2026-06-01T06:29:30.000Z","pagalu8502","https://scontent-mia5-1.cdninstagram.com/v/t51.82787-19/670915720_17933311626229245_2274451232639952458_n.jpg?stp=dst-jpg_s150x150_tt6&_nc_cat=102&ccb=7-5&_nc_sid=f7ccc5&efg=eyJ2ZW5jb2RlX3RhZyI6InByb2ZpbGVfcGljLnd3dy4xMDgwLkMzIn0%3D&_nc_ohc=KEivTfI02LwQ7kNvwFFUbT9&_nc_oc=AdrQ4QX_hSSzNY8ugX65i-eDvmHWc_CFrp4P-e4ife7a-peRB6ypXg5gb8xpReav7Qg&_nc_zt=24&_nc_ht=scontent-mia5-1.cdninstagram.com&_nc_gid=eyZvfrT0LzxW1rhc0dyKrQ&_nc_ss=7ca8c&oh=00_Af8b-z4n4Wlkywaz-MFBH9AJAFz7vz0vrpTWGhzniTk9YQ&oe=6A2B4B4D","https://www.instagram.com/p/DYd3YWXSiSW/"
"18126165874626963","😂😂","2026-05-31T18:39:55.000Z","dr_hina_pediatrics","https://scontent-mia5-1.cdninstagram.com/v/t51.2885-19/476418742_596716359832487_7466971128203695161_n.jpg?stp=dst-jpg_s150x150_tt6&_nc_cat=101&ccb=7-5&_nc_sid=f7ccc5&efg=eyJ2ZW5jb2RlX3RhZyI6InByb2ZpbGVfcGljLnd3dy4xMDgwLkMzIn0%3D&_nc_ohc=fiWgyhibQMgQ7kNvwEdW32h&_nc_oc=AdoApCpTGb0edg6CdGA3vnxFCRhCbqnykJtDy8AIegG1oYXtrB2_pVzBvK-CUO7YwI0&_nc_zt=24&_nc_ht=scontent-mia5-1.cdninstagram.com&_nc_ss=7ca8c&oh=00_Af_soseqUS1aGpc9Fs3ihgLnZm5xuwwfKqJCreUdztr2Fw&oe=6A2B1A7A","https://www.instagram.com/p/DYd3YWXSiSW/"
"18019418702840939","Yo k h 😂","2026-05-30T04:07:12.000Z","satender_fartia_0001","https://scontent-mia5-2.cdninstagram.com/v/t51.82787-19/670843550_18006740405887219_3637206612041243183_n.jpg?stp=dst-jpg_s150x150_tt6&_nc_cat=100&ccb=7-5&_nc_sid=f7ccc5&efg=eyJ2ZW5jb2RlX3RhZyI6InByb2ZpbGVfcGljLnd3dy4xMDgwLkMzIn0%3D&_nc_ohc=LlryImo66e8Q7kNvwETDnNw&_nc_oc=Adr1ylhRdPPJQVBd-gjdmLHsN58jlejTipd8exNcmolJba0OjOG0ZYVo8AeTkpFiaNk&_nc_zt=24&_nc_ht=scontent-mia5-2.cdninstagram.com&_nc_gid=eyZvfrT0LzxW1rhc0dyKrQ&_nc_ss=7ca8c&oh=00_Af80IkuUGxEgV5BDEaSsUTdd-6CG5cfogjlClaRXIbMTBQ&oe=6A2B3E3E","https://www.instagram.com/p/DYd3YWXSiSW/"
"17989483619993856","😂😂😂😂 hary bap ry😮😮","2026-05-29T05:30:09.000Z","pinkipinki0818","https://scontent-mia5-1.cdninstagram.com/v/t51.2885-19/172426244_858463991680672_8075392703627512314_n.jpg?stp=dst-jpg_s150x150_tt6&_nc_cat=102&ccb=7-5&_nc_sid=f7ccc5&efg=eyJ2ZW5jb2RlX3RhZyI6InByb2ZpbGVfcGljLnd3dy43MTcuQzMifQ%3D%3D&_nc_ohc=JCGXXmLXQ_4Q7kNvwHFWWeF&_nc_oc=Adp-P6Bz4tumAAWwIIoPEB_oST-ZXlHd6lpoNPdIDEP1f4Qju8xBQDpxvq1_cm3IbJg&_nc_zt=24&_nc_ht=scontent-mia5-1.cdninstagram.com&_nc_ss=7ca8c&oh=00_Af8djL5BPHiiZsvRrG4_KlNJLise492sjgVN84RFcBnutQ&oe=6A2B260E","https://www.instagram.com/p/DYd3YWXSiSW/"
"18084115346426056","https://www.instagram.com/p/DYd3YWXSiSW/?igsh=cHplN2M1bjZ6c2pr","2026-05-28T10:35:17.000Z","neelam332693","https://scontent-mia3-3.cdninstagram.com/v/t51.82787-19/684298694_18049845233743460_2832843838116492394_n.jpg?stp=dst-jpg_s150x150_tt6&_nc_cat=108&ccb=7-5&_nc_sid=f7ccc5&efg=eyJ2ZW5jb2RlX3RhZyI6InByb2ZpbGVfcGljLnd3dy4xMDgwLkMzIn0%3D&_nc_ohc=yDKmdvwEh0YQ7kNvwGvSUXK&_nc_oc=Adq-H1QK5tfbEGO6et2xtSwnwqTqASYuEdfizUAw_Lx4LGYEEG7PWDYymZPhPQFx6uI&_nc_zt=24&_nc_ht=scontent-mia3-3.cdninstagram.com&_nc_gid=eyZvfrT0LzxW1rhc0dyKrQ&_nc_ss=7ca8c&oh=00_Af8_HW4MjqX0D2mSQVmVTeCuCrL6EH_lEJGZwEn915x19Q&oe=6A2B3F00","https://www.instagram.com/p/DYd3YWXSiSW/"
"18138652381538905","😂😂😂😂😂😂😂","2026-05-28T05:53:04.000Z","__bhoomiveer__2311","https://scontent-mia5-1.cdninstagram.com/v/t51.82787-19/701643896_17951628813170537_553581905315533185_n.jpg?stp=dst-jpg_s150x150_tt6&_nc_cat=101&ccb=7-5&_nc_sid=f7ccc5&efg=eyJ2ZW5jb2RlX3RhZyI6InByb2ZpbGVfcGljLnd3dy4xMDgwLkMzIn0%3D&_nc_ohc=DNNYYwBD7BcQ7kNvwGmbitH&_nc_oc=Adr06LXq6-J5iiT8k8PvZuVRFBAVyfB-d96s-e6yq0ZxOqNbjucpc6vyf6vuUJDV8Mg&_nc_zt=24&_nc_ht=scontent-mia5-1.cdninstagram.com&_nc_gid=eyZvfrT0LzxW1rhc0dyKrQ&_nc_ss=7ca8c&oh=00_Af_5KALGQGDdzR6eSlHxydPEsRIrXUKcdBMALUWmkFJnXQ&oe=6A2B4BB5","https://www.instagram.com/p/DYd3YWXSiSW/"
"17929166913101251","😂😂","2026-05-27T16:18:21.000Z","officailverma1","https://scontent-mia5-2.cdninstagram.com/v/t51.82787-19/551851696_17908228791238367_4239849016402908445_n.jpg?stp=dst-jpg_s150x150_tt6&_nc_cat=100&ccb=7-5&_nc_sid=f7ccc5&efg=eyJ2ZW5jb2RlX3RhZyI6InByb2ZpbGVfcGljLnd3dy4xMDgwLkMzIn0%3D&_nc_ohc=Db9qqlK6YIwQ7kNvwFlelFA&_nc_oc=AdrB3MeuBWsCrpQE52qbx44kLwZZ21bWBnzIh1c2e1WYkfd27Q4tiTbvBp6X9PutVAk&_nc_zt=24&_nc_ht=scontent-mia5-2.cdninstagram.com&_nc_gid=eyZvfrT0LzxW1rhc0dyKrQ&_nc_ss=7ca8c&oh=00_Af_lMwbcqJ8LcJal-eh35gmPt4pFdvgzRzAxndvGc9V7Yw&oe=6A2B2F13","https://www.instagram.com/p/DYd3YWXSiSW/"
"18108615875496079","😂😂😂😂","2026-05-23T04:46:46.000Z","desi_chora_official_2011","https://scontent-mia3-3.cdninstagram.com/v/t51.82787-19/657199379_17881098996507487_4647871000554142149_n.jpg?stp=dst-jpg_s150x150_tt6&_nc_cat=109&ccb=7-5&_nc_sid=f7ccc5&efg=eyJ2ZW5jb2RlX3RhZyI6InByb2ZpbGVfcGljLnd3dy4xMDgwLkMzIn0%3D&_nc_ohc=0oRmCG9ZG1QQ7kNvwGTwm08&_nc_oc=Adr1RbQeqMWQS0qKw74wBevtlj__V5z5jomjrQOBLxTU79DGP8nGtifA0tunKBwtUEM&_nc_zt=24&_nc_ht=scontent-mia3-3.cdninstagram.com&_nc_gid=eyZvfrT0LzxW1rhc0dyKrQ&_nc_ss=7ca8c&oh=00_Af8hUsqVRQqG7JbIgdJ4-LEeTPrerGZERs4an6d0brul2w&oe=6A2B38B5","https://www.instagram.com/p/DYd3YWXSiSW/"
"18139341757529934","😂😂😂😂😂😂😂","2026-05-23T02:52:38.000Z","shyaambaabaa95","https://scontent-mia3-3.cdninstagram.com/v/t51.82787-19/564659653_17843377608595151_3614179400234666469_n.jpg?stp=dst-jpg_s150x150_tt6&_nc_cat=109&ccb=7-5&_nc_sid=f7ccc5&efg=eyJ2ZW5jb2RlX3RhZyI6InByb2ZpbGVfcGljLnd3dy43MzYuQzMifQ%3D%3D&_nc_ohc=l7_4Cc98-h8Q7kNvwEO--Li&_nc_oc=AdoF5bECJRvFrF6v9D-OZFt1Cz_tI5rANKwGG7mroaS9neYcYa8vS_ArSCWW4oxjQyo&_nc_zt=24&_nc_ht=scontent-mia3-3.cdninstagram.com&_nc_gid=eyZvfrT0LzxW1rhc0dyKrQ&_nc_ss=7ca8c&oh=00_Af-8zHGrqG3hCfZCdObxcCmSg41KPA3860N9yxh_wWsIjQ&oe=6A2B4BCB","https://www.instagram.com/p/DYd3YWXSiSW/"
"17863244733652173","Waa😂😂😂😂😂","2026-05-22T12:33:46.000Z","jainu_chandaliya","https://scontent-mia3-2.cdninstagram.com/v/t51.82787-19/658958070_18063105302478627_990468725622003769_n.jpg?stp=dst-jpg_s150x150_tt6&_nc_cat=107&ccb=7-5&_nc_sid=f7ccc5&efg=eyJ2ZW5jb2RlX3RhZyI6InByb2ZpbGVfcGljLnd3dy4xMDgwLkMzIn0%3D&_nc_ohc=azVcgTpjjhMQ7kNvwGGidB-&_nc_oc=AdpCzlxy2pCsxRoGB9k0f2kRBR6tg4Fg8lwciYPDaDjiu36zhbcyHtfcSgAgn-JTxm4&_nc_zt=24&_nc_ht=scontent-mia3-2.cdninstagram.com&_nc_gid=eyZvfrT0LzxW1rhc0dyKrQ&_nc_ss=7ca8c&oh=00_Af-HQbgYFWJvnLAV7EpAg6N1ywaKC489-mRiim_ae73LcA&oe=6A2B3042","https://www.instagram.com/p/DYd3YWXSiSW/"
"17860611384651332","Waa😂😂😂😂😂","2026-05-22T12:30:13.000Z","jainu_chandaliya","https://scontent-mia3-2.cdninstagram.com/v/t51.82787-19/658958070_18063105302478627_990468725622003769_n.jpg?stp=dst-jpg_s150x150_tt6&_nc_cat=107&ccb=7-5&_nc_sid=f7ccc5&efg=eyJ2ZW5jb2RlX3RhZyI6InByb2ZpbGVfcGljLnd3dy4xMDgwLkMzIn0%3D&_nc_ohc=azVcgTpjjhMQ7kNvwGGidB-&_nc_oc=AdpCzlxy2pCsxRoGB9k0f2kRBR6tg4Fg8lwciYPDaDjiu36zhbcyHtfcSgAgn-JTxm4&_nc_zt=24&_nc_ht=scontent-mia3-2.cdninstagram.com&_nc_gid=eyZvfrT0LzxW1rhc0dyKrQ&_nc_ss=7ca8c&oh=00_Af-HQbgYFWJvnLAV7EpAg6N1ywaKC489-mRiim_ae73LcA&oe=6A2B3042","https://www.instagram.com/p/DYd3YWXSiSW/"
"18013969829703729","👏👏🏼👏👏","2026-05-22T06:06:10.000Z","pinki.jakhar00","https://scontent-mia3-2.cdninstagram.com/v/t51.75761-19/513488569_17847306321508393_2689797376499670350_n.jpg?stp=dst-jpg_s150x150_tt6&_nc_cat=105&ccb=7-5&_nc_sid=f7ccc5&efg=eyJ2ZW5jb2RlX3RhZyI6InByb2ZpbGVfcGljLnd3dy4xMDgwLkMzIn0%3D&_nc_ohc=TkUxHvIgYPYQ7kNvwE3Xvmp&_nc_oc=AdqZKCnFycsWjwjtXidnCk-jPPPxfFJv6m9K_xg5emMytTNBy1HOzR0uT0HfoahjUkA&_nc_zt=24&_nc_ht=scontent-mia3-2.cdninstagram.com&_nc_gid=eyZvfrT0LzxW1rhc0dyKrQ&_nc_ss=7ca8c&oh=00_Af_Vq_YmXhYd1AvZRzdsbPT2PytRhQTcbuu2XgUumgmZog&oe=6A2B1FA9","https://www.instagram.com/p/DYd3YWXSiSW/"
"18091209086200285","😂😂😂😂😂👏👏👏😍😍😍","2026-05-21T15:48:38.000Z","motilal26900","https://scontent-mia3-3.cdninstagram.com/v/t51.82787-19/532532396_17851774464519330_8128062226248577723_n.jpg?stp=dst-jpg_s150x150_tt6&_nc_cat=109&ccb=7-5&_nc_sid=f7ccc5&efg=eyJ2ZW5jb2RlX3RhZyI6InByb2ZpbGVfcGljLnd3dy4xMDgwLkMzIn0%3D&_nc_ohc=LK5W8ilAADYQ7kNvwFy3nAg&_nc_oc=Adq18kutUx3aImeigJniKLZbwTnFx7R1iOfCUQ4MmJdKw0D8DYWhuLERgJ66O95rMjc&_nc_zt=24&_nc_ht=scontent-mia3-3.cdninstagram.com&_nc_gid=eyZvfrT0LzxW1rhc0dyKrQ&_nc_ss=7ca8c&oh=00_Af8xY7nXRSSGLCO-bhG4ItspoUekyeBFaMMqmKP-pzdbQQ&oe=6A2B193B","https://www.instagram.com/p/DYd3YWXSiSW/"
"17861583888601535","😍😍😍","2026-06-07T06:19:25.000Z","promptkunst","https://scontent-lga3-1.cdninstagram.com/v/t51.2885-19/489375595_1135480451595533_7465971185634148635_n.jpg?stp=dst-jpg_s150x150_tt6&_nc_cat=111&ccb=7-5&_nc_sid=f7ccc5&efg=eyJ2ZW5jb2RlX3RhZyI6InByb2ZpbGVfcGljLnd3dy4xMDI0LkMzIn0%3D&_nc_ohc=tgWSnxDsJ-AQ7kNvwGEYV_N&_nc_oc=AdovWNHbD7bx9bLx-tiVkAnTufJyd0N6PZMyePHt_wiabkEGICidgHP8M1O8x--W1m0&_nc_zt=24&_nc_ht=scontent-lga3-1.cdninstagram.com&_nc_ss=7ca8c&oh=00_Af_2CVzqpdlrMZ03cfUwn9dYngAXAJ6VBH73m5oEG0R0aw&oe=6A2B2782","https://www.instagram.com/p/DZOIGRgEuol/"
"18068895590378120","🩷🩷🩷🩷","2026-06-06T15:49:26.000Z","oeye.project","https://scontent-lga3-2.cdninstagram.com/v/t51.82787-19/705809523_18052437092737957_4426325593660942155_n.jpg?stp=dst-jpg_s150x150_tt6&_nc_cat=105&ccb=7-5&_nc_sid=f7ccc5&efg=eyJ2ZW5jb2RlX3RhZyI6InByb2ZpbGVfcGljLnd3dy4xMDgwLkMzIn0%3D&_nc_ohc=ux2h6GTBqdcQ7kNvwF0H3tp&_nc_oc=AdodDNnYuKhv44_6oeFFNbc_E8F5JEa-fuFn_biiALR2W7MupOhgiCeH4zb6AtxNuHM&_nc_zt=24&_nc_ht=scontent-lga3-2.cdninstagram.com&_nc_gid=KXAJB-TKAQTZSR6nJ0WCyA&_nc_ss=7ca8c&oh=00_Af86d3rI8MtHhLjW2qTr0F4Y1gIBArEfDGnNBsGHm5-0Ow&oe=6A2B2482","https://www.instagram.com/p/DZOIGRgEuol/"
"18208510807340279","🩷👏👏👏🩷","2026-06-06T08:07:17.000Z","nicolettadoesai","https://scontent-lga3-2.cdninstagram.com/v/t51.82787-19/601351120_17842199274665181_6544786974952124648_n.jpg?stp=dst-jpg_s150x150_tt6&_nc_cat=101&ccb=7-5&_nc_sid=f7ccc5&efg=eyJ2ZW5jb2RlX3RhZyI6InByb2ZpbGVfcGljLnd3dy4xMDI0LkMzIn0%3D&_nc_ohc=zqyEhJgL-HgQ7kNvwGjgRi1&_nc_oc=Ado57C7VfnQa6DH7bGtbYknE4A54lbUku_eb3Ef1qLheRfKrd6Lb3IgIN1ix_SipP0o&_nc_zt=24&_nc_ht=scontent-lga3-2.cdninstagram.com&_nc_gid=KXAJB-TKAQTZSR6nJ0WCyA&_nc_ss=7ca8c&oh=00_Af--NZed_V_nCHo-PBS8rw4uoKyVrkrGW2DAacrgY9juGA&oe=6A2B3BB2","https://www.instagram.com/p/DZOIGRgEuol/"
"17986576082826565","🔥🔥🔥🔥🔥","2026-06-06T01:37:02.000Z","wooiiig","https://scontent-lga3-2.cdninstagram.com/v/t51.82787-19/718611718_18071559620488152_5956133979890628023_n.jpg?stp=dst-jpg_s150x150_tt6&_nc_cat=107&ccb=7-5&_nc_sid=f7ccc5&efg=eyJ2ZW5jb2RlX3RhZyI6InByb2ZpbGVfcGljLnd3dy43ODQuQzMifQ%3D%3D&_nc_ohc=LdU2bxqYPPQQ7kNvwGCcQ_I&_nc_oc=AdqGRy4rEapLY7aMzthzfZ4btQzlA1e36jKk4_Vmt67WEirZJUyOJ5zCI7tbvzNa90M&_nc_zt=24&_nc_ht=scontent-lga3-2.cdninstagram.com&_nc_gid=KXAJB-TKAQTZSR6nJ0WCyA&_nc_ss=7ca8c&oh=00_Af_NfOFS79FAtRNIZEnBlSKdHfXZLO2FF8qwu2gVp1hG9A&oe=6A2B479F","https://www.instagram.com/p/DZOIGRgEuol/"
"17867796537623884","Really great and different 🩷🌸✨🫶","2026-06-06T00:32:14.000Z","flowboundai","https://scontent-lga3-2.cdninstagram.com/v/t51.82787-19/606805651_17845154298656754_2707698847377792326_n.jpg?stp=dst-jpg_s150x150_tt6&_nc_cat=100&ccb=7-5&_nc_sid=f7ccc5&efg=eyJ2ZW5jb2RlX3RhZyI6InByb2ZpbGVfcGljLnd3dy4xMDI0LkMzIn0%3D&_nc_ohc=4vIybFhBn2kQ7kNvwGycTxd&_nc_oc=Adr52xoyyzm8EQ2lj43RsCVIprWlvtAdN4EzC7OJW5pBm41LzZ-QkkrxJxH6-9818DQ&_nc_zt=24&_nc_ht=scontent-lga3-2.cdninstagram.com&_nc_gid=KXAJB-TKAQTZSR6nJ0WCyA&_nc_ss=7ca8c&oh=00_Af9ZybirJh9W2WZLoz_1iX9GIcJsqLeX5JOpmFtw7L7Whg&oe=6A2B1FC2","https://www.instagram.com/p/DZOIGRgEuol/"
"18125093095651913","I love this so much 💗","2026-06-05T22:45:14.000Z","atmospheric_slop","https://scontent-lga3-1.cdninstagram.com/v/t51.82787-19/671094198_17869994535665192_6316956917008169165_n.jpg?stp=dst-jpg_s150x150_tt6&_nc_cat=109&ccb=7-5&_nc_sid=f7ccc5&efg=eyJ2ZW5jb2RlX3RhZyI6InByb2ZpbGVfcGljLnd3dy4xMDgwLkMzIn0%3D&_nc_ohc=tJ4VRGEfFwUQ7kNvwFO78tc&_nc_oc=AdpQb-uO-ntjfgyQfXW8Max0aZvLP8YxAf8N9F9GiH3sMGXvLjaJc4vlTdDlTlibQ5s&_nc_zt=24&_nc_ht=scontent-lga3-1.cdninstagram.com&_nc_gid=KXAJB-TKAQTZSR6nJ0WCyA&_nc_ss=7ca8c&oh=00_Af_Cgr2Kv32dPuXWHiHruh2TK20-x18kniIkcLMPbkHmLg&oe=6A2B2F6E","https://www.instagram.com/p/DZOIGRgEuol/"
"18595008232033185","Really digging this character!","2026-06-05T22:44:56.000Z","seanmurrayi","https://scontent-lga3-2.cdninstagram.com/v/t51.82787-19/584375778_18544454605013779_4967188823001611087_n.jpg?stp=dst-jpg_s150x150_tt6&_nc_cat=101&ccb=7-5&_nc_sid=f7ccc5&efg=eyJ2ZW5jb2RlX3RhZyI6InByb2ZpbGVfcGljLnd3dy4xMDI0LkMzIn0%3D&_nc_ohc=ErFximIm_AUQ7kNvwHelbm8&_nc_oc=AdrpMn_n0Luqxu76mLMSHEd6GYEkwAhXCq-3x2TcE2uyGe0vx2667cYyO1pSoEvdyTY&_nc_zt=24&_nc_ht=scontent-lga3-2.cdninstagram.com&_nc_gid=KXAJB-TKAQTZSR6nJ0WCyA&_nc_ss=7ca8c&oh=00_Af-c9X6RM_qAs6x67Ybu3HeXvbYTFAh-FSRzjfGq03Xffw&oe=6A2B2CA8","https://www.instagram.com/p/DZOIGRgEuol/"
"18114588391889501","OMG.... i LOOOVE it","2026-06-05T22:32:22.000Z","my_darling_lenore","https://scontent-lga3-1.cdninstagram.com/v/t51.82787-19/551881016_17856614367530461_8771970058462998158_n.jpg?stp=dst-jpg_s150x150_tt6&_nc_cat=109&ccb=7-5&_nc_sid=f7ccc5&efg=eyJ2ZW5jb2RlX3RhZyI6InByb2ZpbGVfcGljLnd3dy4xMDgwLkMzIn0%3D&_nc_ohc=SX99y2n9mh0Q7kNvwHzLVfJ&_nc_oc=Ado3TynZ4LxSx_9uqvrCM_ZaS_sOXhomzOV9DDkYTsiDZsKjbp2rnjbWbUFRvEwtmtY&_nc_zt=24&_nc_ht=scontent-lga3-1.cdninstagram.com&_nc_gid=KXAJB-TKAQTZSR6nJ0WCyA&_nc_ss=7ca8c&oh=00_Af_cZhQwtJuO-9FnnEwWVObKXtJfc8YtiiI6lVQgOK5HBw&oe=6A2B1840","https://www.instagram.com/p/DZOIGRgEuol/"
"17990566619798169","","2026-06-07T11:54:02.000Z","ha.nsraj8354","https://scontent-sea5-1.cdninstagram.com/v/t51.82787-19/675444642_18044774948775689_6416646094649651292_n.jpg?stp=dst-jpg_s150x150_tt6&_nc_cat=102&ccb=7-5&_nc_sid=f7ccc5&efg=eyJ2ZW5jb2RlX3RhZyI6InByb2ZpbGVfcGljLnd3dy44OTguQzMifQ%3D%3D&_nc_ohc=s47mmc5ZkIUQ7kNvwG_QQeG&_nc_oc=AdpI3TZsTmBwb4fgzIjcKomEUh7z9-8_Hg_AVlBKIOVodpECOgYTF-zquMBSzBXvivE&_nc_zt=24&_nc_ht=scontent-sea5-1.cdninstagram.com&_nc_gid=cwPVBuJwSCE2eIC5bqJMdQ&_nc_ss=7ca8c&oh=00_Af-uXc6rxJbIF6NAUdbwTmUH2eCzFLkgGnKOieK2aHOCQA&oe=6A2B3046","https://www.instagram.com/p/DYry9W9l4uH/"
"18100546802469638","","2026-06-07T11:01:25.000Z","blnd__cr7","https://scontent-sea5-1.cdninstagram.com/v/t51.82787-19/660095947_17919889557301944_309546865734057877_n.jpg?stp=dst-jpg_s150x150_tt6&_nc_cat=107&ccb=7-5&_nc_sid=f7ccc5&efg=eyJ2ZW5jb2RlX3RhZyI6InByb2ZpbGVfcGljLnd3dy43MjAuQzMifQ%3D%3D&_nc_ohc=_kVz67rGQ-kQ7kNvwH6r9VD&_nc_oc=Adok6wKn9cStdTfmoOvwJoGz6lRM6yyKwU_thqzRXkGkwYaZKDMNCT3CDkVD0LluHyM&_nc_zt=24&_nc_ht=scontent-sea5-1.cdninstagram.com&_nc_gid=cwPVBuJwSCE2eIC5bqJMdQ&_nc_ss=7ca8c&oh=00_Af-cNXDdBE-Id5AJ_yrkUhj-AiLGCZSjDPZHgcYO4jGIFw&oe=6A2B4836","https://www.instagram.com/p/DYry9W9l4uH/"
"18088314050457962","Do a flash one","2026-06-07T00:34:18.000Z","vdott2hott","https://scontent-sea5-1.cdninstagram.com/v/t51.2885-19/466788790_1456662418335531_4339970291011122285_n.jpg?stp=dst-jpg_s150x150_tt6&_nc_cat=111&ccb=7-5&_nc_sid=f7ccc5&efg=eyJ2ZW5jb2RlX3RhZyI6InByb2ZpbGVfcGljLnd3dy4xMDgwLkMzIn0%3D&_nc_ohc=-Ro08l7bepcQ7kNvwF7pNkZ&_nc_oc=AdqM2XNm4VMirNNDDuvgk0czNzcu_7S3xWl8GwKV6a9Vp3cVpatDQiKuR2BTs0Jew6w&_nc_zt=24&_nc_ht=scontent-sea5-1.cdninstagram.com&_nc_ss=7ca8c&oh=00_Af-KIrD9yaLRQfQWt9IYvI9KGGWGO1Ix5mtqB8MozSCm1A&oe=6A2B40FB","https://www.instagram.com/p/DYry9W9l4uH/"
"18596924020040193","The wolverine Spider-Man and Deadpool those are hard","2026-06-06T23:59:43.000Z","tychicusgr33nt3ll3r","https://scontent-sea5-1.cdninstagram.com/v/t51.75761-19/505455743_18048358844562993_2849481623098794270_n.jpg?stp=dst-jpg_s150x150_tt6&_nc_cat=111&ccb=7-5&_nc_sid=f7ccc5&efg=eyJ2ZW5jb2RlX3RhZyI6InByb2ZpbGVfcGljLnd3dy4xMDI0LkMzIn0%3D&_nc_ohc=nKSj3eyAaB8Q7kNvwHG4bRC&_nc_oc=AdpHS-Mz33I4KkcWZxXQKNrCepw7-GPBPheEFxa54kTsL7tarahJHB0-d3DoDxb_rq4&_nc_zt=24&_nc_ht=scontent-sea5-1.cdninstagram.com&_nc_gid=cwPVBuJwSCE2eIC5bqJMdQ&_nc_ss=7ca8c&oh=00_Af8Df6qPgE6cENBCLBG1s2bB6yfpCH-V9oTvLU-RVCR36A&oe=6A2B4955","https://www.instagram.com/p/DYry9W9l4uH/"
"17863819350588190","Thor","2026-06-06T23:07:21.000Z","carlos_kevin21_","https://scontent-sea5-1.cdninstagram.com/v/t51.82787-19/625027173_17900352576367399_7342571788710278672_n.jpg?stp=dst-jpg_s150x150_tt6&_nc_cat=108&ccb=7-5&_nc_sid=f7ccc5&efg=eyJ2ZW5jb2RlX3RhZyI6InByb2ZpbGVfcGljLnd3dy4xMDgwLkMzIn0%3D&_nc_ohc=q9u4OPXhur8Q7kNvwHHx-Qq&_nc_oc=AdrV5GB9dKMa4NStcG610P0ZGafMvT08m9JHaUGT1qVlCKsctmetOOcx09ObZXY_E5Y&_nc_zt=24&_nc_ht=scontent-sea5-1.cdninstagram.com&_nc_gid=cwPVBuJwSCE2eIC5bqJMdQ&_nc_ss=7ca8c&oh=00_Af-3ttMO0FmhLPZBX7qjadHYDvJ-E-XtkxuV73ULMLzXWA&oe=6A2B390D","https://www.instagram.com/p/DYry9W9l4uH/"
"18597668761063810","Jajajaja el Wolverine que prieto lo sacaste 😂","2026-06-06T21:10:21.000Z","eduardossj4","https://scontent-sea5-1.cdninstagram.com/v/t51.2885-19/476493042_1133049898325002_1525458906373526478_n.jpg?stp=dst-jpg_s150x150_tt6&_nc_cat=108&ccb=7-5&_nc_sid=f7ccc5&efg=eyJ2ZW5jb2RlX3RhZyI6InByb2ZpbGVfcGljLnd3dy4xMDgwLkMzIn0%3D&_nc_ohc=hFpkmd-BDXMQ7kNvwHJZC-W&_nc_oc=Adp14VbaMmVYKwqP7fTwKbhjyIXgka9s-OZ7xJ-M32leSWMVY4WFlLRzeWXsg_eOiI0&_nc_zt=24&_nc_ht=scontent-sea5-1.cdninstagram.com&_nc_ss=7ca8c&oh=00_Af_jngURTnO-7vlb5Re7CCuHsUpbvQva-EYjUuLGzKuAVw&oe=6A2B2167","https://www.instagram.com/p/DYry9W9l4uH/"
"17957923332137423","","2026-06-06T18:27:17.000Z","shadow552_","https://scontent-sea1-1.cdninstagram.com/v/t51.82787-19/710474433_18074504573657459_7557928141854251499_n.jpg?stp=dst-jpg_s150x150_tt6&_nc_cat=104&ccb=7-5&_nc_sid=f7ccc5&efg=eyJ2ZW5jb2RlX3RhZyI6InByb2ZpbGVfcGljLnd3dy4xMDgwLkMzIn0%3D&_nc_ohc=iawbQAAdZ4IQ7kNvwEV8YJG&_nc_oc=AdrT4Jpy4bm0Wu0oPcPO0mVMoBKXvbbXOmiyTjysiCD4ZMa3H4NASKp3IfbP9UpSonE&_nc_zt=24&_nc_ht=scontent-sea1-1.cdninstagram.com&_nc_gid=cwPVBuJwSCE2eIC5bqJMdQ&_nc_ss=7ca8c&oh=00_Af-d9kZviArP7TKuYJ0rkXRIIcMhOki6sCT1XcMZ_y3sug&oe=6A2B498F","https://www.instagram.com/p/DYry9W9l4uH/"
"18380976691206765","Deadpool se párese al místico jajaja","2026-06-06T16:49:30.000Z","danromero350","https://scontent-sea5-1.cdninstagram.com/v/t51.82787-19/671787011_18089181401615093_5109565591496959592_n.jpg?stp=dst-jpg_s150x150_tt6&_nc_cat=105&ccb=7-5&_nc_sid=f7ccc5&efg=eyJ2ZW5jb2RlX3RhZyI6InByb2ZpbGVfcGljLnd3dy44NDYuQzMifQ%3D%3D&_nc_ohc=yIIOiw3fSO4Q7kNvwGS4j9u&_nc_oc=Ado4EtH6heI293bw5Yz8sWUwozSzLA43cZTB7Tc-0M6_HUq5iEuAvyzE-2yXVhSk_HA&_nc_zt=24&_nc_ht=scontent-sea5-1.cdninstagram.com&_nc_gid=cwPVBuJwSCE2eIC5bqJMdQ&_nc_ss=7ca8c&oh=00_Af_99LoO9-LV6Z5FxdFNq7ZgS-svkHuCPiHmvwmlN0IaxA&oe=6A2B1A15","https://www.instagram.com/p/DYry9W9l4uH/"
"17998487570958985","Why is Deadpool and Wolverine  black?","2026-06-06T16:03:00.000Z","barsbek.usonov","https://scontent-sea1-1.cdninstagram.com/v/t51.82787-19/658945301_18076086662244319_1999020622728546134_n.jpg?stp=dst-jpg_s150x150_tt6&_nc_cat=101&ccb=7-5&_nc_sid=f7ccc5&efg=eyJ2ZW5jb2RlX3RhZyI6InByb2ZpbGVfcGljLnd3dy4xMDgwLkMzIn0%3D&_nc_ohc=Q2t7XTwuBDUQ7kNvwFGH7n3&_nc_oc=Adp9CQG0wydmo5sju7kCq7-q7sYRuM915XuNdHKLjf-9QQHbW5vwJY0NmT8122g8OJo&_nc_zt=24&_nc_ht=scontent-sea1-1.cdninstagram.com&_nc_gid=cwPVBuJwSCE2eIC5bqJMdQ&_nc_ss=7ca8c&oh=00_Af9vAYPf5KTiQdv3obG8Nzpm7-UUM_U3erFHaC5aNVkigw&oe=6A2B31F0","https://www.instagram.com/p/DYry9W9l4uH/"
"18320557648286723","❤️❤️","2026-06-06T11:04:38.000Z","veilcurrent","https://scontent-sea5-1.cdninstagram.com/v/t51.82787-19/568713090_17849077254580787_7703733917498624724_n.jpg?stp=dst-jpg_s150x150_tt6&_nc_cat=108&ccb=7-5&_nc_sid=f7ccc5&efg=eyJ2ZW5jb2RlX3RhZyI6InByb2ZpbGVfcGljLnd3dy44MDAuQzMifQ%3D%3D&_nc_ohc=yuXJ8A1y7RYQ7kNvwFoiZuC&_nc_oc=AdqB7Dk8TsiAu4kNtt-XoB2j_GnHJDXct3bMVzJ44KSKlMEkGKxHX1s9ibOJtg7OwTw&_nc_zt=24&_nc_ht=scontent-sea5-1.cdninstagram.com&_nc_gid=cwPVBuJwSCE2eIC5bqJMdQ&_nc_ss=7ca8c&oh=00_Af8Mvgqeo5_CwXY9HX1TlHlgqJVEtvG1vvgkjJNZy5fkbQ&oe=6A2B2A8F","https://www.instagram.com/p/DYry9W9l4uH/"
"18123145975655301","🔥","2026-06-06T01:58:23.000Z","a2media_agency","https://scontent-sea1-1.cdninstagram.com/v/t51.82787-19/717803344_18104706934834254_4712548355564820636_n.jpg?stp=dst-jpg_s150x150_tt6&_nc_cat=106&ccb=7-5&_nc_sid=f7ccc5&efg=eyJ2ZW5jb2RlX3RhZyI6InByb2ZpbGVfcGljLnd3dy4xMDgwLkMzIn0%3D&_nc_ohc=EXPomtFE0csQ7kNvwEwPVql&_nc_oc=Adp54_tNznZVA6DkYsGXUO4b3aOMj49huBVmbFeb-MRG1G7xngA44r4pvFV3OvTjU9w&_nc_zt=24&_nc_ht=scontent-sea1-1.cdninstagram.com&_nc_gid=cwPVBuJwSCE2eIC5bqJMdQ&_nc_ss=7ca8c&oh=00_Af9nHMgeb2qTY-suktH5_ZXEH9VS3FEUCiG4ea6iSfxXdg&oe=6A2B27B7","https://www.instagram.com/p/DYry9W9l4uH/"
"17932206303277426","Mano só eu que acho que eles rebaixa demais o Thor? porque a maioria dos vingadores são humanos,outros multados e tal,mas a lógica é que Thor é um Deus! independente de ser Nordico ou não ele é um Deus!eles perdem a oportunidade de demostrar bastante poder de um personagem!deixa ele noesmo patamar do homem de ferro, Hulk, capitão América,robôs e etc !as pessoas esquecem da liberdade que é a exploração de um personagem quando ele é um Deus!","2026-06-05T22:06:39.000Z","the_pragmatico","https://scontent-sea1-1.cdninstagram.com/v/t51.82787-19/718597568_17878826553657279_3493980411756344521_n.jpg?stp=dst-jpg_s150x150_tt6&_nc_cat=106&ccb=7-5&_nc_sid=f7ccc5&efg=eyJ2ZW5jb2RlX3RhZyI6InByb2ZpbGVfcGljLnd3dy4xMDgwLkMzIn0%3D&_nc_ohc=dmaBki967LAQ7kNvwFYYGjK&_nc_oc=AdqnDj5aM7C_v_QJL3XyrEqmVVrcLfXf1xu8KTdJn5uVYEVAlrhXfDUZfjwhsm855Qk&_nc_zt=24&_nc_ht=scontent-sea1-1.cdninstagram.com&_nc_gid=cwPVBuJwSCE2eIC5bqJMdQ&_nc_ss=7ca8c&oh=00_Af9pJObqUZCdVbTyjXHXti8nHswyAwy4OYvazbgZAZkutw&oe=6A2B17F7","https://www.instagram.com/p/DYry9W9l4uH/"
"17993165147969433","","2026-06-05T19:17:27.000Z","hamraliyev_7000","https://scontent-sea1-1.cdninstagram.com/v/t51.82787-19/684832367_17865787887621919_5169335365918701839_n.jpg?stp=dst-jpg_s150x150_tt6&_nc_cat=101&ccb=7-5&_nc_sid=f7ccc5&efg=eyJ2ZW5jb2RlX3RhZyI6InByb2ZpbGVfcGljLnd3dy4xMDgwLkMzIn0%3D&_nc_ohc=BhOIIsV10k8Q7kNvwFwiD5z&_nc_oc=AdpojKSOvgleCwWAOfnq1ZWTgpvvEna_hv62LNjbjeX4oSROZwtnf_sEzf5_Pmtmj7s&_nc_zt=24&_nc_ht=scontent-sea1-1.cdninstagram.com&_nc_gid=cwPVBuJwSCE2eIC5bqJMdQ&_nc_ss=7ca8c&oh=00_Af94KyOWIqD7DVOSojcWkUx31KZlo89341mKFY_EZjjq-g&oe=6A2B25DC","https://www.instagram.com/p/DYry9W9l4uH/"
"18106225261943221","deadpool in a new costume? literally jaw dropping. wanna see more on cantina","2026-06-05T10:02:48.000Z","alyy.xybz","https://scontent-sea5-1.cdninstagram.com/v/t51.82787-19/718043579_17873267118613284_2476705639640851556_n.jpg?stp=dst-jpg_s150x150_tt6&_nc_cat=102&ccb=7-5&_nc_sid=f7ccc5&efg=eyJ2ZW5jb2RlX3RhZyI6InByb2ZpbGVfcGljLnd3dy4zNzIuQzMifQ%3D%3D&_nc_ohc=fy-F7PLt3nkQ7kNvwFrSDkx&_nc_oc=Adqz1YCNt4m8jxY5GIRwmT5r_oL-MQM1qz5XIyFvtCSaF6VJfhZBwtFO0xddkAqSb-w&_nc_zt=24&_nc_ht=scontent-sea5-1.cdninstagram.com&_nc_gid=cwPVBuJwSCE2eIC5bqJMdQ&_nc_ss=7ca8c&oh=00_Af8x6dImRLZLvuDS9HgiJB-NN_xBWzstVrgmvCl5uyMe2w&oe=6A2B1E7D","https://www.instagram.com/p/DYry9W9l4uH/"
"18047738390550262","🔥🔥🔥🔥🔥","2026-06-05T06:38:22.000Z","deadp_ool1705","https://scontent-sea5-1.cdninstagram.com/v/t51.2885-19/356440758_1645557042579973_102400433889255143_n.jpg?stp=dst-jpg_s150x150_tt6&_nc_cat=109&ccb=7-5&_nc_sid=f7ccc5&efg=eyJ2ZW5jb2RlX3RhZyI6InByb2ZpbGVfcGljLnd3dy42MjMuQzMifQ%3D%3D&_nc_ohc=COX_0scPegEQ7kNvwE8Q8hV&_nc_oc=AdorVhFELOeu3fwrvXk8dZAYyBoK4K1r-stSgk-Y8J_1CMkUj5DWEj3KsImwBQ1GJmM&_nc_zt=24&_nc_ht=scontent-sea5-1.cdninstagram.com&_nc_ss=7ca8c&oh=00_Af9JQJdP4cIxtlzZBOhvwo3GzMQ5JgAMD0HT-7l8s2d2Iw&oe=6A2B485A","https://www.instagram.com/p/DYry9W9l4uH/"
"17886725016287352","❤️","2025-12-14T13:37:07.000Z","anyanafanya","https://scontent-atl3-1.cdninstagram.com/v/t51.82787-19/672873143_18576293443062925_6416047147457635257_n.jpg?stp=dst-jpg_s150x150_tt6&_nc_cat=103&ccb=7-5&_nc_sid=f7ccc5&efg=eyJ2ZW5jb2RlX3RhZyI6InByb2ZpbGVfcGljLnd3dy42MDcuQzMifQ%3D%3D&_nc_ohc=9aFAr5p-2rcQ7kNvwGXSdUd&_nc_oc=AdqaKdjMXpqVtrEHKnOivzc8DCbkRbp-3jjvng9enQR1QiCkpwNdNtNsoVRDwQF7ozg&_nc_zt=24&_nc_ht=scontent-atl3-1.cdninstagram.com&_nc_gid=9zdw3Gp-i_nuCZupOfjdiQ&_nc_ss=7ca8c&oh=00_Af_zGnQWrDo-zxenKWCOhKtXYpB7AIyngcwdIQlUP3IGDQ&oe=6A2B2868","https://www.instagram.com/p/DSNbGimE7yO/"
"18084981808858044","Prompt 🔥","2025-12-13T16:11:00.000Z","xgreenenes_2150","https://scontent-atl3-3.cdninstagram.com/v/t51.82787-19/671195915_17905131180423290_4040694090161985018_n.jpg?stp=dst-jpg_s150x150_tt6&_nc_cat=100&ccb=7-5&_nc_sid=f7ccc5&efg=eyJ2ZW5jb2RlX3RhZyI6InByb2ZpbGVfcGljLnd3dy4xMDgwLkMzIn0%3D&_nc_ohc=OnArcpS0M9YQ7kNvwFjiPFI&_nc_oc=AdpM94LdnbWb7MYL8QHLNC-NunawSVVhXeCXdSk0D8kcz26n7iP-SkUuFzmwUROHDa4&_nc_zt=24&_nc_ht=scontent-atl3-3.cdninstagram.com&_nc_gid=9zdw3Gp-i_nuCZupOfjdiQ&_nc_ss=7ca8c&oh=00_Af8ZMU-BCv1opb2Y_20RoeWLeia-CTMqA_z5OYAtHGcCtA&oe=6A2B3F02","https://www.instagram.com/p/DSNbGimE7yO/"
"18056549201329772","#иифото #промпты #промптыдляии #нейросети #генерацияизображений #aiфотография #иипортрет #фотореализм #aiконтент #креативснейросетью #визуалсией #aiдизайн #ииарт #promptengineering #aiсоздание
#aiphoto #aiphotography #aiprompts #promptengineering #aiart #aiimages #aiportrait #photorealisticai #generativeai #aiartist #aicontent #aivisuals #midjourneyprompt #stablediffusion #aiworkflow","2025-12-13T16:08:11.000Z","sobolevaliz","https://scontent-atl3-3.cdninstagram.com/v/t51.82787-19/572161279_18067282208591594_1869381388402610691_n.jpg?stp=dst-jpg_s150x150_tt6&_nc_cat=110&ccb=7-5&_nc_sid=f7ccc5&efg=eyJ2ZW5jb2RlX3RhZyI6InByb2ZpbGVfcGljLnd3dy43NjguQzMifQ%3D%3D&_nc_ohc=BActZaI5KaUQ7kNvwFIVFlG&_nc_oc=AdpURUdK8NrmO9oLSu3LWPMh6cSk0XA5cYKNkXE8zf5epOyZ9JrYeWcKYM5mhmR9rcg&_nc_zt=24&_nc_ht=scontent-atl3-3.cdninstagram.com&_nc_gid=9zdw3Gp-i_nuCZupOfjdiQ&_nc_ss=7ca8c&oh=00_Af_Maa-cNx9fxHT6cOVy5rfwkqk5pYS926dFtugChFh9Ag&oe=6A2B1DBD","https://www.instagram.com/p/DSNbGimE7yO/"
"18105145522794750","","2026-06-07T07:13:27.000Z","gusion_m_l_b__b","https://scontent-phx1-1.cdninstagram.com/v/t51.82787-19/716897890_17983003938007291_1623925181072075941_n.jpg?stp=dst-jpg_s150x150_tt6&_nc_cat=103&ccb=7-5&_nc_sid=f7ccc5&efg=eyJ2ZW5jb2RlX3RhZyI6InByb2ZpbGVfcGljLnd3dy4xMDgwLkMzIn0%3D&_nc_ohc=gOfmLwFvLV4Q7kNvwFBHsod&_nc_oc=AdrWUe2ifW8WgpfM0JDtBofiKMDwF_2tBUqgEIcY8EIA-S0N-5Ns-wkBz-N_LOC4xtg&_nc_zt=24&_nc_ht=scontent-phx1-1.cdninstagram.com&_nc_gid=RoZ-0_JPB-pwr5c3tOXKfg&_nc_ss=7c289&oh=00_Af-WkoSbFqJFQ2qDAcddgkcfQ4grByJmUQPvX-amXuNhBQ&oe=6A2B2965","https://www.instagram.com/p/DYIFLgakzgO/"
"17943189510216701","❤️❤️❤️","2026-06-07T07:12:58.000Z","gusion_m_l_b__b","https://scontent-phx1-1.cdninstagram.com/v/t51.82787-19/716897890_17983003938007291_1623925181072075941_n.jpg?stp=dst-jpg_s150x150_tt6&_nc_cat=103&ccb=7-5&_nc_sid=f7ccc5&efg=eyJ2ZW5jb2RlX3RhZyI6InByb2ZpbGVfcGljLnd3dy4xMDgwLkMzIn0%3D&_nc_ohc=gOfmLwFvLV4Q7kNvwFBHsod&_nc_oc=AdrWUe2ifW8WgpfM0JDtBofiKMDwF_2tBUqgEIcY8EIA-S0N-5Ns-wkBz-N_LOC4xtg&_nc_zt=24&_nc_ht=scontent-phx1-1.cdninstagram.com&_nc_gid=RoZ-0_JPB-pwr5c3tOXKfg&_nc_ss=7c289&oh=00_Af-WkoSbFqJFQ2qDAcddgkcfQ4grByJmUQPvX-amXuNhBQ&oe=6A2B2965","https://www.instagram.com/p/DYIFLgakzgO/"
"18127565539616713","👏👏👏","2026-06-03T13:49:27.000Z","xyzruivah","https://scontent-phx1-1.cdninstagram.com/v/t51.82787-19/684217784_17876950080591739_49441031732905277_n.jpg?stp=dst-jpg_s150x150_tt6&_nc_cat=105&ccb=7-5&_nc_sid=f7ccc5&efg=eyJ2ZW5jb2RlX3RhZyI6InByb2ZpbGVfcGljLnd3dy4xMDgwLkMzIn0%3D&_nc_ohc=3tHkp6sCbCgQ7kNvwH-oLdy&_nc_oc=Adq3EnNqllPy6Y6g14UKWjhM5qFbg4wjrWKvr9GNU-gL69MVjwVB3mn3fTWDVh5EfE0&_nc_zt=24&_nc_ht=scontent-phx1-1.cdninstagram.com&_nc_gid=RoZ-0_JPB-pwr5c3tOXKfg&_nc_ss=7c289&oh=00_Af-U252YsF3C5hgoaPyLaDXC-huIosJNscl45v09Yq849w&oe=6A2B362D","https://www.instagram.com/p/DYIFLgakzgO/"
"18021383762674780","Champion skin","2026-06-03T08:44:06.000Z","rine_jamoh","https://scontent-phx1-1.cdninstagram.com/v/t51.82787-19/655627692_17928498234238923_3897863086592767928_n.jpg?stp=dst-jpg_s150x150_tt6&_nc_cat=111&ccb=7-5&_nc_sid=f7ccc5&efg=eyJ2ZW5jb2RlX3RhZyI6InByb2ZpbGVfcGljLnd3dy4xMDgwLkMzIn0%3D&_nc_ohc=fv4xr4B85usQ7kNvwE3QLNg&_nc_oc=AdqTmsfk4Ox3aRYalXHXraccyMY-JdIV3Y56S3f6OCIexO5_LZgnnATuHsazm8AxuOI&_nc_zt=24&_nc_ht=scontent-phx1-1.cdninstagram.com&_nc_gid=RoZ-0_JPB-pwr5c3tOXKfg&_nc_ss=7c289&oh=00_Af9wkBsJemYLvPzfVbvOUA5qcL2Lj3nTRGTPtFLUjG0XUw&oe=6A2B24E3","https://www.instagram.com/p/DYIFLgakzgO/"
"18444321253139737","W art","2026-06-01T10:22:34.000Z","basan_basnet","https://scontent-phx1-1.cdninstagram.com/v/t51.82787-19/719189569_17893222773494294_229036956828787216_n.jpg?stp=dst-jpg_s150x150_tt6&_nc_cat=102&ccb=7-5&_nc_sid=f7ccc5&efg=eyJ2ZW5jb2RlX3RhZyI6InByb2ZpbGVfcGljLnd3dy4xMDgwLkMzIn0%3D&_nc_ohc=2moaCOVc_ukQ7kNvwFmRVBq&_nc_oc=AdoeLYVvXtJxnToVdjs1UxIorGGeVKTLg3rm7m02mvclLI5U20AurkFh3OZEAHePBUk&_nc_zt=24&_nc_ht=scontent-phx1-1.cdninstagram.com&_nc_gid=RoZ-0_JPB-pwr5c3tOXKfg&_nc_ss=7c289&oh=00_Af_9g-GR8dkU7K073wsscxumP8SzE9K38W5IaszIVjOtpw&oe=6A2B166A","https://www.instagram.com/p/DYIFLgakzgO/"
"18018661250840897","❤️","2026-05-31T15:25:25.000Z","youruichi_gamingmlbbb","https://scontent-phx1-1.cdninstagram.com/v/t51.82787-19/716722560_18076521884301596_6908414156888595399_n.jpg?stp=dst-jpg_s150x150_tt6&_nc_cat=111&ccb=7-5&_nc_sid=f7ccc5&efg=eyJ2ZW5jb2RlX3RhZyI6InByb2ZpbGVfcGljLnd3dy4xMDc5LkMzIn0%3D&_nc_ohc=r0U4c8QnArsQ7kNvwFQ_7Oy&_nc_oc=AdqSUhxS07XKaprHIgtlI3h-Pn5waA8x39pQ70UvFOM7y4MsHpe0ELhb2tjAh7y6yrg&_nc_zt=24&_nc_ht=scontent-phx1-1.cdninstagram.com&_nc_gid=RoZ-0_JPB-pwr5c3tOXKfg&_nc_ss=7c289&oh=00_Af8ZDBhbvysXTtTW0VWS_sWJiKmtPx_8MagvtwUfnh8AAQ&oe=6A2B2F10","https://www.instagram.com/p/DYIFLgakzgO/"
"18113488345873681","Elite?","2026-05-29T15:03:45.000Z","jinam_tarh7843828","https://scontent-phx1-1.cdninstagram.com/v/t51.82787-19/670527939_17898199482428709_3363717631190074351_n.jpg?stp=dst-jpg_s150x150_tt6&_nc_cat=105&ccb=7-5&_nc_sid=f7ccc5&efg=eyJ2ZW5jb2RlX3RhZyI6InByb2ZpbGVfcGljLnd3dy4xMDgwLkMzIn0%3D&_nc_ohc=imnSjyWTtP4Q7kNvwF6nHrR&_nc_oc=AdrEbHHQTKgjOuB1Qz6XvXFAfXNJFr3_zFLYjsMJTusSgaNcOS3t7U2OrcTE9Ap_ivc&_nc_zt=24&_nc_ht=scontent-phx1-1.cdninstagram.com&_nc_gid=RoZ-0_JPB-pwr5c3tOXKfg&_nc_ss=7c289&oh=00_Af9LUKfpdCmK53roPjEFNpXcMo9Edj1V_vD6wvdiFlt-IQ&oe=6A2B220E","https://www.instagram.com/p/DYIFLgakzgO/"
"18027410546822201","AI ki mkc","2026-05-29T14:44:18.000Z","ryaong.longri","https://scontent-phx1-1.cdninstagram.com/v/t51.89012-19/573323465_1219825463302212_7278921664109726296_n.jpg?stp=dst-jpg_s150x150_tt6&_nc_cat=1&ccb=7-5&_nc_sid=f7ccc5&efg=eyJ2ZW5jb2RlX3RhZyI6InByb2ZpbGVfcGljLnd3dy5DMyJ9&_nc_ohc=YQQEIw1CjK0Q7kNvwFYJBzO&_nc_oc=Adq6lVKdlGKKRy_egdyyDIvyVqLbw8LuUrSd2Ml1NlqKhVNk2rjy1IWmuOs5WkkoSa4&_nc_zt=24&_nc_ht=scontent-phx1-1.cdninstagram.com&_nc_gid=RoZ-0_JPB-pwr5c3tOXKfg&_nc_ss=7c289&oh=00_Af-yrI7hGl-cVzc6gR6CuaQm-pMOxRswpCK775k0rgtbLw&oe=6A2B22A2","https://www.instagram.com/p/DYIFLgakzgO/"
"17873419473611587","👏","2026-05-29T13:48:01.000Z","chou_ml1","https://scontent-phx1-1.cdninstagram.com/v/t51.82787-19/580887163_17844456093612946_2884578398667752689_n.jpg?stp=dst-jpg_s150x150_tt6&_nc_cat=106&ccb=7-5&_nc_sid=f7ccc5&efg=eyJ2ZW5jb2RlX3RhZyI6InByb2ZpbGVfcGljLnd3dy4xMDgwLkMzIn0%3D&_nc_ohc=hGBEV_MuCkkQ7kNvwEjzV71&_nc_oc=Adpj9gzfX7xbtSxQYBheekDGAyL440R6C-L81XFOd1jU3Gf-nI3pLPtnVjNcpfpKIuA&_nc_zt=24&_nc_ht=scontent-phx1-1.cdninstagram.com&_nc_gid=RoZ-0_JPB-pwr5c3tOXKfg&_nc_ss=7c289&oh=00_Af_OEU0WXCenBVFJk72tdP4FWEC1ry8l2mXYkPSLRavHFA&oe=6A2B3C3F","https://www.instagram.com/p/DYIFLgakzgO/"
"18130837639580995","Big fan of Chou here We goes ❤️","2026-05-29T02:44:57.000Z","ebeichunewme","https://scontent-phx1-1.cdninstagram.com/v/t51.82787-19/706990479_18101600410918467_2344699132833348559_n.jpg?stp=dst-jpg_s150x150_tt6&_nc_cat=100&ccb=7-5&_nc_sid=f7ccc5&efg=eyJ2ZW5jb2RlX3RhZyI6InByb2ZpbGVfcGljLnd3dy4xMDgwLkMzIn0%3D&_nc_ohc=qSLZqtW0RiIQ7kNvwH1mblQ&_nc_oc=AdrrVy-fET6TDdd0vn9CPOff3UeNoGGct5XkimExB1_LuOcWO8kiKzA_U8e00px4Ous&_nc_zt=24&_nc_ht=scontent-phx1-1.cdninstagram.com&_nc_gid=RoZ-0_JPB-pwr5c3tOXKfg&_nc_ss=7c289&oh=00_Af-eBPuSsPkODrd8bCUwvtZ-dareqLl02Kahy3wSfk6TlQ&oe=6A2B2714","https://www.instagram.com/p/DYIFLgakzgO/"
"18010340933707634","Laura","2026-05-28T17:18:41.000Z","ok_____use__me","https://scontent-phx1-1.cdninstagram.com/v/t51.82787-19/716799222_17928031857340774_6574434267583904692_n.jpg?stp=dst-jpg_s150x150_tt6&_nc_cat=101&ccb=7-5&_nc_sid=f7ccc5&efg=eyJ2ZW5jb2RlX3RhZyI6InByb2ZpbGVfcGljLnd3dy4xMDgwLkMzIn0%3D&_nc_ohc=Ppj9prHXH1sQ7kNvwE4wsFX&_nc_oc=AdoLjZfr9pbenIb44OlJPHNipZHLDIOiriBsI-3_nH5QOMVZsZzXwpFB_eFeTtbFpo0&_nc_zt=24&_nc_ht=scontent-phx1-1.cdninstagram.com&_nc_gid=RoZ-0_JPB-pwr5c3tOXKfg&_nc_ss=7c289&oh=00_Af9uLbfm2gB5m4quA27Viw9rkOdWbuTecdm4mo0IjdRyBA&oe=6A2B48F1","https://www.instagram.com/p/DYIFLgakzgO/"
"17963168199089173","Best art 👏🔥","2026-05-28T07:05:27.000Z","anushkar___8","https://scontent-phx1-1.cdninstagram.com/v/t51.82787-19/706237017_17928123474295131_1710307140743070389_n.jpg?stp=dst-jpg_s150x150_tt6&_nc_cat=100&ccb=7-5&_nc_sid=f7ccc5&efg=eyJ2ZW5jb2RlX3RhZyI6InByb2ZpbGVfcGljLnd3dy4xMDgwLkMzIn0%3D&_nc_ohc=VahAcLG3sS8Q7kNvwH44BFA&_nc_oc=AdoA67nKwUPMd0l7JWQ8XvuMhx7TQ8fygCGPusvr0f2VFtShdoALACK2NDi-tL3lNX0&_nc_zt=24&_nc_ht=scontent-phx1-1.cdninstagram.com&_nc_gid=RoZ-0_JPB-pwr5c3tOXKfg&_nc_ss=7c289&oh=00_Af9HCtsxGd8RzbhCHbCB64Ml0CviVF1VCqIB-Y-5QGs9aw&oe=6A2B3D2D","https://www.instagram.com/p/DYIFLgakzgO/"
"18361123648230183","Lol ai generated 😂","2026-05-27T16:41:05.000Z","david_chintey","https://scontent-phx1-1.cdninstagram.com/v/t51.82787-19/714611281_17947235817191927_7065302894562610552_n.jpg?stp=dst-jpg_s150x150_tt6&_nc_cat=105&ccb=7-5&_nc_sid=f7ccc5&efg=eyJ2ZW5jb2RlX3RhZyI6InByb2ZpbGVfcGljLnd3dy4xMDgwLkMzIn0%3D&_nc_ohc=t_xH4GsrKBIQ7kNvwEMlRzr&_nc_oc=AdqcTozSZutUHVkGj9mm8fxQc7J-3tyUW9fvwdcUB2VQGnaDHXWSU4OtzrE-cAIp5BA&_nc_zt=24&_nc_ht=scontent-phx1-1.cdninstagram.com&_nc_gid=RoZ-0_JPB-pwr5c3tOXKfg&_nc_ss=7c289&oh=00_Af_sSspJ4G5wQk9JYqRuoduMatq5IZQ_XSIXzrMCjckymg&oe=6A2B2622","https://www.instagram.com/p/DYIFLgakzgO/"
"18164352988382756","King of muthai???","2026-05-27T09:15:47.000Z","_hemson_mangan_","https://scontent-phx1-1.cdninstagram.com/v/t51.82787-19/695816359_18069502925677618_1540546699413963660_n.jpg?stp=dst-jpg_s150x150_tt6&_nc_cat=105&ccb=7-5&_nc_sid=f7ccc5&efg=eyJ2ZW5jb2RlX3RhZyI6InByb2ZpbGVfcGljLnd3dy4xMDgwLkMzIn0%3D&_nc_ohc=vNSOZ2armPMQ7kNvwGKuyvr&_nc_oc=AdokhwmqEzqFY7XBfJ2kh9TCvUA736Jemh6QDKJS_7RamdzgUswGTh4lQU0rznYQzeA&_nc_zt=24&_nc_ht=scontent-phx1-1.cdninstagram.com&_nc_gid=RoZ-0_JPB-pwr5c3tOXKfg&_nc_ss=7c289&oh=00_Af8tCbbks__S7hgoai1Y7loRmNwU02GTN_0IcNYFyzErpw&oe=6A2B47A8","https://www.instagram.com/p/DYIFLgakzgO/"
"18131225932578024","Wownice","2026-05-27T06:49:32.000Z","letuzawa_322","https://scontent-phx1-1.cdninstagram.com/v/t51.82787-19/708754510_18064040990469951_2833384279797658908_n.jpg?stp=dst-jpg_s150x150_tt6&_nc_cat=104&ccb=7-5&_nc_sid=f7ccc5&efg=eyJ2ZW5jb2RlX3RhZyI6InByb2ZpbGVfcGljLnd3dy4xMDgwLkMzIn0%3D&_nc_ohc=KXgTPMeniZcQ7kNvwF-NDGg&_nc_oc=Adr92D_BeEsEgzFVzDwN_z_VkUy-lDziWGHnVYUSQvhpSzfBGu4Pozo9y7imp57x9TY&_nc_zt=24&_nc_ht=scontent-phx1-1.cdninstagram.com&_nc_gid=RoZ-0_JPB-pwr5c3tOXKfg&_nc_ss=7c289&oh=00_Af9xKKzllZ49CK8KdrIyJ6WEuEo66pG-JsOm5EoxFGG-9Q&oe=6A2B4C38","https://www.instagram.com/p/DYIFLgakzgO/"
"17917760109377765","Too good👏🔥","2026-06-07T07:52:33.000Z","cozyworlddiaries_ai","https://scontent-yyz1-1.cdninstagram.com/v/t51.82787-19/542544434_17973607412923345_3890931552595078637_n.jpg?stp=dst-jpg_s150x150_tt6&_nc_cat=100&ccb=7-5&_nc_sid=f7ccc5&efg=eyJ2ZW5jb2RlX3RhZyI6InByb2ZpbGVfcGljLnd3dy44MDAuQzMifQ%3D%3D&_nc_ohc=9XNfrNNCLr8Q7kNvwHNv-Ut&_nc_oc=Adqq7NcF6JMLOCWf3sxvTj17ioaGotYzoa_nSvFd5AEz27ZUZIipocu8MQ1zcH7rkDM&_nc_zt=24&_nc_ht=scontent-yyz1-1.cdninstagram.com&_nc_gid=_vIE1NJUW1YxqT8xmcJvYg&_nc_ss=7ca8c&oh=00_Af-ZAxZsal4AihzM1mU82pr3UAWFMTptJCLbqIw4iDXiCg&oe=6A2B3815","https://www.instagram.com/p/DZF5DUvoGD8/"
"17981549838039995","Magicaaaal😍😍😍😍😍","2026-06-06T13:33:21.000Z","esraa_j_hayder","https://scontent-yyz1-1.cdninstagram.com/v/t51.82787-19/523244067_18404039314114022_1669295874185021304_n.jpg?stp=dst-jpg_s150x150_tt6&_nc_cat=107&ccb=7-5&_nc_sid=f7ccc5&efg=eyJ2ZW5jb2RlX3RhZyI6InByb2ZpbGVfcGljLnd3dy4xMDgwLkMzIn0%3D&_nc_ohc=otJc3q9xm-kQ7kNvwEysdGW&_nc_oc=Adr15Z1yl8Uk1tma0C6EpYybRYfu314I0LeJ2rGP486ZD7tY03Fx9V0OJPBAt9TBcsI&_nc_zt=24&_nc_ht=scontent-yyz1-1.cdninstagram.com&_nc_gid=_vIE1NJUW1YxqT8xmcJvYg&_nc_ss=7ca8c&oh=00_Af_j8q0cxRUf_RAaKbOPxIxiq3bNgWFOjjYJzr_pR6AA_A&oe=6A2B1E3F","https://www.instagram.com/p/DZF5DUvoGD8/"
"17864101836690079","Wow🫧🫧🫧💫","2026-06-04T07:41:02.000Z","chelsea_hiromi","https://scontent-yyz1-1.cdninstagram.com/v/t51.2885-19/475632817_609669291654275_5982598228711257359_n.jpg?stp=dst-jpg_s150x150_tt6&_nc_cat=111&ccb=7-5&_nc_sid=f7ccc5&efg=eyJ2ZW5jb2RlX3RhZyI6InByb2ZpbGVfcGljLnd3dy41NjUuQzMifQ%3D%3D&_nc_ohc=0f3N3_IwOWoQ7kNvwEZJ2el&_nc_oc=Adq2U6iLEJnaAZJBbgPFYrPhehYe_ausDgcu8UKhnqs7DcVD1w8xjBI8gPbMt4Z50DQ&_nc_zt=24&_nc_ht=scontent-yyz1-1.cdninstagram.com&_nc_ss=7ca8c&oh=00_Af_Yt2a8nhfwyzVzhcMVxoPP8Kg6zO_fHOtOEqeveq8R3w&oe=6A2B3B4E","https://www.instagram.com/p/DZF5DUvoGD8/"
"18077150417257281","Gorgeous 🤍✨✨","2026-06-03T22:20:13.000Z","phoenix.x.ai","https://scontent-yyz1-1.cdninstagram.com/v/t51.82787-19/610756902_18008433215821214_2806034008166089659_n.jpg?stp=dst-jpg_s150x150_tt6&_nc_cat=107&ccb=7-5&_nc_sid=f7ccc5&efg=eyJ2ZW5jb2RlX3RhZyI6InByb2ZpbGVfcGljLnd3dy4xMDgwLkMzIn0%3D&_nc_ohc=nYMtg2yxHlcQ7kNvwHZ29az&_nc_oc=AdrdZAR1lulbXb5ULqzWrhCEmvXJkupDxL5hWjv5AppgLYmqhoh5PeVqZaAq-5uKUnE&_nc_zt=24&_nc_ht=scontent-yyz1-1.cdninstagram.com&_nc_gid=_vIE1NJUW1YxqT8xmcJvYg&_nc_ss=7ca8c&oh=00_Af9UAPvO97NuL2XET3MOKiB-kr6mIUVqdD8gNMJMjnv3rg&oe=6A2B488F","https://www.instagram.com/p/DZF5DUvoGD8/"
"18073430750677784","😮❤️❤️❤️❤️❤️❤️","2026-06-03T17:57:16.000Z","hullabaloo221","https://scontent-yyz1-1.cdninstagram.com/v/t51.2885-19/446459263_1192581288567069_702378834875539368_n.jpg?stp=dst-jpg_s150x150_tt6&_nc_cat=106&ccb=7-5&_nc_sid=f7ccc5&efg=eyJ2ZW5jb2RlX3RhZyI6InByb2ZpbGVfcGljLnd3dy4xMDI0LkMzIn0%3D&_nc_ohc=LqtJx1tmRxYQ7kNvwFaW75m&_nc_oc=AdqI76tFTJR3-tPwH9-o92q5qUXCwTyGteG2kS24eCxBoKtJ_lk6QnXvnXkeXdzMe5M&_nc_zt=24&_nc_ht=scontent-yyz1-1.cdninstagram.com&_nc_ss=7ca8c&oh=00_Af_SyKTbYl0Ip_yBEpMSkeQzH-UOUjNEEwoZ312kO85upg&oe=6A2B1912","https://www.instagram.com/p/DZF5DUvoGD8/"
"18232325662311820","❤️❤️❤️❤️","2026-06-03T15:22:20.000Z","whimsy_tales_ai","https://scontent-yyz1-1.cdninstagram.com/v/t51.82787-19/610638821_17858895726577502_1931418394182262907_n.jpg?stp=dst-jpg_s150x150_tt6&_nc_cat=108&ccb=7-5&_nc_sid=f7ccc5&efg=eyJ2ZW5jb2RlX3RhZyI6InByb2ZpbGVfcGljLnd3dy44MDAuQzMifQ%3D%3D&_nc_ohc=9qt1ZORTSH8Q7kNvwETUyva&_nc_oc=Adriu7b5yrHIDMhXSMpKBasOqsF1KjaSxFiyX11yxNprnOfQJuuWw_ytkXzb7u1FMiI&_nc_zt=24&_nc_ht=scontent-yyz1-1.cdninstagram.com&_nc_gid=_vIE1NJUW1YxqT8xmcJvYg&_nc_ss=7ca8c&oh=00_Af_9jK-durXg4hoHoiNF9SPdNPuZ_tikpjq6GMmX2r5lIA&oe=6A2B38EF","https://www.instagram.com/p/DZF5DUvoGD8/"
"18093922406104910","That moth is amazing 😍🔥🔥🔥","2026-06-03T14:34:59.000Z","kanga_creation","https://scontent-yyz1-1.cdninstagram.com/v/t51.82787-19/698621657_17870776020673947_7286770678630778209_n.jpg?stp=dst-jpg_s150x150_tt6&_nc_cat=111&ccb=7-5&_nc_sid=f7ccc5&efg=eyJ2ZW5jb2RlX3RhZyI6InByb2ZpbGVfcGljLnd3dy4xMDgwLkMzIn0%3D&_nc_ohc=0HDOuGgk3GIQ7kNvwFo80MT&_nc_oc=AdpQC4yhG1yM0hFnqEivsbeEhgZsnh3y1LE2qCfBqMcNm6f1fBSmtQY3lmCOGmcbLxk&_nc_zt=24&_nc_ht=scontent-yyz1-1.cdninstagram.com&_nc_gid=_vIE1NJUW1YxqT8xmcJvYg&_nc_ss=7ca8c&oh=00_Af8tQ8lkgP5DabyJXT-t8SgRGAQLQi0ZpqmPn265RPldRg&oe=6A2B1CA8","https://www.instagram.com/p/DZF5DUvoGD8/"
"17871419121526449","Wow. The artistic skill in this reel. Beautiful 💜💜😃💙💜💫💫","2026-06-03T14:11:40.000Z","richardhill147","https://scontent-yyz1-1.cdninstagram.com/v/t51.75761-19/495365066_18061330829030153_8439301809347690644_n.jpg?stp=dst-jpg_s150x150_tt6&_nc_cat=109&ccb=7-5&_nc_sid=f7ccc5&efg=eyJ2ZW5jb2RlX3RhZyI6InByb2ZpbGVfcGljLnd3dy4xMDI0LkMzIn0%3D&_nc_ohc=EB1hyOPepoUQ7kNvwHo78OO&_nc_oc=AdrG7YSbNXo9JyPdq2OjxaR40ZyyMhl2K-Bw9zmsDAEzEKKySWzXjWl4ktyTrxBOa2o&_nc_zt=24&_nc_ht=scontent-yyz1-1.cdninstagram.com&_nc_gid=_vIE1NJUW1YxqT8xmcJvYg&_nc_ss=7ca8c&oh=00_Af-BM_yR5Cp_YTcmLn9cF1RZzyUyIkwDaE5bXaDXUrq7ag&oe=6A2B338A","https://www.instagram.com/p/DZF5DUvoGD8/"
"17892004242512491","Fantastic ❤️❤️❤️❤️❤️❤️❤️","2026-06-03T12:53:51.000Z","lua.ai.art","https://scontent-yyz1-1.cdninstagram.com/v/t51.82787-19/608004396_17871417009484744_843837038197900941_n.jpg?stp=dst-jpg_s150x150_tt6&_nc_cat=110&ccb=7-5&_nc_sid=f7ccc5&efg=eyJ2ZW5jb2RlX3RhZyI6InByb2ZpbGVfcGljLnd3dy4xMDgwLkMzIn0%3D&_nc_ohc=JJ5zNc4l4CIQ7kNvwHkuao0&_nc_oc=Adr-x16jRl3YnWctHUeJcFmIFv9SsnItSwcbY1QDt60HgP7OzaXOSZDR_sy-_uCOVT0&_nc_zt=24&_nc_ht=scontent-yyz1-1.cdninstagram.com&_nc_gid=_vIE1NJUW1YxqT8xmcJvYg&_nc_ss=7ca8c&oh=00_Af-2VboecXJOxo_iWMOXbwtFUv9L7B5Jzl4m-p5_ofXNhw&oe=6A2B172B","https://www.instagram.com/p/DZF5DUvoGD8/"
"18112008763810156","Wow, fantastic 👏👏😍😍❤️❤️","2026-06-03T06:12:12.000Z","son.of.fireee","https://scontent-yyz1-1.cdninstagram.com/v/t51.82787-19/686901622_17871075975666763_3444263725577614707_n.jpg?stp=dst-jpg_s150x150_tt6&_nc_cat=107&ccb=7-5&_nc_sid=f7ccc5&efg=eyJ2ZW5jb2RlX3RhZyI6InByb2ZpbGVfcGljLnd3dy4xMDE4LkMzIn0%3D&_nc_ohc=7ws5lpsSF0UQ7kNvwGxm_XC&_nc_oc=AdqoKvpKj0mh15IvMmzSvb8vU8tj-lgk3Gcz92T82NylMpXM-QcxOtT0rY5d52JgXJU&_nc_zt=24&_nc_ht=scontent-yyz1-1.cdninstagram.com&_nc_gid=_vIE1NJUW1YxqT8xmcJvYg&_nc_ss=7ca8c&oh=00_Af_DTxUcXIu6tE3gZmz8LU5xzgkk0qsXbTZySRaZm2oamA&oe=6A2B3D16","https://www.instagram.com/p/DZF5DUvoGD8/"
"18082050578168294","💖✨💖","2026-06-03T05:47:45.000Z","herzsternzauber","https://scontent-yyz1-1.cdninstagram.com/v/t51.82787-19/703335634_17864124930652673_2549023960404969477_n.jpg?stp=dst-jpg_s150x150_tt6&_nc_cat=106&ccb=7-5&_nc_sid=f7ccc5&efg=eyJ2ZW5jb2RlX3RhZyI6InByb2ZpbGVfcGljLnd3dy4xMDgwLkMzIn0%3D&_nc_ohc=BQp4Imvn4XMQ7kNvwFwK0LW&_nc_oc=AdoArvsNkK7vuVnzLSnRhdzFGM0dThCVElEf2vRjJ69Ct8Pja8fgRjRH5kl3s_Xxzhg&_nc_zt=24&_nc_ht=scontent-yyz1-1.cdninstagram.com&_nc_gid=_vIE1NJUW1YxqT8xmcJvYg&_nc_ss=7ca8c&oh=00_Af-0Hv5dai6wVcZicP6rGIZZTPCXpetTcjXfB5jQXIDTZA&oe=6A2B1A08","https://www.instagram.com/p/DZF5DUvoGD8/"
"17893001283356198","😍❤️😍","2026-06-03T04:03:22.000Z","lunai.projekt","https://scontent-yyz1-1.cdninstagram.com/v/t51.82787-19/520239800_17844974469533713_6568219566137871164_n.jpg?stp=dst-jpg_s150x150_tt6&_nc_cat=110&ccb=7-5&_nc_sid=f7ccc5&efg=eyJ2ZW5jb2RlX3RhZyI6InByb2ZpbGVfcGljLnd3dy4xMDI0LkMzIn0%3D&_nc_ohc=L7ZTYxfKdOEQ7kNvwFqBjXs&_nc_oc=Ado3KJOgGgp5zkK5TGnJC5xrqFYzeCXNaWs3R6hnSKA5ctbnOosKa3G3oMBpWkEv6Zo&_nc_zt=24&_nc_ht=scontent-yyz1-1.cdninstagram.com&_nc_gid=_vIE1NJUW1YxqT8xmcJvYg&_nc_ss=7ca8c&oh=00_Af-NAn7atrxpTre9lsjGMyCHQr8A2aM0JqhcVnvBNJH5aw&oe=6A2B4668","https://www.instagram.com/p/DZF5DUvoGD8/"
"18111366373699862","Wow this one is so amazing. Great job ❤️😍","2026-06-03T03:14:31.000Z","glitteraura_inc","https://scontent-yyz1-1.cdninstagram.com/v/t51.82787-19/658401341_17873815731570178_3465909728729307317_n.jpg?stp=dst-jpg_s150x150_tt6&_nc_cat=100&ccb=7-5&_nc_sid=f7ccc5&efg=eyJ2ZW5jb2RlX3RhZyI6InByb2ZpbGVfcGljLnd3dy44OTYuQzMifQ%3D%3D&_nc_ohc=OcrBkBbO0HcQ7kNvwGNi9Re&_nc_oc=Adp7d1p-Yp1qTl6Y1KbEi4eb23dpJNFNGM89cCaTHWROVr-jdkbUnrgxybDXlKnrzJw&_nc_zt=24&_nc_ht=scontent-yyz1-1.cdninstagram.com&_nc_gid=_vIE1NJUW1YxqT8xmcJvYg&_nc_ss=7ca8c&oh=00_Af8YXqDFtfmIWwbGys7iR6ksLYQ4UhaArubTnJvgnJqWEA&oe=6A2B3ABA","https://www.instagram.com/p/DZF5DUvoGD8/"
"18012244868885987","😍😍","2026-06-03T01:28:58.000Z","notinroyatin","https://scontent-yyz1-1.cdninstagram.com/v/t51.82787-19/575697905_17859813522536799_8847523547766946270_n.jpg?stp=dst-jpg_s150x150_tt6&_nc_cat=101&ccb=7-5&_nc_sid=f7ccc5&efg=eyJ2ZW5jb2RlX3RhZyI6InByb2ZpbGVfcGljLnd3dy4xMDgwLkMzIn0%3D&_nc_ohc=4rOStUbmiv0Q7kNvwEURsyB&_nc_oc=Ado4JUXiHgcXmDun71BQ3uL6rqAkI60Mls7Y4IzAeGsbinWh5B-t9mYyZxJmDK1Ce1c&_nc_zt=24&_nc_ht=scontent-yyz1-1.cdninstagram.com&_nc_gid=_vIE1NJUW1YxqT8xmcJvYg&_nc_ss=7ca8c&oh=00_Af_QQ0T6P3BXa_UNEItqM7-zXMAO3OQ9NYitQErnUecaJA&oe=6A2B1B9C","https://www.instagram.com/p/DZF5DUvoGD8/"
"17928393915320028","Incredibly captivating work😍😍😍🌌🦋✨️💜✨️👏👏👏","2026-06-03T00:11:16.000Z","lisacat.vision","https://scontent-yyz1-1.cdninstagram.com/v/t51.82787-19/670896168_18095943688871593_7654357066553676715_n.jpg?stp=dst-jpg_s150x150_tt6&_nc_cat=106&ccb=7-5&_nc_sid=f7ccc5&efg=eyJ2ZW5jb2RlX3RhZyI6InByb2ZpbGVfcGljLnd3dy4xMDc3LkMzIn0%3D&_nc_ohc=4KPOVIgvfNMQ7kNvwHhJn3a&_nc_oc=Adp7J_rQ2FMmcpy1Uct5PzuVKnWXGNyPIbOGc-KBNCUeaNopYtKJsvtfm06AQOYYlsY&_nc_zt=24&_nc_ht=scontent-yyz1-1.cdninstagram.com&_nc_gid=_vIE1NJUW1YxqT8xmcJvYg&_nc_ss=7ca8c&oh=00_Af-heWFydB8mOCIZz1xRDsUYQ61M0_J8xMmKyB4X32icJQ&oe=6A2B2D24","https://www.instagram.com/p/DZF5DUvoGD8/"
"18131881675517463","Modi is puppet of bigger powers which is not Indian","2026-06-07T07:29:46.000Z","lunamen","https://scontent-lax7-1.cdninstagram.com/v/t51.2885-19/20582954_109267359746584_3980316561670930432_a.jpg?stp=dst-jpg_s150x150_tt6&_nc_cat=105&ccb=7-5&_nc_sid=f7ccc5&efg=eyJ2ZW5jb2RlX3RhZyI6InByb2ZpbGVfcGljLnd3dy4zMjAuQzMifQ%3D%3D&_nc_ohc=tOkDpA234EwQ7kNvwEI5LNe&_nc_oc=Adp28UwM1o-8oFo8uWIuDy3A6mZ-DhQOBT3eve89xr7scX5mKa8Rn4WsU7z0qesxyXE&_nc_zt=24&_nc_ht=scontent-lax7-1.cdninstagram.com&_nc_ss=72689&oh=00_Af_YhChRNe_JyZJVQEjlcr5-0pcDrCGNdGa88FgRr5Yb6w&oe=6A2B2C0A","https://www.instagram.com/p/DYj_rFRtM_8/"
"17929967751099245","I7","2026-06-05T18:34:15.000Z","nannepagasudheerkumar","https://scontent-lax3-2.cdninstagram.com/v/t51.2885-19/196426966_948136106038386_7079502675388068768_n.jpg?stp=dst-jpg_s150x150_tt6&_nc_cat=100&ccb=7-5&_nc_sid=f7ccc5&efg=eyJ2ZW5jb2RlX3RhZyI6InByb2ZpbGVfcGljLnd3dy4xMDgwLkMzIn0%3D&_nc_ohc=nSojhHgJnKIQ7kNvwGqNIyE&_nc_oc=AdrEWGovyiwJ7jXNT8GOzmTnutzDR4cpxTfNC3gNkHEPmiKkPRcvY1g_Vv_juOHizfw&_nc_zt=24&_nc_ht=scontent-lax3-2.cdninstagram.com&_nc_ss=72689&oh=00_Af8UpYQFpwJKBG6CcgTTtutqJt2gRFYN6uxVEYEH134t1w&oe=6A2B1E2E","https://www.instagram.com/p/DYj_rFRtM_8/"
"18091770479196581","😊😁😁😝😜👶👶","2026-06-03T06:56:21.000Z","anil_89770","https://scontent-lax3-1.cdninstagram.com/v/t51.82787-19/713744364_18076557857294679_2861770406111812777_n.jpg?stp=dst-jpg_s150x150_tt6&_nc_cat=102&ccb=7-5&_nc_sid=f7ccc5&efg=eyJ2ZW5jb2RlX3RhZyI6InByb2ZpbGVfcGljLnd3dy4xMDgwLkMzIn0%3D&_nc_ohc=x-JeBlfXgP0Q7kNvwEhn52K&_nc_oc=AdqftmKTjDTLpFK7XivxUvPWHqQGaNldUvS0rSotesIttA3s_bvjprPYeOV9yGroF-0&_nc_zt=24&_nc_ht=scontent-lax3-1.cdninstagram.com&_nc_gid=BH62jevtMuLJsyAWVapdDA&_nc_ss=72689&oh=00_Af98BYCmQQl_vW7IzXn2vL-UZKBGzYULopEZ-X-BjLxgew&oe=6A2B3C86","https://www.instagram.com/p/DYj_rFRtM_8/"
"18020768198673000","❤️❤️❤️","2026-06-03T04:36:59.000Z","paval_stefan_","https://scontent-lax3-1.cdninstagram.com/v/t51.82787-19/619842841_17923615665217183_5909338742672391735_n.jpg?stp=dst-jpg_s150x150_tt6&_nc_cat=110&ccb=7-5&_nc_sid=f7ccc5&efg=eyJ2ZW5jb2RlX3RhZyI6InByb2ZpbGVfcGljLnd3dy41MzAuQzMifQ%3D%3D&_nc_ohc=mQ1mJ9m2GZIQ7kNvwFQYvke&_nc_oc=AdoJEyAlZouECrUv31f1rkM2DgJEOthPb5XJPbq9pq51qUlTcdqPKkXIXxHULgfvfXA&_nc_zt=24&_nc_ht=scontent-lax3-1.cdninstagram.com&_nc_gid=BH62jevtMuLJsyAWVapdDA&_nc_ss=72689&oh=00_Af8VPY6z1s1ZGM1DHK8xbN13_Y374xa_v8zH4l_3y9pnBg&oe=6A2B3252","https://www.instagram.com/p/DYj_rFRtM_8/"
"18105991954982738","😂😂😂😂😂🖕🖕🖕🇮🇷😎🇮🇷😎🇮🇷😎🇮🇷😎","2026-06-02T22:18:15.000Z","mohsenmalek1410gmail","https://scontent-lax3-1.cdninstagram.com/v/t51.2885-19/134573950_606783840107961_4990960831668621228_n.jpg?stp=dst-jpg_s150x150_tt6&_nc_cat=110&ccb=7-5&_nc_sid=f7ccc5&efg=eyJ2ZW5jb2RlX3RhZyI6InByb2ZpbGVfcGljLnd3dy4xMDgwLkMzIn0%3D&_nc_ohc=wbxr_vQk3dIQ7kNvwHXsgl_&_nc_oc=Ador5SuFwo6iUzWj1DExapmBorAzdQ44XPtXRMH65ukTpmDZBdBdue9vukLNBWu0lto&_nc_zt=24&_nc_ht=scontent-lax3-1.cdninstagram.com&_nc_ss=72689&oh=00_Af8X6BdUFpVMceC67-aS2x6hleNyMagvf_Gxq5PuRFs1ng&oe=6A2B4C4D","https://www.instagram.com/p/DYj_rFRtM_8/"
"17858811885643054","M","2026-06-02T10:54:15.000Z","power.23.02.2002","https://scontent-lax7-1.cdninstagram.com/v/t51.82787-19/610906702_17846570241658053_319003760706260411_n.jpg?stp=dst-jpg_s150x150_tt6&_nc_cat=105&ccb=7-5&_nc_sid=f7ccc5&efg=eyJ2ZW5jb2RlX3RhZyI6InByb2ZpbGVfcGljLnd3dy4xMDgwLkMzIn0%3D&_nc_ohc=FEyiQgIb_okQ7kNvwGqSG7c&_nc_oc=AdoCynKEwh5RT10DfSaVfbJkhORM99QT-He2jHKHZtFZ3nhSVySnmvr8pj-o7pRtZxs&_nc_zt=24&_nc_ht=scontent-lax7-1.cdninstagram.com&_nc_gid=BH62jevtMuLJsyAWVapdDA&_nc_ss=72689&oh=00_Af_hWjRdb5teYuE39Z_B-EkJIXb-r_nSQZLImrU6DfE_rQ&oe=6A2B2809","https://www.instagram.com/p/DYj_rFRtM_8/"
"18096325187270574","K","2026-06-02T10:54:13.000Z","power.23.02.2002","https://scontent-lax7-1.cdninstagram.com/v/t51.82787-19/610906702_17846570241658053_319003760706260411_n.jpg?stp=dst-jpg_s150x150_tt6&_nc_cat=105&ccb=7-5&_nc_sid=f7ccc5&efg=eyJ2ZW5jb2RlX3RhZyI6InByb2ZpbGVfcGljLnd3dy4xMDgwLkMzIn0%3D&_nc_ohc=FEyiQgIb_okQ7kNvwGqSG7c&_nc_oc=AdoCynKEwh5RT10DfSaVfbJkhORM99QT-He2jHKHZtFZ3nhSVySnmvr8pj-o7pRtZxs&_nc_zt=24&_nc_ht=scontent-lax7-1.cdninstagram.com&_nc_gid=BH62jevtMuLJsyAWVapdDA&_nc_ss=72689&oh=00_Af_hWjRdb5teYuE39Z_B-EkJIXb-r_nSQZLImrU6DfE_rQ&oe=6A2B2809","https://www.instagram.com/p/DYj_rFRtM_8/"
"18129172474716813","M","2026-06-02T10:11:11.000Z","power.23.02.2002","https://scontent-lax7-1.cdninstagram.com/v/t51.82787-19/610906702_17846570241658053_319003760706260411_n.jpg?stp=dst-jpg_s150x150_tt6&_nc_cat=105&ccb=7-5&_nc_sid=f7ccc5&efg=eyJ2ZW5jb2RlX3RhZyI6InByb2ZpbGVfcGljLnd3dy4xMDgwLkMzIn0%3D&_nc_ohc=FEyiQgIb_okQ7kNvwGqSG7c&_nc_oc=AdoCynKEwh5RT10DfSaVfbJkhORM99QT-He2jHKHZtFZ3nhSVySnmvr8pj-o7pRtZxs&_nc_zt=24&_nc_ht=scontent-lax7-1.cdninstagram.com&_nc_gid=BH62jevtMuLJsyAWVapdDA&_nc_ss=72689&oh=00_Af_hWjRdb5teYuE39Z_B-EkJIXb-r_nSQZLImrU6DfE_rQ&oe=6A2B2809","https://www.instagram.com/p/DYj_rFRtM_8/"
"17939026056237796","K","2026-06-02T10:11:08.000Z","power.23.02.2002","https://scontent-lax7-1.cdninstagram.com/v/t51.82787-19/610906702_17846570241658053_319003760706260411_n.jpg?stp=dst-jpg_s150x150_tt6&_nc_cat=105&ccb=7-5&_nc_sid=f7ccc5&efg=eyJ2ZW5jb2RlX3RhZyI6InByb2ZpbGVfcGljLnd3dy4xMDgwLkMzIn0%3D&_nc_ohc=FEyiQgIb_okQ7kNvwGqSG7c&_nc_oc=AdoCynKEwh5RT10DfSaVfbJkhORM99QT-He2jHKHZtFZ3nhSVySnmvr8pj-o7pRtZxs&_nc_zt=24&_nc_ht=scontent-lax7-1.cdninstagram.com&_nc_gid=BH62jevtMuLJsyAWVapdDA&_nc_ss=72689&oh=00_Af_hWjRdb5teYuE39Z_B-EkJIXb-r_nSQZLImrU6DfE_rQ&oe=6A2B2809","https://www.instagram.com/p/DYj_rFRtM_8/"
"18157965832459859","دیز😂","2026-05-30T19:09:15.000Z","zbyd9601","https://scontent-lax3-2.cdninstagram.com/v/t51.82787-19/609119638_17889369141408444_5208777136942383381_n.jpg?stp=dst-jpg_s150x150_tt6&_nc_cat=106&ccb=7-5&_nc_sid=f7ccc5&efg=eyJ2ZW5jb2RlX3RhZyI6InByb2ZpbGVfcGljLnd3dy4xMDgwLkMzIn0%3D&_nc_ohc=AGbIXoDwqeQQ7kNvwEfCtqv&_nc_oc=Adq7muc7yz-DcEU3c-WGj79UjzPW8yXmchTrWKoJ3hZrjoGGV4JsciDnjErAUS0dwjc&_nc_zt=24&_nc_ht=scontent-lax3-2.cdninstagram.com&_nc_gid=BH62jevtMuLJsyAWVapdDA&_nc_ss=72689&oh=00_Af9U20aKTX2iAULMYN6gfPeKEIY-J5IwOp9byG75sdhOLQ&oe=6A2B267A","https://www.instagram.com/p/DYj_rFRtM_8/"
"18342219295170474","better than giving up territories","2026-05-28T13:38:24.000Z","yash.prd","https://scontent-lax7-1.cdninstagram.com/v/t51.82787-19/692483905_17917849701360692_310362971277206091_n.jpg?stp=dst-jpg_s150x150_tt6&_nc_cat=105&ccb=7-5&_nc_sid=f7ccc5&efg=eyJ2ZW5jb2RlX3RhZyI6InByb2ZpbGVfcGljLnd3dy4xMDgwLkMzIn0%3D&_nc_ohc=0bQKaISQAcEQ7kNvwG59vOI&_nc_oc=Adq7N4dbTB8Mjkl547jrOzfuoZ56sYxd_4le0msgsztWy0ap1XOOzfGCEyCDuzmBvTk&_nc_zt=24&_nc_ht=scontent-lax7-1.cdninstagram.com&_nc_gid=BH62jevtMuLJsyAWVapdDA&_nc_ss=72689&oh=00_Af_C79lhJ1JREWiy50HC3fH9M_YCrexEiDR2Gkl3uuy1Rw&oe=6A2B4A64","https://www.instagram.com/p/DYj_rFRtM_8/"
"18054585464727591","😂😂😂😂😂😂","2026-05-28T07:15:20.000Z","hossein.karimifard64","https://scontent-lax3-2.cdninstagram.com/v/t51.2885-19/472618865_8911603268938740_3778486570394645234_n.jpg?stp=dst-jpg_s150x150_tt6&_nc_cat=107&ccb=7-5&_nc_sid=f7ccc5&efg=eyJ2ZW5jb2RlX3RhZyI6InByb2ZpbGVfcGljLnd3dy4xMDgwLkMzIn0%3D&_nc_ohc=3OaVIvcnEgQQ7kNvwGwNprr&_nc_oc=AdoRUjZ1BMaGnd1IM2IYCJC0bQ9-RjgWu59I8puIoBCU0BoWaKC53sLYZAQslCUR45g&_nc_zt=24&_nc_ht=scontent-lax3-2.cdninstagram.com&_nc_ss=72689&oh=00_Af-Vu6YuW99-LCaQdXHJ7ekryNSr-7XXnadHJvaGMJbr_w&oe=6A2B1A82","https://www.instagram.com/p/DYj_rFRtM_8/"
"17940602400210389","این چی ها","2026-05-27T20:51:29.000Z","v.hosseini1","https://scontent-lax3-1.cdninstagram.com/v/t51.2885-19/66814855_897642653922595_6858561042222415872_n.jpg?stp=dst-jpg_s150x150_tt6&_nc_cat=102&ccb=7-5&_nc_sid=f7ccc5&efg=eyJ2ZW5jb2RlX3RhZyI6InByb2ZpbGVfcGljLnd3dy42NDAuQzMifQ%3D%3D&_nc_ohc=nUOYIT1TnGkQ7kNvwFvwDBZ&_nc_oc=AdqP_6t6B39WKHG10aKJcWWyAyTH4cmuRuD6HpVVLlXBKWQRKQ8IOgbKvmzVYkaRK-0&_nc_zt=24&_nc_ht=scontent-lax3-1.cdninstagram.com&_nc_ss=72689&oh=00_Af948T7OgsqpLwZ-lXDSS5aH6UZPc6oYLEFycxbBLez7lA&oe=6A2B186E","https://www.instagram.com/p/DYj_rFRtM_8/"
"18049386320775098","این چی ها","2026-05-27T20:09:38.000Z","v.hosseini1","https://scontent-lax3-1.cdninstagram.com/v/t51.2885-19/66814855_897642653922595_6858561042222415872_n.jpg?stp=dst-jpg_s150x150_tt6&_nc_cat=102&ccb=7-5&_nc_sid=f7ccc5&efg=eyJ2ZW5jb2RlX3RhZyI6InByb2ZpbGVfcGljLnd3dy42NDAuQzMifQ%3D%3D&_nc_ohc=nUOYIT1TnGkQ7kNvwFvwDBZ&_nc_oc=AdqP_6t6B39WKHG10aKJcWWyAyTH4cmuRuD6HpVVLlXBKWQRKQ8IOgbKvmzVYkaRK-0&_nc_zt=24&_nc_ht=scontent-lax3-1.cdninstagram.com&_nc_ss=72689&oh=00_Af948T7OgsqpLwZ-lXDSS5aH6UZPc6oYLEFycxbBLez7lA&oe=6A2B186E","https://www.instagram.com/p/DYj_rFRtM_8/"
"18602166154040214","💛🔥🖤💛🔥🖤💛🔥🖤","2026-05-26T09:51:41.000Z","tdwaiart","https://scontent-atl3-2.cdninstagram.com/v/t51.2885-19/373721814_1037420624271081_8677228159574312835_n.jpg?stp=dst-jpg_s150x150_tt6&_nc_cat=102&ccb=7-5&_nc_sid=f7ccc5&efg=eyJ2ZW5jb2RlX3RhZyI6InByb2ZpbGVfcGljLnd3dy4xMDgwLkMzIn0%3D&_nc_ohc=HV3XgzB-j0QQ7kNvwE1yY3E&_nc_oc=AdpU8s5OFwTxC8DHVu1wE8i_0y9f35OU22KalsS9PKXalqFSAbVhJReoKf-HwG7ZzW4&_nc_zt=24&_nc_ht=scontent-atl3-2.cdninstagram.com&_nc_ss=72a8c&oh=00_Af-2xpr9bFtcd9uIABBM4qNoeds0hHKaBgNrE0IHwu9oiA&oe=6A2B25CF","https://www.instagram.com/p/DYgbWcZiLv3/"
"17885486229397219","Gorgeous 😍😍","2026-05-23T12:47:25.000Z","moodwear_by_kathy","https://scontent-atl3-3.cdninstagram.com/v/t51.82787-19/632558533_17871441816547608_2266853971218520986_n.jpg?stp=dst-jpg_s150x150_tt6&_nc_cat=108&ccb=7-5&_nc_sid=f7ccc5&efg=eyJ2ZW5jb2RlX3RhZyI6InByb2ZpbGVfcGljLnd3dy4xMDgwLkMzIn0%3D&_nc_ohc=07a0Tb_FU74Q7kNvwHql7Z3&_nc_oc=AdoGfXKXa0Q2KteMwYJ65-AucdBD8MqKQlFxvvFQjz0ODFwwEPfSLuBt1xCSRnY8c3o&_nc_zt=24&_nc_ht=scontent-atl3-3.cdninstagram.com&_nc_gid=JRM1eKl43LTvCsBjHIuKOQ&_nc_ss=72a8c&oh=00_Af9UwibyHvsljsR3ghvFo314y4zRS7SZjhUUwuBKo_2Gxg&oe=6A2B4D69","https://www.instagram.com/p/DYgbWcZiLv3/"
"18138610273470389","Fabulous 😍","2026-05-21T11:26:41.000Z","thornvelour","https://scontent-atl3-3.cdninstagram.com/v/t51.82787-19/719490312_17994364244979528_5157167405834897528_n.jpg?stp=dst-jpg_s150x150_tt6&_nc_cat=107&ccb=7-5&_nc_sid=f7ccc5&efg=eyJ2ZW5jb2RlX3RhZyI6InByb2ZpbGVfcGljLnd3dy4xMDI0LkMzIn0%3D&_nc_ohc=ZlUWyW2u9EQQ7kNvwHdWWXe&_nc_oc=AdohEPqnbP9cf1TZySojeiaRBmowg6DCnuP7hLKzJwSaYzvyERgM5pvxnwdsgP94ivw&_nc_zt=24&_nc_ht=scontent-atl3-3.cdninstagram.com&_nc_gid=JRM1eKl43LTvCsBjHIuKOQ&_nc_ss=72a8c&oh=00_Af9ENhqyS5Nl-4sWTdSpcNkhBC2EmBjX25kN_Z7rYdjKHw&oe=6A2B2344","https://www.instagram.com/p/DYgbWcZiLv3/"
"18112568848893352","Beautiful ✨🖤✨","2026-05-20T01:43:38.000Z","magicai1237","https://scontent-atl3-2.cdninstagram.com/v/t51.2885-19/480101519_2438785809795527_6825807729996583300_n.jpg?stp=dst-jpg_s150x150_tt6&_nc_cat=104&ccb=7-5&_nc_sid=f7ccc5&efg=eyJ2ZW5jb2RlX3RhZyI6InByb2ZpbGVfcGljLnd3dy4xMDEwLkMzIn0%3D&_nc_ohc=Zj3QKqBgO6cQ7kNvwHXJdPz&_nc_oc=AdqiylfP7QpcdTo6QJT8yTgaPoedScejUr07JOlINJjYZ8XSXO3rdzqjE-Rf8xFd98M&_nc_zt=24&_nc_ht=scontent-atl3-2.cdninstagram.com&_nc_ss=72a8c&oh=00_Af8b1jA2gPYIjB18TfE7l3xuMm5xIytuqp7RSaD5b5jWfg&oe=6A2B4033","https://www.instagram.com/p/DYgbWcZiLv3/"
"18093166493264484","WoW 🔥🔥🖤","2026-05-19T19:11:35.000Z","nox.moonlit","https://scontent-atl3-2.cdninstagram.com/v/t51.82787-19/642481193_18452626258103855_5725827894809777137_n.jpg?stp=dst-jpg_s150x150_tt6&_nc_cat=104&ccb=7-5&_nc_sid=f7ccc5&efg=eyJ2ZW5jb2RlX3RhZyI6InByb2ZpbGVfcGljLnd3dy44NDYuQzMifQ%3D%3D&_nc_ohc=kwrMli12xJ8Q7kNvwEprje4&_nc_oc=AdoCZrbiFjRc66-9jeFJ-c5gu64l0sxflwmaIyLSRqp4qxZ-NQXtrKEc2nIwWQqXJAE&_nc_zt=24&_nc_ht=scontent-atl3-2.cdninstagram.com&_nc_gid=JRM1eKl43LTvCsBjHIuKOQ&_nc_ss=72a8c&oh=00_Af-dUfbbl5JHqpqYVlUbo_lXmibXAagxGxhUctgQTxucHw&oe=6A2B4506","https://www.instagram.com/p/DYgbWcZiLv3/"
"18096284885173858","👏👏great👏👏","2026-05-19T17:37:43.000Z","aipixelplex2.0","https://scontent-atl3-3.cdninstagram.com/v/t51.82787-19/628053578_17848521540672677_3791521693271188033_n.jpg?stp=dst-jpg_s150x150_tt6&_nc_cat=111&ccb=7-5&_nc_sid=f7ccc5&efg=eyJ2ZW5jb2RlX3RhZyI6InByb2ZpbGVfcGljLnd3dy4xMDgwLkMzIn0%3D&_nc_ohc=2jQ8X4ukousQ7kNvwE0zyWE&_nc_oc=AdqXIgGwGLn-qSOObBRiAXLtaTJ3ENqqirEMUbqOpt4aeh_r0J9o9FCxt4N0zQ5ttfM&_nc_zt=24&_nc_ht=scontent-atl3-3.cdninstagram.com&_nc_gid=JRM1eKl43LTvCsBjHIuKOQ&_nc_ss=72a8c&oh=00_Af9E52RDbRxa1joJiYk4Nm8ZxijOTFSHIbjBEjapH1RLAQ&oe=6A2B30E3","https://www.instagram.com/p/DYgbWcZiLv3/"
"18105681785076625","👑👑👑","2026-05-19T16:51:02.000Z","itsnataliamagdalene","https://scontent-atl3-3.cdninstagram.com/v/t51.82787-19/639496523_18575707645029023_7936476043670055778_n.jpg?stp=dst-jpg_s150x150_tt6&_nc_cat=100&ccb=7-5&_nc_sid=f7ccc5&efg=eyJ2ZW5jb2RlX3RhZyI6InByb2ZpbGVfcGljLnd3dy44OTYuQzMifQ%3D%3D&_nc_ohc=YgixYBy1EDMQ7kNvwGLn7z4&_nc_oc=AdpFg9VjFhcsNBjb_TW4SpWmqalzdGAvH-4I3nqscwY5y7_sMrfItp7zRMMuPALPuYY&_nc_zt=24&_nc_ht=scontent-atl3-3.cdninstagram.com&_nc_gid=JRM1eKl43LTvCsBjHIuKOQ&_nc_ss=72a8c&oh=00_Af90mCzkHeXgvVfY9GEd-NxUTLku_duPgMoeiY9N7pyhlw&oe=6A2B2D68","https://www.instagram.com/p/DYgbWcZiLv3/"
"18091775192338882","🔥🔥🔥","2026-05-19T15:42:28.000Z","alysa.brown.50767","https://scontent-atl3-1.cdninstagram.com/v/t51.2885-19/436299300_1101781717546564_740377869066812890_n.jpg?stp=dst-jpg_s150x150_tt6&_nc_cat=106&ccb=7-5&_nc_sid=f7ccc5&efg=eyJ2ZW5jb2RlX3RhZyI6InByb2ZpbGVfcGljLnd3dy45NTkuQzMifQ%3D%3D&_nc_ohc=-V2CX4SaCrkQ7kNvwENMgIw&_nc_oc=AdpexKvC0lOI2U6UrHvaltquKeQcw0rCSDv7YRyEDzLezoD3rYAvnkvB88Q19M9TtPw&_nc_zt=24&_nc_ht=scontent-atl3-1.cdninstagram.com&_nc_ss=72a8c&oh=00_Af9HkBBoUafhw08bEYTtCuMsE-gIUU4h2i7Ef03Fyu4IJg&oe=6A2B1DD1","https://www.instagram.com/p/DYgbWcZiLv3/"
"18104299348982757","Beautiful 🖤🖤","2026-05-19T15:42:27.000Z","j.ki.art","https://scontent-atl3-3.cdninstagram.com/v/t51.82787-19/673007043_17867116398668533_2814122507216929218_n.jpg?stp=dst-jpg_s150x150_tt6&_nc_cat=110&ccb=7-5&_nc_sid=f7ccc5&efg=eyJ2ZW5jb2RlX3RhZyI6InByb2ZpbGVfcGljLnd3dy4xMDgwLkMzIn0%3D&_nc_ohc=jtSyIHGtBo0Q7kNvwFxgdOT&_nc_oc=AdpwX8KrMGtX0hsSKgpOU9btyzLao-887d36veIQ4EMN3vj6TsvZqLQZ8VO5GyCit4M&_nc_zt=24&_nc_ht=scontent-atl3-3.cdninstagram.com&_nc_gid=JRM1eKl43LTvCsBjHIuKOQ&_nc_ss=72a8c&oh=00_Af9PrjbPyvfdxoom6KuO6htTYvT-2Idn8y3pzLNoFUxboA&oe=6A2B47B9","https://www.instagram.com/p/DYgbWcZiLv3/"
"18348018871246648","Fabulous ❤️❤️🔥","2026-05-19T14:27:52.000Z","celebrities.crying","https://scontent-atl3-3.cdninstagram.com/v/t51.82787-19/559449636_17848423344573523_5413693173018076905_n.jpg?stp=dst-jpg_s150x150_tt6&_nc_cat=111&ccb=7-5&_nc_sid=f7ccc5&efg=eyJ2ZW5jb2RlX3RhZyI6InByb2ZpbGVfcGljLnd3dy41MjUuQzMifQ%3D%3D&_nc_ohc=Pycaqzo5eT0Q7kNvwE0K21A&_nc_oc=Adq9IRoVf6kyMSvpGcDWNNme1GXgwgeYMKM3r9RsySMCBnLPxkkBnkSZU_IeoHwQYc4&_nc_zt=24&_nc_ht=scontent-atl3-3.cdninstagram.com&_nc_gid=JRM1eKl43LTvCsBjHIuKOQ&_nc_ss=72a8c&oh=00_Af9n-nnMGS7NQdO1oUCcgkJjT67HQ6fFMirCiL7z4rRPtQ&oe=6A2B2695","https://www.instagram.com/p/DYgbWcZiLv3/"
"18077613821216673","Amazing 🔥","2026-05-19T14:17:31.000Z","threadink26","https://scontent-atl3-1.cdninstagram.com/v/t51.82787-19/681472324_17949525759136407_421515382222436795_n.jpg?stp=dst-jpg_s150x150_tt6&_nc_cat=106&ccb=7-5&_nc_sid=f7ccc5&efg=eyJ2ZW5jb2RlX3RhZyI6InByb2ZpbGVfcGljLnd3dy4xMDgwLkMzIn0%3D&_nc_ohc=MAofu06VjvAQ7kNvwG02uEz&_nc_oc=Adp686467ou4bbwSL9OgdfdFZKtuZ5v5sUUcP9qwPEl61Xq4XcNmOOky1KRyr883M5Y&_nc_zt=24&_nc_ht=scontent-atl3-1.cdninstagram.com&_nc_gid=JRM1eKl43LTvCsBjHIuKOQ&_nc_ss=72a8c&oh=00_Af-Xv-b9KH28Xm1t3GlbJLQYf5eVY8iLr8WhyBZbKsbzTA&oe=6A2B2FDE","https://www.instagram.com/p/DYgbWcZiLv3/"
"18095114132590023","😍👏🔥","2026-05-19T13:42:10.000Z","aiart_queen","https://scontent-atl3-3.cdninstagram.com/v/t51.82787-19/607039707_17991859937861340_8240683204825741818_n.jpg?stp=dst-jpg_s150x150_tt6&_nc_cat=110&ccb=7-5&_nc_sid=f7ccc5&efg=eyJ2ZW5jb2RlX3RhZyI6InByb2ZpbGVfcGljLnd3dy42ODguQzMifQ%3D%3D&_nc_ohc=-1yyiAtcCpsQ7kNvwFMxGEf&_nc_oc=AdrohzgeVybGMh_gBEiNbMxkAQDXqyFBlulrKLOSOSCTs6MFiX5R_aPdgnAv8Oi8jNw&_nc_zt=24&_nc_ht=scontent-atl3-3.cdninstagram.com&_nc_gid=JRM1eKl43LTvCsBjHIuKOQ&_nc_ss=72a8c&oh=00_Af-xspXMmh4gilKS5GKA7tBwikjFPHB9AyxRfLcbEVUlJw&oe=6A2B249E","https://www.instagram.com/p/DYgbWcZiLv3/"
"18108006122511262","👏😍🔥❤️❤️","2026-05-19T11:42:17.000Z","jebimyworld","https://scontent-atl3-3.cdninstagram.com/v/t51.82787-19/660838877_17996038535942353_2326306450317126765_n.jpg?stp=dst-jpg_s150x150_tt6&_nc_cat=111&ccb=7-5&_nc_sid=f7ccc5&efg=eyJ2ZW5jb2RlX3RhZyI6InByb2ZpbGVfcGljLnd3dy45MTYuQzMifQ%3D%3D&_nc_ohc=cn7ex0b8oGUQ7kNvwGyt4SN&_nc_oc=Adqut2PIr_rvn2jvRcS_1ZIXhPHrobpYR7IEvHPiBUPBmvTyNCpZdWelZtwHseS5Kts&_nc_zt=24&_nc_ht=scontent-atl3-3.cdninstagram.com&_nc_gid=JRM1eKl43LTvCsBjHIuKOQ&_nc_ss=72a8c&oh=00_Af-CiXX1kE_vv9IsjNSMbqZmu2AlIbCr-TWmPsLnU3SiIw&oe=6A2B2A89","https://www.instagram.com/p/DYgbWcZiLv3/"
"17987755430994445","Genial 👏👏👏👏👏👏👏👏","2026-05-19T10:25:35.000Z","braulio_ariza","https://scontent-atl3-1.cdninstagram.com/v/t51.2885-19/458661014_8376609699066001_8926973647619809205_n.jpg?stp=dst-jpg_s150x150_tt6&_nc_cat=103&ccb=7-5&_nc_sid=f7ccc5&efg=eyJ2ZW5jb2RlX3RhZyI6InByb2ZpbGVfcGljLnd3dy44MjYuQzMifQ%3D%3D&_nc_ohc=SSJRR-pnRtoQ7kNvwHp18Oe&_nc_oc=AdrvY_Y_4QQnu-9Rl9mRV2ZmrCgOp1kxxj42UwkJuH0--TTe-HPIGA2RMS8iH-6Y0Rc&_nc_zt=24&_nc_ht=scontent-atl3-1.cdninstagram.com&_nc_ss=72a8c&oh=00_Af-MIrWCHlnEnT92lC2sTFKbGokY6xF3B5dwya6q97Vkag&oe=6A2B252B","https://www.instagram.com/p/DYgbWcZiLv3/"
"18100662500077865","😍😍😍😍Stunning","2026-05-19T10:08:55.000Z","art_ai968","https://scontent-atl3-3.cdninstagram.com/v/t51.82787-19/629808806_17989486742928797_4415007566869835477_n.jpg?stp=dst-jpg_s150x150_tt6&_nc_cat=108&ccb=7-5&_nc_sid=f7ccc5&efg=eyJ2ZW5jb2RlX3RhZyI6InByb2ZpbGVfcGljLnd3dy4xMDgwLkMzIn0%3D&_nc_ohc=cFc7m4FWEiMQ7kNvwFMwrDm&_nc_oc=AdrLU9IEICGS6HzNzT6FB_8esE9hx711ilx4AeThfwQXYISu9grTqZ9z9qE7bc7jrek&_nc_zt=24&_nc_ht=scontent-atl3-3.cdninstagram.com&_nc_gid=JRM1eKl43LTvCsBjHIuKOQ&_nc_ss=72a8c&oh=00_Af_zv5N95L8gcAmDZ32cqoKDhkvLeU5dg2Hs8d8tEPYHNw&oe=6A2B4D6C","https://www.instagram.com/p/DYgbWcZiLv3/"
"17997470177957125","Amazing 😍😍","2026-06-07T10:02:23.000Z","drawing_and_dreaming_aiart","https://scontent-phx1-1.cdninstagram.com/v/t51.82787-19/532194736_17861244630460402_282553005458266779_n.jpg?stp=dst-jpg_s150x150_tt6&_nc_cat=111&ccb=7-5&_nc_sid=f7ccc5&efg=eyJ2ZW5jb2RlX3RhZyI6InByb2ZpbGVfcGljLnd3dy4xMDgwLkMzIn0%3D&_nc_ohc=cmCMrrUWqDEQ7kNvwECbd9t&_nc_oc=AdpPHIuK887haSxnF_s2-hInTqoBTKuso1R_wR-wx7RDdlMGA5Sd3kyBpGGBcYZgVGg&_nc_zt=24&_nc_ht=scontent-phx1-1.cdninstagram.com&_nc_gid=M5nxj9x8c8nnZ1pp_q9vKg&_nc_ss=72a8c&oh=00_Af_07HlgZrW4lmeMCClL7es2Anr3o0lJGo-r1NwHBdO6kA&oe=6A2B23D6","https://www.instagram.com/p/DZO5kxciMni/"
"18104209220086268","Stunning 👏👏👏❤️❤️❤️","2026-06-07T07:32:45.000Z","son.of.fireee","https://scontent-phx1-1.cdninstagram.com/v/t51.82787-19/686901622_17871075975666763_3444263725577614707_n.jpg?stp=dst-jpg_s150x150_tt6&_nc_cat=107&ccb=7-5&_nc_sid=f7ccc5&efg=eyJ2ZW5jb2RlX3RhZyI6InByb2ZpbGVfcGljLnd3dy4xMDE4LkMzIn0%3D&_nc_ohc=7ws5lpsSF0UQ7kNvwGBtjwc&_nc_oc=AdqUQXmsw9cq_D4JxCE0lrip9bv5VhGwbFhMIBd_iDFMHJW6Ih5O_txz8Segal_r3UI&_nc_zt=24&_nc_ht=scontent-phx1-1.cdninstagram.com&_nc_gid=M5nxj9x8c8nnZ1pp_q9vKg&_nc_ss=72a8c&oh=00_Af8gxYXpc3T-nZldv-vX_3LvB8Zk-OHnDJYLuw1YH0TWOg&oe=6A2B3D16","https://www.instagram.com/p/DZO5kxciMni/"
"18017275667693156","💜 The bond between the dragon and its keeper feels legendary. Absolutely stunning. 🐉✨","2026-06-07T06:29:25.000Z","nita_aiart","https://scontent-phx1-1.cdninstagram.com/v/t51.82787-19/581995958_17919058458200945_4700972223961919056_n.jpg?stp=dst-jpg_s150x150_tt6&_nc_cat=105&ccb=7-5&_nc_sid=f7ccc5&efg=eyJ2ZW5jb2RlX3RhZyI6InByb2ZpbGVfcGljLnd3dy4xMDI0LkMzIn0%3D&_nc_ohc=IbZfbBB-KNMQ7kNvwFyzCiA&_nc_oc=AdpQL7d7XRfFS8Wz-RRDBMhMtTClgFnqb2-sy1XK20GC_HLyDXc8l4Zjm8v5eHG2DNw&_nc_zt=24&_nc_ht=scontent-phx1-1.cdninstagram.com&_nc_gid=M5nxj9x8c8nnZ1pp_q9vKg&_nc_ss=72a8c&oh=00_Af-61V-k6S1Zcenb5K5M--Cjf8O428Ded2a5wo59RnqzWQ&oe=6A2B27FE","https://www.instagram.com/p/DZO5kxciMni/"
"18104495143930636","So beautiful ❤️❤️","2026-06-06T21:11:08.000Z","nanys.3d","https://scontent-phx1-1.cdninstagram.com/v/t51.82787-19/559022478_17843250729589862_5318881294200383083_n.jpg?stp=dst-jpg_s150x150_tt6&_nc_cat=110&ccb=7-5&_nc_sid=f7ccc5&efg=eyJ2ZW5jb2RlX3RhZyI6InByb2ZpbGVfcGljLnd3dy43MjAuQzMifQ%3D%3D&_nc_ohc=zi7y09h6_VEQ7kNvwHKs-eQ&_nc_oc=Adp_V5OK5Lh_QmS3lB5rLr9-hJd3eR7VnM_te41onqfImsFISHwVg9JzKh6mYkQV1oA&_nc_zt=24&_nc_ht=scontent-phx1-1.cdninstagram.com&_nc_gid=M5nxj9x8c8nnZ1pp_q9vKg&_nc_ss=72a8c&oh=00_Af_vlBUavpfQ1_vhfwCD0ElvPP1XlVsICrKH59Lf_rod7Q&oe=6A2B42CB","https://www.instagram.com/p/DZO5kxciMni/"
"18079691042374122","Amazing artwork😍😍😍","2026-06-06T21:08:03.000Z","cozycalmambience","https://scontent-phx1-1.cdninstagram.com/v/t51.82787-19/649219877_17924847174249261_1145687032493733110_n.jpg?stp=dst-jpg_s150x150_tt6&_nc_cat=105&ccb=7-5&_nc_sid=f7ccc5&efg=eyJ2ZW5jb2RlX3RhZyI6InByb2ZpbGVfcGljLnd3dy4xMDI0LkMzIn0%3D&_nc_ohc=-j_qyL2MWkkQ7kNvwE0ASIH&_nc_oc=AdrpcXOoFu25SzbajMGQU1TybsAJamAmUbTbSjhF21pYly9t-fB4uc69zpjm6qZggZY&_nc_zt=24&_nc_ht=scontent-phx1-1.cdninstagram.com&_nc_gid=M5nxj9x8c8nnZ1pp_q9vKg&_nc_ss=72a8c&oh=00_Af8mYXwPcAspxicXsfkmmmxkydr6SFuxEhoJfkSwtJheZA&oe=6A2B3A36","https://www.instagram.com/p/DZO5kxciMni/"
"18407201674145063","Beautiful ❤️❤️❤️❤️❤️","2026-06-06T20:39:58.000Z","hullabaloo221","https://scontent-phx1-1.cdninstagram.com/v/t51.2885-19/446459263_1192581288567069_702378834875539368_n.jpg?stp=dst-jpg_s150x150_tt6&_nc_cat=106&ccb=7-5&_nc_sid=f7ccc5&efg=eyJ2ZW5jb2RlX3RhZyI6InByb2ZpbGVfcGljLnd3dy4xMDI0LkMzIn0%3D&_nc_ohc=LqtJx1tmRxYQ7kNvwFocWoE&_nc_oc=AdoZsBMC7wYMCDRbsmiI_B96wmT5uGOi4GJ3oBzHstzIkCWjhxmoPDBotIbiCPgblW0&_nc_zt=24&_nc_ht=scontent-phx1-1.cdninstagram.com&_nc_ss=72a8c&oh=00_Af-fEQlBS69Qap2RVaRhDdxz8JPT_ZverOJGd21uOyDEXg&oe=6A2B1912","https://www.instagram.com/p/DZO5kxciMni/"
"17887953372559888","Great!!😍😍👏🏻👏🏻","2026-06-06T19:36:04.000Z","essetres","https://scontent-phx1-1.cdninstagram.com/v/t51.82787-19/521140672_18511894126040618_3675194685490943439_n.jpg?stp=dst-jpg_s150x150_tt6&_nc_cat=100&ccb=7-5&_nc_sid=f7ccc5&efg=eyJ2ZW5jb2RlX3RhZyI6InByb2ZpbGVfcGljLnd3dy45MzQuQzMifQ%3D%3D&_nc_ohc=R88i1vMNPXcQ7kNvwG6qYSu&_nc_oc=AdpyX01QlKeytfUqvp3PImP6qdP_E1RkfUY7vTsdwcHg7W1kdNhsmfyThz4zyWykXrs&_nc_zt=24&_nc_ht=scontent-phx1-1.cdninstagram.com&_nc_gid=M5nxj9x8c8nnZ1pp_q9vKg&_nc_ss=72a8c&oh=00_Af92FYU7OymXVWB6NpndG695PNKwJJihZiEtzf26RJ2bFQ&oe=6A2B2F8A","https://www.instagram.com/p/DZO5kxciMni/"
"18056916779754481","Amazing ❤️❤️🔥","2026-06-06T14:41:11.000Z","celebrities.crying","https://scontent-phx1-1.cdninstagram.com/v/t51.82787-19/559449636_17848423344573523_5413693173018076905_n.jpg?stp=dst-jpg_s150x150_tt6&_nc_cat=111&ccb=7-5&_nc_sid=f7ccc5&efg=eyJ2ZW5jb2RlX3RhZyI6InByb2ZpbGVfcGljLnd3dy41MjUuQzMifQ%3D%3D&_nc_ohc=Pycaqzo5eT0Q7kNvwEctYQM&_nc_oc=AdqGNbh4Ag9y4kiOakRAUWASXdcDhK7ShE6CE-p8CzqxS9jWbEBjJZLQjZubZLpNUoc&_nc_zt=24&_nc_ht=scontent-phx1-1.cdninstagram.com&_nc_gid=M5nxj9x8c8nnZ1pp_q9vKg&_nc_ss=72a8c&oh=00_Af-ABG2jg_Zlkvu1o5zaiIBwH3Oa60LBDPPyp76tYqemQQ&oe=6A2B2695","https://www.instagram.com/p/DZO5kxciMni/"
"18604872559045806","<.○.>","2026-06-06T14:28:19.000Z","e_m_r_a_n_2500","https://scontent-phx1-1.cdninstagram.com/v/t51.82787-19/717129274_18089375495580756_4944791940746163168_n.jpg?stp=dst-jpg_s150x150_tt6&_nc_cat=105&ccb=7-5&_nc_sid=f7ccc5&efg=eyJ2ZW5jb2RlX3RhZyI6InByb2ZpbGVfcGljLnd3dy4xMDgwLkMzIn0%3D&_nc_ohc=uzLBNPqGWkAQ7kNvwG2S_MI&_nc_oc=Adog6ErtUePprGAPc2rMMVbrK3r6AnoBXNQEm5omCA7jRR3AYEERSK_XA_O6csyl1cs&_nc_zt=24&_nc_ht=scontent-phx1-1.cdninstagram.com&_nc_gid=M5nxj9x8c8nnZ1pp_q9vKg&_nc_ss=72a8c&oh=00_Af9J8TjH_sP3Eemojl_MuVFfB_KBGyUxDF323Ni8vumW2w&oe=6A2B4D85","https://www.instagram.com/p/DZO5kxciMni/"
"17859255171641342","Awesome 😍👏🔥","2026-06-06T13:40:32.000Z","aiart_queen","https://scontent-phx1-1.cdninstagram.com/v/t51.82787-19/607039707_17991859937861340_8240683204825741818_n.jpg?stp=dst-jpg_s150x150_tt6&_nc_cat=110&ccb=7-5&_nc_sid=f7ccc5&efg=eyJ2ZW5jb2RlX3RhZyI6InByb2ZpbGVfcGljLnd3dy42ODguQzMifQ%3D%3D&_nc_ohc=-1yyiAtcCpsQ7kNvwHbu-ak&_nc_oc=AdqQwjWNg5NdVy7woLxBXOpNd7ZrJqqi47xXIbWnRtUcTOI1vWm-TTyQp1MjuH_hrDo&_nc_zt=24&_nc_ht=scontent-phx1-1.cdninstagram.com&_nc_gid=M5nxj9x8c8nnZ1pp_q9vKg&_nc_ss=72a8c&oh=00_Af9hkuAKjlPqHsVhj8arTwNMtQrLvMfEQLwN-2Nq8_gS0A&oe=6A2B249E","https://www.instagram.com/p/DZO5kxciMni/"
"18477146326100214","❤️","2026-06-06T12:56:39.000Z","thetruthstudiosai","https://scontent-phx1-1.cdninstagram.com/v/t51.82787-19/712964248_18081935153330169_8932280278689301199_n.jpg?stp=dst-jpg_s150x150_tt6&_nc_cat=107&ccb=7-5&_nc_sid=f7ccc5&efg=eyJ2ZW5jb2RlX3RhZyI6InByb2ZpbGVfcGljLnd3dy4xMDgwLkMzIn0%3D&_nc_ohc=kVxEhlK_z0wQ7kNvwFkKrWJ&_nc_oc=AdoO2pnojmJJptWi2HUbsGsebm6swt57Fxqc1mW_qAxqPHTtOskwrFncZ8lHwpuG41o&_nc_zt=24&_nc_ht=scontent-phx1-1.cdninstagram.com&_nc_gid=M5nxj9x8c8nnZ1pp_q9vKg&_nc_ss=72a8c&oh=00_Af8cteOB1tUAknTBNtUqs438WhcUxVXL_kJTtRyx2RfQIw&oe=6A2B2FBA","https://www.instagram.com/p/DZO5kxciMni/"
"18096312077336190","Awesome👏👏👏","2026-06-06T11:30:41.000Z","ai.khtoora","https://scontent-phx1-1.cdninstagram.com/v/t51.2885-19/472700166_499109209927006_3284522148202991408_n.jpg?stp=dst-jpg_s150x150_tt6&_nc_cat=111&ccb=7-5&_nc_sid=f7ccc5&efg=eyJ2ZW5jb2RlX3RhZyI6InByb2ZpbGVfcGljLnd3dy4xMDgwLkMzIn0%3D&_nc_ohc=rK7f8QAWSvIQ7kNvwFtUo59&_nc_oc=AdqaP2HJ3Bf6lXt5UhfJBtFqKd1ZMlgN5SXHsPmVC3telI8uQ0kfKB6tYXkFFCkeRcE&_nc_zt=24&_nc_ht=scontent-phx1-1.cdninstagram.com&_nc_ss=72a8c&oh=00_Af-QAGK_VbPgDreYio_pZFx4Bs5lXht2SN-1F7hHq-wWaA&oe=6A2B2411","https://www.instagram.com/p/DZO5kxciMni/"
"17899796073451878","Amazing🖤🖤🖤","2026-06-06T11:14:16.000Z","voidcircuitone","https://scontent-phx1-1.cdninstagram.com/v/t51.82787-19/674463935_18072252716375576_620371526806319411_n.jpg?stp=dst-jpg_s150x150_tt6&_nc_cat=100&ccb=7-5&_nc_sid=f7ccc5&efg=eyJ2ZW5jb2RlX3RhZyI6InByb2ZpbGVfcGljLnd3dy4xMDgwLkMzIn0%3D&_nc_ohc=hRomsEG6b0YQ7kNvwE8kZBK&_nc_oc=Adp5MZuHDUcSBGtr0ASNJdLFEhI46LvnJSuLOH0ejxtAfx2Wo1hhGUupswWm0wINKO4&_nc_zt=24&_nc_ht=scontent-phx1-1.cdninstagram.com&_nc_gid=M5nxj9x8c8nnZ1pp_q9vKg&_nc_ss=72a8c&oh=00_Af8gOYU-q7a7IuGv_NsT8IfOuDQbo6A2MN2PGiB0c6IJsA&oe=6A2B3978","https://www.instagram.com/p/DZO5kxciMni/"
"18107295656481524","The dragon looks beautiful ❤️❤️👏👏👏","2026-06-06T11:11:16.000Z","jorgeandresvillavicencio","https://scontent-phx1-1.cdninstagram.com/v/t51.2885-19/95499387_657636788133292_8134291553200898048_n.jpg?stp=dst-jpg_s150x150_tt6&_nc_cat=107&ccb=7-5&_nc_sid=f7ccc5&efg=eyJ2ZW5jb2RlX3RhZyI6InByb2ZpbGVfcGljLnd3dy4xMDgwLkMzIn0%3D&_nc_ohc=BSo2pXtjeZsQ7kNvwEzBZGD&_nc_oc=Ado23Z34JIF46jMslWZAuAzl0eugSfwQobVd5Pi-AwYHbOv0fMRyFKqseDNDE5YSLBA&_nc_zt=24&_nc_ht=scontent-phx1-1.cdninstagram.com&_nc_ss=72a8c&oh=00_Af-i7WOTodBv0ljq4D4G9v26IEwgeXGEmOxhsrB8QxXZ_Q&oe=6A2B2198","https://www.instagram.com/p/DZO5kxciMni/"
"18114312361851373","","2026-06-06T11:08:09.000Z","77aziz","https://scontent-phx1-1.cdninstagram.com/v/t51.2885-19/460977503_8289354577824013_8987334908116128551_n.jpg?stp=dst-jpg_s150x150_tt6&_nc_cat=109&ccb=7-5&_nc_sid=f7ccc5&efg=eyJ2ZW5jb2RlX3RhZyI6InByb2ZpbGVfcGljLnd3dy4xMDgwLkMzIn0%3D&_nc_ohc=BDEOaj4r0PwQ7kNvwHcPw8q&_nc_oc=Adpx2H8QN9PLm6OJx4RXVM5jB-l9ai74kqY7PYod0azYgZdneS2E6LyqpD1vHsR5Gfw&_nc_zt=24&_nc_ht=scontent-phx1-1.cdninstagram.com&_nc_ss=72a8c&oh=00_Af-x1n2q8OkpaICBBfmX21pbUa56fgprt-aZ0fmuge3xnQ&oe=6A2B2778","https://www.instagram.com/p/DZO5kxciMni/"
"18076867274267282","😮😮😮😮😮😮😮😮😍😍😍😍😍😍😍😍😍😍😍","2026-06-04T02:05:52.000Z","_remberto_diaz64237","https://scontent-dfw5-2.cdninstagram.com/v/t51.75761-19/503613567_17906680308157836_5198609680081910799_n.jpg?stp=dst-jpg_s150x150_tt6&_nc_cat=104&ccb=7-5&_nc_sid=f7ccc5&efg=eyJ2ZW5jb2RlX3RhZyI6InByb2ZpbGVfcGljLnd3dy43MzIuQzMifQ%3D%3D&_nc_ohc=zfr9r1KzWXgQ7kNvwHhm8j6&_nc_oc=AdoAHrwthdclio1HE8P0vc1ykWNw_AKIHSQ3SwcQrG3BArv4VqmZdAYa9lG_h1nI22E&_nc_zt=24&_nc_ht=scontent-dfw5-2.cdninstagram.com&_nc_gid=5gqVcX8xO4-L8MQqKsfDJg&_nc_ss=72a8c&oh=00_Af8oZlen2vNIe6ExRB1rqPGYAYKiaDdlMbY1vQCNRjpVSg&oe=6A2B3A1D","https://www.instagram.com/p/DYI_-XTFvCL/"
"18322160869274989","👏","2026-06-01T12:14:54.000Z","fazal__khannn__","https://scontent-dfw5-1.cdninstagram.com/v/t51.82787-19/687529280_17997826187942159_6862335468074263819_n.jpg?stp=dst-jpg_s150x150_tt6&_nc_cat=110&ccb=7-5&_nc_sid=f7ccc5&efg=eyJ2ZW5jb2RlX3RhZyI6InByb2ZpbGVfcGljLnd3dy4xMDgwLkMzIn0%3D&_nc_ohc=llfqOb78rbUQ7kNvwGrFqlJ&_nc_oc=AdpRtM-RUWiuyz_2lhjgQRgtM2nuuoGls2sgx_DTwufm1FdCcDisHbVRfjBe2R3gdkQ&_nc_zt=24&_nc_ht=scontent-dfw5-1.cdninstagram.com&_nc_gid=5gqVcX8xO4-L8MQqKsfDJg&_nc_ss=72a8c&oh=00_Af-v-Gr1Gws3LKutp2TmzPJK0CR-35fQYPxcjrkkG5UFzQ&oe=6A2B28E5","https://www.instagram.com/p/DYI_-XTFvCL/"
"18012873011909224","","2026-05-31T16:31:22.000Z","_j_itu__","https://scontent-dfw6-1.cdninstagram.com/v/t51.82787-19/706891191_18117030097765054_1702186625387576346_n.jpg?stp=dst-jpg_s150x150_tt6&_nc_cat=106&ccb=7-5&_nc_sid=f7ccc5&efg=eyJ2ZW5jb2RlX3RhZyI6InByb2ZpbGVfcGljLnd3dy42NDAuQzMifQ%3D%3D&_nc_ohc=lOXnX7jcfAUQ7kNvwHaVUqk&_nc_oc=AdpUlB7p9589W5bRBkxRkRoHlF_nCsRjo5KOo8UcpRmhdXy08Ixj2m5HFosYKpEoQbs&_nc_zt=24&_nc_ht=scontent-dfw6-1.cdninstagram.com&_nc_gid=5gqVcX8xO4-L8MQqKsfDJg&_nc_ss=72a8c&oh=00_Af89Q9taVZ-AE9PcZR6LDvpVmDgaaeYnOhi09o6WLv0baA&oe=6A2B433C","https://www.instagram.com/p/DYI_-XTFvCL/"
"18190565884331048","Bro that's Aura++++++++++++++++++++++++🔥 Of song 🔥🔥","2026-05-31T16:30:08.000Z","_j_itu__","https://scontent-dfw6-1.cdninstagram.com/v/t51.82787-19/706891191_18117030097765054_1702186625387576346_n.jpg?stp=dst-jpg_s150x150_tt6&_nc_cat=106&ccb=7-5&_nc_sid=f7ccc5&efg=eyJ2ZW5jb2RlX3RhZyI6InByb2ZpbGVfcGljLnd3dy42NDAuQzMifQ%3D%3D&_nc_ohc=lOXnX7jcfAUQ7kNvwHaVUqk&_nc_oc=AdpUlB7p9589W5bRBkxRkRoHlF_nCsRjo5KOo8UcpRmhdXy08Ixj2m5HFosYKpEoQbs&_nc_zt=24&_nc_ht=scontent-dfw6-1.cdninstagram.com&_nc_gid=5gqVcX8xO4-L8MQqKsfDJg&_nc_ss=72a8c&oh=00_Af89Q9taVZ-AE9PcZR6LDvpVmDgaaeYnOhi09o6WLv0baA&oe=6A2B433C","https://www.instagram.com/p/DYI_-XTFvCL/"
"17970121014113589","🔥🔥🔥🔥🔥🔥","2026-05-31T16:29:35.000Z","_j_itu__","https://scontent-dfw6-1.cdninstagram.com/v/t51.82787-19/706891191_18117030097765054_1702186625387576346_n.jpg?stp=dst-jpg_s150x150_tt6&_nc_cat=106&ccb=7-5&_nc_sid=f7ccc5&efg=eyJ2ZW5jb2RlX3RhZyI6InByb2ZpbGVfcGljLnd3dy42NDAuQzMifQ%3D%3D&_nc_ohc=lOXnX7jcfAUQ7kNvwHaVUqk&_nc_oc=AdpUlB7p9589W5bRBkxRkRoHlF_nCsRjo5KOo8UcpRmhdXy08Ixj2m5HFosYKpEoQbs&_nc_zt=24&_nc_ht=scontent-dfw6-1.cdninstagram.com&_nc_gid=5gqVcX8xO4-L8MQqKsfDJg&_nc_ss=72a8c&oh=00_Af89Q9taVZ-AE9PcZR6LDvpVmDgaaeYnOhi09o6WLv0baA&oe=6A2B433C","https://www.instagram.com/p/DYI_-XTFvCL/"
"18106239742985962","Igris the king","2026-05-31T15:37:05.000Z","ig_saaad007","https://scontent-dfw6-1.cdninstagram.com/v/t51.82787-19/709024306_18463248346111126_3688941922650153404_n.jpg?stp=dst-jpg_s150x150_tt6&_nc_cat=102&ccb=7-5&_nc_sid=f7ccc5&efg=eyJ2ZW5jb2RlX3RhZyI6InByb2ZpbGVfcGljLnd3dy4xMDgwLkMzIn0%3D&_nc_ohc=7ZHVc0ZVlkYQ7kNvwHzavO9&_nc_oc=AdqLxyDlqTRW0bgHk42fAX8r6JMTn71Yysb333fVKBEab-aVE8wN5QlYNcq8BYevESM&_nc_zt=24&_nc_ht=scontent-dfw6-1.cdninstagram.com&_nc_gid=5gqVcX8xO4-L8MQqKsfDJg&_nc_ss=72a8c&oh=00_Af-NwuYSsgpcvsGba8Kqr77AZA-5MP1znwEuSpZ_FJ1WTA&oe=6A2B1B08","https://www.instagram.com/p/DYI_-XTFvCL/"
"18099011396471993","Good  jinwoo 🔥🔥🔥🔥🔥🔥👏🥰🥰🥰","2026-05-31T10:49:43.000Z","alswlgh456","https://scontent-dfw5-1.cdninstagram.com/v/t51.82787-19/658810202_18102143483003288_2226182005423263789_n.jpg?stp=dst-jpg_s150x150_tt6&_nc_cat=105&ccb=7-5&_nc_sid=f7ccc5&efg=eyJ2ZW5jb2RlX3RhZyI6InByb2ZpbGVfcGljLnd3dy4xMDgwLkMzIn0%3D&_nc_ohc=RDJc2frth0cQ7kNvwHG026Z&_nc_oc=Adr6Ht4QT6Q7ov4Ub7icPkGKfWzQdSIaRqOMqegNINMyGqG12iIACDNJtM9eGU60Z-M&_nc_zt=24&_nc_ht=scontent-dfw5-1.cdninstagram.com&_nc_gid=5gqVcX8xO4-L8MQqKsfDJg&_nc_ss=72a8c&oh=00_Af_gH-quFNiN6JdA6dz3fi8f2EbhUH94l6apWTlv358KOA&oe=6A2B4387","https://www.instagram.com/p/DYI_-XTFvCL/"
"18120203635690696","Bellion hasn't arrived yet","2026-05-31T05:29:48.000Z","dee_1.01","https://scontent-dfw5-1.cdninstagram.com/v/t51.75761-19/491468277_18410258653103892_3830939511774841400_n.jpg?stp=dst-jpg_s150x150_tt6&_nc_cat=110&ccb=7-5&_nc_sid=f7ccc5&efg=eyJ2ZW5jb2RlX3RhZyI6InByb2ZpbGVfcGljLnd3dy4xMDgwLkMzIn0%3D&_nc_ohc=r_vtI1A6-FcQ7kNvwHwPWOA&_nc_oc=AdqDjxRxrBbSBtQuJiWeCIwMDT3icjb29B7pQGnwS6k7IQ5v8e0oyGcZahXEQ7jebkE&_nc_zt=24&_nc_ht=scontent-dfw5-1.cdninstagram.com&_nc_gid=5gqVcX8xO4-L8MQqKsfDJg&_nc_ss=72a8c&oh=00_Af8TOlQI0mlISs0MbUoMPWJyE5ahuv3-uGCsfft5xkrzVA&oe=6A2B1BF8","https://www.instagram.com/p/DYI_-XTFvCL/"
"17928850167338174","😍","2026-05-31T05:06:32.000Z","harsh_johal_4322","https://scontent-dfw6-1.cdninstagram.com/v/t51.89012-19/573323465_1219825463302212_7278921664109726296_n.jpg?stp=dst-jpg_s150x150_tt6&_nc_cat=1&ccb=7-5&_nc_sid=f7ccc5&efg=eyJ2ZW5jb2RlX3RhZyI6InByb2ZpbGVfcGljLnd3dy5DMyJ9&_nc_ohc=YQQEIw1CjK0Q7kNvwHmGS-3&_nc_oc=Adpv6MjwD0epJjyMmIv3F862ydkLWA2qw-szATPQuaN6KkH7J164idDp4IGxMTJDZu8&_nc_zt=24&_nc_ht=scontent-dfw6-1.cdninstagram.com&_nc_gid=5gqVcX8xO4-L8MQqKsfDJg&_nc_ss=72a8c&oh=00_Af8xkceFPI4raDeZlu-6-xzRvTE1rGghqJ6_XnuIMgEGuw&oe=6A2B22A2","https://www.instagram.com/p/DYI_-XTFvCL/"
"18065773754438155","Хочешь двигаться быстро -двигайся в одиночку...","2026-05-31T04:26:37.000Z","ivantsygankov18","https://scontent-dfw5-1.cdninstagram.com/v/t51.2885-19/239610646_583465812831939_4819713616599352058_n.jpg?stp=dst-jpg_s150x150_tt6&_nc_cat=109&ccb=7-5&_nc_sid=f7ccc5&efg=eyJ2ZW5jb2RlX3RhZyI6InByb2ZpbGVfcGljLnd3dy45NTAuQzMifQ%3D%3D&_nc_ohc=9YtiAOBIYv0Q7kNvwGHIBn2&_nc_oc=AdqUy4W9aTVWENJ0S0wvAoqM50Ju2Dg1tb-MbGmxiTRo2rmIyNGvuoNR8CgtgZ3EW7U&_nc_zt=24&_nc_ht=scontent-dfw5-1.cdninstagram.com&_nc_ss=72a8c&oh=00_Af9W9xsQUEBJUHnQnTyVEG_BgqM-oq7cbuydFC_199F8lg&oe=6A2B2F1C","https://www.instagram.com/p/DYI_-XTFvCL/"
"17851423926696459","👏","2026-05-31T02:57:59.000Z","fazal__khannn__","https://scontent-dfw5-1.cdninstagram.com/v/t51.82787-19/687529280_17997826187942159_6862335468074263819_n.jpg?stp=dst-jpg_s150x150_tt6&_nc_cat=110&ccb=7-5&_nc_sid=f7ccc5&efg=eyJ2ZW5jb2RlX3RhZyI6InByb2ZpbGVfcGljLnd3dy4xMDgwLkMzIn0%3D&_nc_ohc=llfqOb78rbUQ7kNvwGrFqlJ&_nc_oc=AdpRtM-RUWiuyz_2lhjgQRgtM2nuuoGls2sgx_DTwufm1FdCcDisHbVRfjBe2R3gdkQ&_nc_zt=24&_nc_ht=scontent-dfw5-1.cdninstagram.com&_nc_gid=5gqVcX8xO4-L8MQqKsfDJg&_nc_ss=72a8c&oh=00_Af-v-Gr1Gws3LKutp2TmzPJK0CR-35fQYPxcjrkkG5UFzQ&oe=6A2B28E5","https://www.instagram.com/p/DYI_-XTFvCL/"
"18083702015561987","Igris 😍","2026-05-31T02:46:58.000Z","bryhan_bw","https://scontent-dfw5-1.cdninstagram.com/v/t51.82787-19/709566902_17995638656950604_585052353517997899_n.jpg?stp=dst-jpg_s150x150_tt6&_nc_cat=110&ccb=7-5&_nc_sid=f7ccc5&efg=eyJ2ZW5jb2RlX3RhZyI6InByb2ZpbGVfcGljLnd3dy4xMDgwLkMzIn0%3D&_nc_ohc=j1JJLCHlVzIQ7kNvwFk5oVV&_nc_oc=AdqJTRZqJuNWg2eFsBmxOCZghcFGeh08A2Nw_A3a7siA4DgRpcJdjiGmfSQt-mzCiRg&_nc_zt=24&_nc_ht=scontent-dfw5-1.cdninstagram.com&_nc_gid=5gqVcX8xO4-L8MQqKsfDJg&_nc_ss=72a8c&oh=00_Af8zRadaJw35Tr3vwnPSbZDVXFGKF9GmBaOpDf6Q_zadaQ&oe=6A2B2F5C","https://www.instagram.com/p/DYI_-XTFvCL/"
"18010313252913402","STUNNING ARTWORK 👏👏👏👏","2026-05-30T18:49:11.000Z","leslieannemusic","https://scontent-dfw5-2.cdninstagram.com/v/t51.82787-19/574400605_18069901535524608_81528958529282240_n.jpg?stp=dst-jpg_s150x150_tt6&_nc_cat=107&ccb=7-5&_nc_sid=f7ccc5&efg=eyJ2ZW5jb2RlX3RhZyI6InByb2ZpbGVfcGljLnd3dy4xMDgwLkMzIn0%3D&_nc_ohc=2ak81VnIaIIQ7kNvwEMkAHx&_nc_oc=Adqh2brLgBS7AZ-lW_uHgd43hSQq3f-HuE69AwXkJzH0XjgEIeextS_zdSUy4yVg9Fc&_nc_zt=24&_nc_ht=scontent-dfw5-2.cdninstagram.com&_nc_gid=5gqVcX8xO4-L8MQqKsfDJg&_nc_ss=72a8c&oh=00_Af_uwDQgwkbK6sF1K6bHTY9ZiaZrmo9AtDw9NNzA_MrSRw&oe=6A2B429F","https://www.instagram.com/p/DYI_-XTFvCL/"
"18068164829691832","😍😍😍😍😍😍😍🔥🙌❤️","2026-05-30T16:48:05.000Z","its._pravin_777","https://scontent-dfw5-1.cdninstagram.com/v/t51.82787-19/625172598_18077570543366017_940568063604103706_n.jpg?stp=dst-jpg_s150x150_tt6&_nc_cat=110&ccb=7-5&_nc_sid=f7ccc5&efg=eyJ2ZW5jb2RlX3RhZyI6InByb2ZpbGVfcGljLnd3dy4xMDgwLkMzIn0%3D&_nc_ohc=EK1auzURyIcQ7kNvwGDujmu&_nc_oc=Ado1E5pJS4QeXGJvHEsV6OuJ9liTreYUiCtFgrLk9ygafupmWj0_AA1kIvUlAVtD1hs&_nc_zt=24&_nc_ht=scontent-dfw5-1.cdninstagram.com&_nc_gid=5gqVcX8xO4-L8MQqKsfDJg&_nc_ss=72a8c&oh=00_Af9Go7Btg5D-_fpPDeH_7FZBbhv3JD6y-BOfT4wN-7gNOQ&oe=6A2B4D04","https://www.instagram.com/p/DYI_-XTFvCL/"
"17940817899209232","🔥🔥🔥🔥🔥","2026-05-30T15:37:27.000Z","herman_garcia_h","https://scontent-dfw5-1.cdninstagram.com/v/t51.82787-19/627696038_18013702268820667_6852680219111177724_n.jpg?stp=dst-jpg_s150x150_tt6&_nc_cat=110&ccb=7-5&_nc_sid=f7ccc5&efg=eyJ2ZW5jb2RlX3RhZyI6InByb2ZpbGVfcGljLnd3dy4xMDgwLkMzIn0%3D&_nc_ohc=X2Db7Khmk6IQ7kNvwE7u8SI&_nc_oc=Adrd7X2ZL-E0NALARJ9CUDTqXn5mn4KZSXl2_JoltShMrdFr6_pQhGKDOXPlN6_9mw8&_nc_zt=24&_nc_ht=scontent-dfw5-1.cdninstagram.com&_nc_gid=5gqVcX8xO4-L8MQqKsfDJg&_nc_ss=72a8c&oh=00_Af84Rot-22yfY47dZ_umhJzvVVU8GEIThUtRYxYIiDoe9Q&oe=6A2B4427","https://www.instagram.com/p/DYI_-XTFvCL/"
"18425940463121987","🔥","2026-05-27T11:18:52.000Z","joseantoniorosaleiro","https://scontent-iad6-1.cdninstagram.com/v/t51.82787-19/696540806_18451502662115930_1407656995492871070_n.jpg?stp=dst-jpg_s150x150_tt6&_nc_cat=106&ccb=7-5&_nc_sid=f7ccc5&efg=eyJ2ZW5jb2RlX3RhZyI6InByb2ZpbGVfcGljLnd3dy4xMDgwLkMzIn0%3D&_nc_ohc=diSdyZZb3RQQ7kNvwFWu18H&_nc_oc=Adoq0Ow8mAEDUEbeHSxL9yB56Q_EDFl8WAGuK6w1tPvFtvwJENJQ11GsNUBA72-aTU8&_nc_zt=24&_nc_ht=scontent-iad6-1.cdninstagram.com&_nc_gid=ovm1FHC6dxzDN8-LjuYG4Q&_nc_ss=7ca8c&oh=00_Af-Os6UKLkECttQTZpzbLLUQi9MimH3UWpXnbAIb0ygPtQ&oe=6A2B3B98","https://www.instagram.com/p/DYDvfaACHfu/"
"18266261842288740","👏👏👏❤️❤️❤️❤️❤️💫💫💫💫✨💯💯💯💯💯","2026-05-26T22:00:37.000Z","aliciaelsa57","https://scontent-iad3-1.cdninstagram.com/v/t51.2885-19/67094691_463213310923195_7437875035789852672_n.jpg?stp=dst-jpg_s150x150_tt6&_nc_cat=104&ccb=7-5&_nc_sid=f7ccc5&efg=eyJ2ZW5jb2RlX3RhZyI6InByb2ZpbGVfcGljLnd3dy4xMDgwLkMzIn0%3D&_nc_ohc=6PSnMpff5v8Q7kNvwHPZTVH&_nc_oc=AdoHD4kkailAcJaFymqqeEv3IvtUnx333w1BO8EHO4Z4mcDYPOam_DLssW0-9ipqpeQ&_nc_zt=24&_nc_ht=scontent-iad3-1.cdninstagram.com&_nc_ss=7ca8c&oh=00_Af9tVbFLzFF65NjMYfjf50G9IBRDzH-G6Pbx9AEiCBsrtA&oe=6A2B338D","https://www.instagram.com/p/DYDvfaACHfu/"
"18145448530508103",".","2026-05-25T18:41:05.000Z","castillo_20772","https://scontent-iad6-1.cdninstagram.com/v/t51.82787-19/552269647_17852587665542708_3463690705671552657_n.jpg?stp=dst-jpg_s150x150_tt6&_nc_cat=107&ccb=7-5&_nc_sid=f7ccc5&efg=eyJ2ZW5jb2RlX3RhZyI6InByb2ZpbGVfcGljLnd3dy4zMjAuQzMifQ%3D%3D&_nc_ohc=V7JD9eof0PwQ7kNvwFALjs_&_nc_oc=AdpWZjyjdXSWMCWpIIuF_TTnQJ7XDZW2kzLwHP-vK37Z1wDtA535E4VRqWaCbi1wh64&_nc_zt=24&_nc_ht=scontent-iad6-1.cdninstagram.com&_nc_gid=ovm1FHC6dxzDN8-LjuYG4Q&_nc_ss=7ca8c&oh=00_Af-J6Z5KGj3jUGSPe6tzVrUd5GzwtvDe2xTqXnK4XGY2vw&oe=6A2B4B46","https://www.instagram.com/p/DYDvfaACHfu/"
"18051026603524328","You can call my phone a bout picking me up","2026-05-19T17:33:53.000Z","broaddus.stephanie","https://scontent-phl2-1.cdninstagram.com/v/t51.89012-19/573323465_1219825463302212_7278921664109726296_n.jpg?stp=dst-jpg_s150x150_tt6&_nc_cat=1&ccb=7-5&_nc_sid=f7ccc5&efg=eyJ2ZW5jb2RlX3RhZyI6InByb2ZpbGVfcGljLnd3dy5DMyJ9&_nc_ohc=YQQEIw1CjK0Q7kNvwHjyWca&_nc_oc=AdrAfFJOAUhLTWxe-rfHDr5YR3UX1QEyXNFqosa1oQr5Unis86N0Xmpuu2BOHS4RKzc&_nc_zt=24&_nc_ht=scontent-phl2-1.cdninstagram.com&_nc_gid=ovm1FHC6dxzDN8-LjuYG4Q&_nc_ss=7ca8c&oh=00_Af_sx08aWmqTj8iq_dITuZnFitFG5jhPjQMZss2jye_S5Q&oe=6A2B22A2","https://www.instagram.com/p/DYDvfaACHfu/"
"18062771297438287","Espectacular 👌🌖❤️ gracias 🙏☺️😍","2026-05-18T23:06:40.000Z","yoly538","https://scontent-iad6-1.cdninstagram.com/v/t51.82787-19/689703385_18578572078025590_6152209917878226596_n.jpg?stp=dst-jpg_s150x150_tt6&_nc_cat=109&ccb=7-5&_nc_sid=f7ccc5&efg=eyJ2ZW5jb2RlX3RhZyI6InByb2ZpbGVfcGljLnd3dy4xMDgwLkMzIn0%3D&_nc_ohc=kJ6TudV2LJAQ7kNvwHqqxlM&_nc_oc=AdqTmG6UjN5uyMXts5e40Jp7FNyUJRthPqykOOH4hWVMl7IJELBIkReqHZtAeAKxUI0&_nc_zt=24&_nc_ht=scontent-iad6-1.cdninstagram.com&_nc_gid=ovm1FHC6dxzDN8-LjuYG4Q&_nc_ss=7ca8c&oh=00_Af90MHwMNcy5aHHtkYBNU8MjWW_kVuTkXDo-lHs4M0Rdvw&oe=6A2B3FB2","https://www.instagram.com/p/DYDvfaACHfu/"
"18200942026347473","😘😘🫂🫂🌹🌹❤️❤️💫🙏🙏💪🙌☕️🫖🎵💟que belleza de luna con el arcoiris iluminando  el mar y el vuelo del pajaro. Es majestuoso magnífico me encanta con la melodía que acompaña es fantástica  GRACIAS  PARA ESTA LINDA NOCHE DE BUENOS AIRES OTOÑAL VIENE FANTASTICA. ES PARA UN CUADRO Y PARA ESCRIBIR UN POEMA COLORES DE NOCHE DE LUNA DE AMOR","2026-05-18T22:54:38.000Z","attibett","https://scontent-iad6-1.cdninstagram.com/v/t51.2885-19/393131457_265563705954048_8366229857635530390_n.jpg?stp=dst-jpg_s150x150_tt6&_nc_cat=106&ccb=7-5&_nc_sid=f7ccc5&efg=eyJ2ZW5jb2RlX3RhZyI6InByb2ZpbGVfcGljLnd3dy4xMDgwLkMzIn0%3D&_nc_ohc=imLrRagdcOgQ7kNvwHRBly_&_nc_oc=AdpznjTFtqciUgIVrkEPjrr6ZPnWV5fhbNNQViOD46CzTwJiQd7Q3fBzpQvLSFl2kHU&_nc_zt=24&_nc_ht=scontent-iad6-1.cdninstagram.com&_nc_ss=7ca8c&oh=00_Af8vyA7T7SO0YFZPYaWDXFGESNElPaLtBX-DfLtoLqvBeQ&oe=6A2B3B81","https://www.instagram.com/p/DYDvfaACHfu/"
"18089031071612184","Gute Nacht! Schlaf gut mein Schatz 🥰","2026-05-17T20:15:45.000Z","anna107814","https://scontent-iad3-1.cdninstagram.com/v/t51.82787-19/571676884_17844149265599080_4802770621358167273_n.jpg?stp=dst-jpg_s150x150_tt6&_nc_cat=104&ccb=7-5&_nc_sid=f7ccc5&efg=eyJ2ZW5jb2RlX3RhZyI6InByb2ZpbGVfcGljLnd3dy4zMjAuQzMifQ%3D%3D&_nc_ohc=alydXR-78vQQ7kNvwECJ-Iu&_nc_oc=Adq_2erQdBxU51N0r2fsBmvy5p8HpcqiRWnZ3fxqLRNDy13MqB_jdIsHIGyh2nJSpFA&_nc_zt=24&_nc_ht=scontent-iad3-1.cdninstagram.com&_nc_gid=ovm1FHC6dxzDN8-LjuYG4Q&_nc_ss=7ca8c&oh=00_Af9KzhMKgA5UJnhe--wqaUDskrRrF1ixWdqGBxfJH3hhtQ&oe=6A2B3C92","https://www.instagram.com/p/DYDvfaACHfu/"
"17986799636810762","Traumhafte Aufnahmen 😍❤️😍👏👏👏","2026-05-17T19:24:59.000Z","freche.hexe31","https://scontent-iad3-2.cdninstagram.com/v/t51.82787-19/549717218_17844569211572124_2017931453083566077_n.jpg?stp=dst-jpg_s150x150_tt6&_nc_cat=111&ccb=7-5&_nc_sid=f7ccc5&efg=eyJ2ZW5jb2RlX3RhZyI6InByb2ZpbGVfcGljLnd3dy4xMDgwLkMzIn0%3D&_nc_ohc=C2eEcti53ncQ7kNvwHXXa88&_nc_oc=Adq8GnwOcyq2cSgZktx7PBB6V3KTc7MvbcNbYvy_rRkzhTjKn4Fjoc_BUuqypii24Ik&_nc_zt=24&_nc_ht=scontent-iad3-2.cdninstagram.com&_nc_gid=ovm1FHC6dxzDN8-LjuYG4Q&_nc_ss=7ca8c&oh=00_Af-fsT26PO5DJqabKkcEgB-Hz9WiuIyNZrcG_XSLp_d9Vg&oe=6A2B1D5F","https://www.instagram.com/p/DYDvfaACHfu/"
"18419450608131704","❤️❤️","2026-05-16T12:17:22.000Z","sandra.jimenezperez.906","https://scontent-iad3-1.cdninstagram.com/v/t51.82787-19/708178991_18590189596050293_576678346393211766_n.jpg?stp=dst-jpg_s150x150_tt6&_nc_cat=101&ccb=7-5&_nc_sid=f7ccc5&efg=eyJ2ZW5jb2RlX3RhZyI6InByb2ZpbGVfcGljLnd3dy4xMDgwLkMzIn0%3D&_nc_ohc=8vXEXXWsD2sQ7kNvwENkO7T&_nc_oc=Adr4LQ8rXb271sT-zlgaIH-Ifb6GSAcwVBYMZZxICIkroXPsaUBeZoQ9X3bCmk5uyGw&_nc_zt=24&_nc_ht=scontent-iad3-1.cdninstagram.com&_nc_gid=ovm1FHC6dxzDN8-LjuYG4Q&_nc_ss=7ca8c&oh=00_Af9yi0KVHei7YTU8VwIv5Sn92cFvYnbuA2KL63a1TIg3bw&oe=6A2B3242","https://www.instagram.com/p/DYDvfaACHfu/"
"17887594758517068","Beautiful😍🥰💖🙏💕🌷🦋🪷🌈🧘🏼‍♀️☮️🕊🐝❤️❤️❤️","2026-05-16T05:33:47.000Z","saraffix","https://scontent-iad3-1.cdninstagram.com/v/t51.75761-19/500633516_17962734707920515_8630823736291586943_n.jpg?stp=dst-jpg_s150x150_tt6&_nc_cat=104&ccb=7-5&_nc_sid=f7ccc5&efg=eyJ2ZW5jb2RlX3RhZyI6InByb2ZpbGVfcGljLnd3dy4xMDgwLkMzIn0%3D&_nc_ohc=pW7lHhLmPQoQ7kNvwFRL_4v&_nc_oc=Adpon54mxgLD9RikNryNOpHxiOfY5J2wi-LvSpS9VMbApazxCMy7CPwVDbW2_62B9ZQ&_nc_zt=24&_nc_ht=scontent-iad3-1.cdninstagram.com&_nc_gid=ovm1FHC6dxzDN8-LjuYG4Q&_nc_ss=7ca8c&oh=00_Af9LdeqARTaxiNS3OiU0eWnLS_uGGB9zqKY5kAS5VwTP6Q&oe=6A2B3BB7","https://www.instagram.com/p/DYDvfaACHfu/"
"18104735515939907","","2026-05-16T00:36:46.000Z","o6gunnie","https://scontent-iad3-2.cdninstagram.com/v/t51.82787-19/687264454_17936342319216708_7608635978451675063_n.jpg?stp=dst-jpg_s150x150_tt6&_nc_cat=105&ccb=7-5&_nc_sid=f7ccc5&efg=eyJ2ZW5jb2RlX3RhZyI6InByb2ZpbGVfcGljLnd3dy4xMDI0LkMzIn0%3D&_nc_ohc=ChU1hVdhsWUQ7kNvwE06Wk9&_nc_oc=AdoP1OEN99YdwPbCDp04gs3OgxSLP7GVXxkHRMoNIFFWGKLqGkYUMbkVK0IRBS9whnQ&_nc_zt=24&_nc_ht=scontent-iad3-2.cdninstagram.com&_nc_gid=ovm1FHC6dxzDN8-LjuYG4Q&_nc_ss=7ca8c&oh=00_Af8Xl7gukw3es5UjeCtp43uwb5nmISqyBHNiKzHikUp_1g&oe=6A2B2C54","https://www.instagram.com/p/DYDvfaACHfu/"
"18052745288572162","Cause you are natural","2026-05-15T05:10:30.000Z","sofiia_kosse_","https://scontent-iad3-1.cdninstagram.com/v/t51.82787-19/706813696_18083848487449802_329657786900354430_n.jpg?stp=dst-jpg_s150x150_tt6&_nc_cat=104&ccb=7-5&_nc_sid=f7ccc5&efg=eyJ2ZW5jb2RlX3RhZyI6InByb2ZpbGVfcGljLnd3dy4xMDgwLkMzIn0%3D&_nc_ohc=8fLGgtkv6JAQ7kNvwFsimSl&_nc_oc=AdpvYYkl-IEY-GSXkNw9AbYYPXRB_ukaJ-KPLxLEDXR41ROOCKrVRRjF4rwqmwfnVM4&_nc_zt=24&_nc_ht=scontent-iad3-1.cdninstagram.com&_nc_gid=ovm1FHC6dxzDN8-LjuYG4Q&_nc_ss=7ca8c&oh=00_Af-S2w-n_qlIrt06ohX8YiZAZHP5tZMxFJKhhCf_XWvB4A&oe=6A2B28E3","https://www.instagram.com/p/DYDvfaACHfu/"
"18015763655844968","😍","2026-05-15T03:34:40.000Z","svetakuznetsovacy","https://scontent-iad3-1.cdninstagram.com/v/t51.82787-19/630147089_18051038789495276_3105980684729927906_n.jpg?stp=dst-jpg_s150x150_tt6&_nc_cat=101&ccb=7-5&_nc_sid=f7ccc5&efg=eyJ2ZW5jb2RlX3RhZyI6InByb2ZpbGVfcGljLnd3dy4xMDI0LkMzIn0%3D&_nc_ohc=cGhxBLlutQEQ7kNvwFmLhl4&_nc_oc=AdqGzKCYYH7Z0eiUlcrQaSuUSQ1iWbwpqYZlpBjh1gG9mwllJtgsDjAP5Fo5SL6QbWk&_nc_zt=24&_nc_ht=scontent-iad3-1.cdninstagram.com&_nc_gid=ovm1FHC6dxzDN8-LjuYG4Q&_nc_ss=7ca8c&oh=00_Af8vInv_wArVdN-VxGX4Pi5NAq3tvKT9o80QX_gogH3O_w&oe=6A2B2739","https://www.instagram.com/p/DYDvfaACHfu/"
"18123307024651147","Beautiful 🌈","2026-05-14T10:55:09.000Z","newfuturefrequency1111","https://scontent-iad3-1.cdninstagram.com/v/t51.82787-19/655970951_18042134513564430_4677793801293378966_n.jpg?stp=dst-jpg_s150x150_tt6&_nc_cat=101&ccb=7-5&_nc_sid=f7ccc5&efg=eyJ2ZW5jb2RlX3RhZyI6InByb2ZpbGVfcGljLnd3dy4xMDgwLkMzIn0%3D&_nc_ohc=B2syHPxOhYMQ7kNvwFCEIbC&_nc_oc=Adqy3PTf3h-GYoWebG36UYd0NJj9EcnTZKWbIM12YmRM55mK_u9vFYlLgi8iWcZS6dI&_nc_zt=24&_nc_ht=scontent-iad3-1.cdninstagram.com&_nc_gid=ovm1FHC6dxzDN8-LjuYG4Q&_nc_ss=7ca8c&oh=00_Af9DXfrNSL2RfwIWHvn5_pAANrAu_0rKau1y2jQklxM4uA&oe=6A2B22F8","https://www.instagram.com/p/DYDvfaACHfu/"
"18101779573826358","Beatiful","2026-05-13T14:37:31.000Z","albinaarwen","https://scontent-iad3-1.cdninstagram.com/v/t51.82787-19/656048409_18570338455004125_7142779614060157494_n.jpg?stp=dst-jpg_s150x150_tt6&_nc_cat=110&ccb=7-5&_nc_sid=f7ccc5&efg=eyJ2ZW5jb2RlX3RhZyI6InByb2ZpbGVfcGljLnd3dy43MjAuQzMifQ%3D%3D&_nc_ohc=Mrf0OsTxtnsQ7kNvwFwHGJf&_nc_oc=Adp_sx-eHzzwC2MfZh5h6hK4ArmutSUmcCpx68xiaMlKG_JPzpqIQQKfUwAUc2o2PHY&_nc_zt=24&_nc_ht=scontent-iad3-1.cdninstagram.com&_nc_gid=ovm1FHC6dxzDN8-LjuYG4Q&_nc_ss=7ca8c&oh=00_Af_zHQaSqFDHput7gsYoQrgObTFgWhZBGJ6CVzzLWG13mQ&oe=6A2B4246","https://www.instagram.com/p/DYDvfaACHfu/"
"18085579646123493","<.●.>","2026-06-07T11:17:06.000Z","e_m_r_a_n_2500","https://scontent-lax7-1.cdninstagram.com/v/t51.82787-19/717129274_18089375495580756_4944791940746163168_n.jpg?stp=dst-jpg_s150x150_tt6&_nc_cat=105&ccb=7-5&_nc_sid=f7ccc5&efg=eyJ2ZW5jb2RlX3RhZyI6InByb2ZpbGVfcGljLnd3dy4xMDgwLkMzIn0%3D&_nc_ohc=uzLBNPqGWkAQ7kNvwGOaTpU&_nc_oc=AdqQ7c7p3UudAcaRv1XaVrl38BeIEC6UY7MzMyRYPNaLrzwXlR0Jv2fFZFu1BXGMuzU&_nc_zt=24&_nc_ht=scontent-lax7-1.cdninstagram.com&_nc_gid=AwTYioXHGZxXFRjAi_SghQ&_nc_ss=7ba8c&oh=00_Af9yVtN98dTpHAXD1jB_9vpuM5iGRGJ4zugv-_yycTvtDA&oe=6A2B4D85","https://www.instagram.com/p/DZRf2cjCF6Z/"
"18378226447200409","🩷🩷😁💚💚","2026-06-07T11:08:54.000Z","dixonhurmowth69","https://scontent-lax3-2.cdninstagram.com/v/t51.82787-19/670599581_17865631140670436_5034474840492818852_n.jpg?stp=dst-jpg_s150x150_tt6&_nc_cat=103&ccb=7-5&_nc_sid=f7ccc5&efg=eyJ2ZW5jb2RlX3RhZyI6InByb2ZpbGVfcGljLnd3dy44MzUuQzMifQ%3D%3D&_nc_ohc=GLmd56asjvMQ7kNvwGnk73b&_nc_oc=AdrV6_2jnJZVLxejLc0HYwg80hCyXSGFuQ8tNory0Gd6hi6fY9IOsKFVjo_9hg2blOc&_nc_zt=24&_nc_ht=scontent-lax3-2.cdninstagram.com&_nc_gid=AwTYioXHGZxXFRjAi_SghQ&_nc_ss=7ba8c&oh=00_Af-Y4gDCQ7Qvl7Is5OcpdF3GLswfIiYvC6sK3IuDyV1BEg&oe=6A2B30C1","https://www.instagram.com/p/DZRf2cjCF6Z/"
"18102009332107228","Wunderschönes Set ❤️❤️ wieder so magisch mit den Runen und die Verbundenheit zwischen Mensch und Wolf 👏🐺","2026-06-07T10:41:36.000Z","j.ki.art","https://scontent-lax3-1.cdninstagram.com/v/t51.82787-19/673007043_17867116398668533_2814122507216929218_n.jpg?stp=dst-jpg_s150x150_tt6&_nc_cat=110&ccb=7-5&_nc_sid=f7ccc5&efg=eyJ2ZW5jb2RlX3RhZyI6InByb2ZpbGVfcGljLnd3dy4xMDgwLkMzIn0%3D&_nc_ohc=jtSyIHGtBo0Q7kNvwFahCjj&_nc_oc=AdqGxSPdTxe9MNArn8JaFPgHPd-UxXPSi7g3aPd6nu1YsLrU6VvbYnAXCOwwTUCLr1E&_nc_zt=24&_nc_ht=scontent-lax3-1.cdninstagram.com&_nc_gid=AwTYioXHGZxXFRjAi_SghQ&_nc_ss=7ba8c&oh=00_Af_KEWhTll_d-ySW4c13k89myEoT5WVFwheT6pvqD7q72g&oe=6A2B47B9","https://www.instagram.com/p/DZRf2cjCF6Z/"
"18016220801894940","Just so stunning a bit special all right 💜💫💜❤️💙💙💜","2026-06-07T10:12:25.000Z","richardhill147","https://scontent-lax3-1.cdninstagram.com/v/t51.75761-19/495365066_18061330829030153_8439301809347690644_n.jpg?stp=dst-jpg_s150x150_tt6&_nc_cat=109&ccb=7-5&_nc_sid=f7ccc5&efg=eyJ2ZW5jb2RlX3RhZyI6InByb2ZpbGVfcGljLnd3dy4xMDI0LkMzIn0%3D&_nc_ohc=EB1hyOPepoUQ7kNvwEz0Vqj&_nc_oc=AdocuTynMjxa9i3lihFsTbLDnalorvK_iPwCGmLXFBp3krwkUwWp8rKVGrMZGawTc94&_nc_zt=24&_nc_ht=scontent-lax3-1.cdninstagram.com&_nc_gid=AwTYioXHGZxXFRjAi_SghQ&_nc_ss=7ba8c&oh=00_Af8z103Ofag3nJ0ADflkoqPWmhRyAzJvScz2iAeWDjBqfw&oe=6A2B338A","https://www.instagram.com/p/DZRf2cjCF6Z/"
"18097331672178821","Amazing 😍😍😍","2026-06-07T09:42:56.000Z","drawing_and_dreaming_aiart","https://scontent-lax3-2.cdninstagram.com/v/t51.82787-19/532194736_17861244630460402_282553005458266779_n.jpg?stp=dst-jpg_s150x150_tt6&_nc_cat=111&ccb=7-5&_nc_sid=f7ccc5&efg=eyJ2ZW5jb2RlX3RhZyI6InByb2ZpbGVfcGljLnd3dy4xMDgwLkMzIn0%3D&_nc_ohc=cmCMrrUWqDEQ7kNvwEeAbAC&_nc_oc=AdroFLZpa6u4l3WJkvCVSTCK7CFHdEK3sgn_2Mr0Ghn0T5asNP4itye79jvGTGncCkk&_nc_zt=24&_nc_ht=scontent-lax3-2.cdninstagram.com&_nc_gid=AwTYioXHGZxXFRjAi_SghQ&_nc_ss=7ba8c&oh=00_Af-1Xs7cSySwvrf_EuQRckTmjBDGgd4I8BA2c2PiFjvcmw&oe=6A2B23D6","https://www.instagram.com/p/DZRf2cjCF6Z/"
"18100697162106009","👏👏","2026-06-07T09:42:25.000Z","stella.ai.vip","https://scontent-lax7-1.cdninstagram.com/v/t51.82787-19/703001399_17873316822610467_8444388263682715456_n.jpg?stp=dst-jpg_s150x150_tt6&_nc_cat=105&ccb=7-5&_nc_sid=f7ccc5&efg=eyJ2ZW5jb2RlX3RhZyI6InByb2ZpbGVfcGljLnd3dy4xMDgwLkMzIn0%3D&_nc_ohc=ejADAqGIL3gQ7kNvwGQgGAa&_nc_oc=AdrToxFWvy-9x4GMrWkrKt2YHURq1CCm7KgDYqrBM2PWAUBuQBPjZL7Mgy0nOTNYgQ0&_nc_zt=24&_nc_ht=scontent-lax7-1.cdninstagram.com&_nc_gid=AwTYioXHGZxXFRjAi_SghQ&_nc_ss=7ba8c&oh=00_Af82gyj6FbCVi2TRbkuebuvuF1gbtO8lAf6vrk_Yh_lFlg&oe=6A2B2B8F","https://www.instagram.com/p/DZRf2cjCF6Z/"
"18442084021141628","🔥🔥🔥","2026-06-07T09:42:23.000Z","stella.ai.vip","https://scontent-lax7-1.cdninstagram.com/v/t51.82787-19/703001399_17873316822610467_8444388263682715456_n.jpg?stp=dst-jpg_s150x150_tt6&_nc_cat=105&ccb=7-5&_nc_sid=f7ccc5&efg=eyJ2ZW5jb2RlX3RhZyI6InByb2ZpbGVfcGljLnd3dy4xMDgwLkMzIn0%3D&_nc_ohc=ejADAqGIL3gQ7kNvwGQgGAa&_nc_oc=AdrToxFWvy-9x4GMrWkrKt2YHURq1CCm7KgDYqrBM2PWAUBuQBPjZL7Mgy0nOTNYgQ0&_nc_zt=24&_nc_ht=scontent-lax7-1.cdninstagram.com&_nc_gid=AwTYioXHGZxXFRjAi_SghQ&_nc_ss=7ba8c&oh=00_Af82gyj6FbCVi2TRbkuebuvuF1gbtO8lAf6vrk_Yh_lFlg&oe=6A2B2B8F","https://www.instagram.com/p/DZRf2cjCF6Z/"
"17971653030100852","😍😍","2026-06-07T09:42:22.000Z","stella.ai.vip","https://scontent-lax7-1.cdninstagram.com/v/t51.82787-19/703001399_17873316822610467_8444388263682715456_n.jpg?stp=dst-jpg_s150x150_tt6&_nc_cat=105&ccb=7-5&_nc_sid=f7ccc5&efg=eyJ2ZW5jb2RlX3RhZyI6InByb2ZpbGVfcGljLnd3dy4xMDgwLkMzIn0%3D&_nc_ohc=ejADAqGIL3gQ7kNvwGQgGAa&_nc_oc=AdrToxFWvy-9x4GMrWkrKt2YHURq1CCm7KgDYqrBM2PWAUBuQBPjZL7Mgy0nOTNYgQ0&_nc_zt=24&_nc_ht=scontent-lax7-1.cdninstagram.com&_nc_gid=AwTYioXHGZxXFRjAi_SghQ&_nc_ss=7ba8c&oh=00_Af82gyj6FbCVi2TRbkuebuvuF1gbtO8lAf6vrk_Yh_lFlg&oe=6A2B2B8F","https://www.instagram.com/p/DZRf2cjCF6Z/"
"18095320880195294","💙💙💙","2026-06-07T09:16:02.000Z","kanga_creation","https://scontent-lax3-2.cdninstagram.com/v/t51.82787-19/698621657_17870776020673947_7286770678630778209_n.jpg?stp=dst-jpg_s150x150_tt6&_nc_cat=111&ccb=7-5&_nc_sid=f7ccc5&efg=eyJ2ZW5jb2RlX3RhZyI6InByb2ZpbGVfcGljLnd3dy4xMDgwLkMzIn0%3D&_nc_ohc=0HDOuGgk3GIQ7kNvwGUfwZm&_nc_oc=Ado3fVOyHuVNnIfoKt71CBCnBgZ9GR8kj2acdyjSbX0wAq4lhGoCh4ui7syh5OGIdeo&_nc_zt=24&_nc_ht=scontent-lax3-2.cdninstagram.com&_nc_gid=AwTYioXHGZxXFRjAi_SghQ&_nc_ss=7ba8c&oh=00_Af_nM1I6qol8so-91o3WuajuZvP6DnOpBaPRQNvY-9dNSA&oe=6A2B1CA8","https://www.instagram.com/p/DZRf2cjCF6Z/"
"18135241594562717","👏👏👏👏","2026-06-07T09:01:24.000Z","glow_dancevibex","https://scontent-lax7-1.cdninstagram.com/v/t51.82787-19/612137023_17851086990611812_2604986822409021086_n.jpg?stp=dst-jpg_s150x150_tt6&_nc_cat=105&ccb=7-5&_nc_sid=f7ccc5&efg=eyJ2ZW5jb2RlX3RhZyI6InByb2ZpbGVfcGljLnd3dy4xMDgwLkMzIn0%3D&_nc_ohc=YIBZkxmbT8AQ7kNvwHxQxPQ&_nc_oc=AdoRSBF0UMVn7tjFD71IOnHnBIydEe1c6bsZhLeMefG1fQMReN1Ba9pbhsvo9T1MjVE&_nc_zt=24&_nc_ht=scontent-lax7-1.cdninstagram.com&_nc_gid=AwTYioXHGZxXFRjAi_SghQ&_nc_ss=7ba8c&oh=00_Af8M_v3PQCQh0vrRtXK3DJEjGubftPXuoFHfwh058fb1cw&oe=6A2B32C8","https://www.instagram.com/p/DZRf2cjCF6Z/"
"18222536473316688","Fantastic 😍😍","2026-06-07T09:01:22.000Z","glow_dancevibex","https://scontent-lax7-1.cdninstagram.com/v/t51.82787-19/612137023_17851086990611812_2604986822409021086_n.jpg?stp=dst-jpg_s150x150_tt6&_nc_cat=105&ccb=7-5&_nc_sid=f7ccc5&efg=eyJ2ZW5jb2RlX3RhZyI6InByb2ZpbGVfcGljLnd3dy4xMDgwLkMzIn0%3D&_nc_ohc=YIBZkxmbT8AQ7kNvwHxQxPQ&_nc_oc=AdoRSBF0UMVn7tjFD71IOnHnBIydEe1c6bsZhLeMefG1fQMReN1Ba9pbhsvo9T1MjVE&_nc_zt=24&_nc_ht=scontent-lax7-1.cdninstagram.com&_nc_gid=AwTYioXHGZxXFRjAi_SghQ&_nc_ss=7ba8c&oh=00_Af8M_v3PQCQh0vrRtXK3DJEjGubftPXuoFHfwh058fb1cw&oe=6A2B32C8","https://www.instagram.com/p/DZRf2cjCF6Z/"
"18018755183685962","🔥🔥🔥🔥🔥","2026-06-07T08:24:42.000Z","ahelalsaber","https://scontent-lax3-2.cdninstagram.com/v/t51.82787-19/537288631_18009590507787012_8533570169284633612_n.jpg?stp=dst-jpg_s150x150_tt6&_nc_cat=106&ccb=7-5&_nc_sid=f7ccc5&efg=eyJ2ZW5jb2RlX3RhZyI6InByb2ZpbGVfcGljLnd3dy45ODcuQzMifQ%3D%3D&_nc_ohc=DI1zRjxqJ6gQ7kNvwEOhCJd&_nc_oc=AdqG0LPbLNkhwSR2jCMX4Mk0b__eknfKQEWm0uRb8EMoh1XtgZRWeG5jseur_M9x9QY&_nc_zt=24&_nc_ht=scontent-lax3-2.cdninstagram.com&_nc_gid=AwTYioXHGZxXFRjAi_SghQ&_nc_ss=7ba8c&oh=00_Af9Fh8hO9PRI6IcVMCiY3k7mf79_LWXMsblMH9xXKVLFFA&oe=6A2B2AE4","https://www.instagram.com/p/DZRf2cjCF6Z/"
"18133550545570928","😍🔥🔥🔥","2026-06-07T08:20:39.000Z","raccooncatshow","https://scontent-lax3-2.cdninstagram.com/v/t51.82787-19/652561174_18044989253538773_4341141196994275918_n.jpg?stp=dst-jpg_s150x150_tt6&_nc_cat=106&ccb=7-5&_nc_sid=f7ccc5&efg=eyJ2ZW5jb2RlX3RhZyI6InByb2ZpbGVfcGljLnd3dy4xMDI0LkMzIn0%3D&_nc_ohc=GdivVsMuFYsQ7kNvwHegpo3&_nc_oc=AdpaJYj5jSyZ9nZW9QMNesAVs2GJDyYdcgP8rANTRHm0nOkey46eRyjClLkZ2IZZNxc&_nc_zt=24&_nc_ht=scontent-lax3-2.cdninstagram.com&_nc_gid=AwTYioXHGZxXFRjAi_SghQ&_nc_ss=7ba8c&oh=00_Af9gi7JaJxlbwKF-6xxu71LwB_vS8DIxsR8oDaZpWo_lFQ&oe=6A2B2E81","https://www.instagram.com/p/DZRf2cjCF6Z/"
"18090118064058349","❤️❤️❤️","2026-06-07T08:10:47.000Z","m_a_r_i_art","https://scontent-lax3-1.cdninstagram.com/v/t51.82787-19/712544388_18013038899853501_9190244059954423988_n.jpg?stp=dst-jpg_s150x150_tt6&_nc_cat=108&ccb=7-5&_nc_sid=f7ccc5&efg=eyJ2ZW5jb2RlX3RhZyI6InByb2ZpbGVfcGljLnd3dy4xMDgwLkMzIn0%3D&_nc_ohc=245fA88VdBsQ7kNvwHOlDwx&_nc_oc=AdqtAyzvjQQRXJ9JF4zFTWSKeW0Y6BkUNzNoPWmRDD5IM2BdN0uvJZpVePm5v4Ff2SM&_nc_zt=24&_nc_ht=scontent-lax3-1.cdninstagram.com&_nc_gid=AwTYioXHGZxXFRjAi_SghQ&_nc_ss=7ba8c&oh=00_Af8cwNYuamokTCYeZpw2vdImQXC_4RRULv8_fvfaxJSk3Q&oe=6A2B35D7","https://www.instagram.com/p/DZRf2cjCF6Z/"
"18371678272231578","So beautiful 😍💖💖😍💖😍💖","2026-06-07T08:01:20.000Z","beautiful_tulip06","https://scontent-lax3-1.cdninstagram.com/v/t51.82787-19/685367645_17925866370311765_3523504292342018163_n.jpg?stp=dst-jpg_s150x150_tt6&_nc_cat=109&ccb=7-5&_nc_sid=f7ccc5&efg=eyJ2ZW5jb2RlX3RhZyI6InByb2ZpbGVfcGljLnd3dy4xMDgwLkMzIn0%3D&_nc_ohc=Zkm_0zZmk5YQ7kNvwFfr6qj&_nc_oc=AdrWNrSJLBdGxoTTnFwUKrNNHr9CcctwGDciDPIGyh_FoypZXSTOj4a8DH1x29jlnyc&_nc_zt=24&_nc_ht=scontent-lax3-1.cdninstagram.com&_nc_gid=AwTYioXHGZxXFRjAi_SghQ&_nc_ss=7ba8c&oh=00_Af8QZZXt9nqTzeBRJ90iqpmaspej9NM4r_WXL7NMPe3zMw&oe=6A2B1C71","https://www.instagram.com/p/DZRf2cjCF6Z/"
"18338546530213494","😮 Stunning 👏🔥✨","2026-02-19T15:18:45.000Z","echoofvee","https://scontent-lga3-2.cdninstagram.com/v/t51.82787-19/698324779_17882636274568672_5688656765319398860_n.jpg?stp=dst-jpg_s150x150_tt6&_nc_cat=100&ccb=7-5&_nc_sid=f7ccc5&efg=eyJ2ZW5jb2RlX3RhZyI6InByb2ZpbGVfcGljLnd3dy4xMDgwLkMzIn0%3D&_nc_ohc=WCE0OvD1B9QQ7kNvwGn6h2w&_nc_oc=AdqSLJijxBMlQ50pNR4AYs3NZ47ITrtIRYFCWfXl2P9CGZq19Sd14NVk5sHqyY1x3wU&_nc_zt=24&_nc_ht=scontent-lga3-2.cdninstagram.com&_nc_gid=n_jEfOQU1SpMx1iZWsEnng&_nc_ss=72a8c&oh=00_Af_lRfoBZ56lAWhPCQMFU0HJpNVwoeqzbo0m-Np9tiISBg&oe=6A2B166A","https://www.instagram.com/p/DM2qLxgoau1/"
"17882537100452370","🌏🌊🌎","2026-02-09T21:14:53.000Z","vandinho27","https://scontent-lga3-3.cdninstagram.com/v/t51.2885-19/233909836_3059136944410615_7521264462761867912_n.jpg?stp=dst-jpg_s150x150_tt6&_nc_cat=104&ccb=7-5&_nc_sid=f7ccc5&efg=eyJ2ZW5jb2RlX3RhZyI6InByb2ZpbGVfcGljLnd3dy40NzUuQzMifQ%3D%3D&_nc_ohc=0Lpt6ER3vgQQ7kNvwG-Fm8G&_nc_oc=AdrxsPdPiLxFnN-P22FRXPEd5HfLX2D4E9Qql2P-onUG7Ggt4jxYRyITuz56pYEeL94&_nc_zt=24&_nc_ht=scontent-lga3-3.cdninstagram.com&_nc_ss=72a8c&oh=00_Af9ev_gC11L1tm4o1cDH3wC7SGNd68adp-tFXINte9wx-w&oe=6A2B2C61","https://www.instagram.com/p/DM2qLxgoau1/"
"18104997877646854","😍","2025-11-30T10:48:30.000Z","mandy.barreto","https://scontent-lga3-2.cdninstagram.com/v/t51.82787-19/690031387_18594251047028327_5393311496333362504_n.jpg?stp=dst-jpg_s150x150_tt6&_nc_cat=105&ccb=7-5&_nc_sid=f7ccc5&efg=eyJ2ZW5jb2RlX3RhZyI6InByb2ZpbGVfcGljLnd3dy45NjkuQzMifQ%3D%3D&_nc_ohc=jmTkqGmF0WEQ7kNvwEzymIz&_nc_oc=Adoyid6PBmeLNlptMn63ffI-V_KuDp4mI2ZrEmW9Xa4nJbadP-EQiW9xA6hPq8zoAKU&_nc_zt=24&_nc_ht=scontent-lga3-2.cdninstagram.com&_nc_gid=n_jEfOQU1SpMx1iZWsEnng&_nc_ss=72a8c&oh=00_Af-5nbWRpuohIs_flvceIIRH9VLbJgkfvBhOXSqfwi2SZg&oe=6A2B1B3F","https://www.instagram.com/p/DM2qLxgoau1/"
"18078592486856121","","2025-10-11T01:36:00.000Z","beljunnn08","https://scontent-lga3-1.cdninstagram.com/v/t51.2885-19/431241337_6545350968901442_7178965192320171357_n.jpg?stp=dst-jpg_s150x150_tt6&_nc_cat=110&ccb=7-5&_nc_sid=f7ccc5&efg=eyJ2ZW5jb2RlX3RhZyI6InByb2ZpbGVfcGljLnd3dy43MTkuQzMifQ%3D%3D&_nc_ohc=wrvV5KUFaBsQ7kNvwFVBe9m&_nc_oc=Adoy9G1b6LUCaaSxq99oGsHC6Sk8erY0JZVytVuhTr8XuhtW2Q4TZSVZCoCNlHIOYU4&_nc_zt=24&_nc_ht=scontent-lga3-1.cdninstagram.com&_nc_ss=72a8c&oh=00_Af8dRSP1QhxCEsgH6v784UaBu2C5GSzbK4C76VF9a4zz-Q&oe=6A2B2730","https://www.instagram.com/p/DM2qLxgoau1/"
"18086698609898537","❤️❤️","2025-10-02T13:01:05.000Z","100emergingartworks","https://scontent-lga3-3.cdninstagram.com/v/t51.82787-19/603082861_17948213334073245_4610255612757935914_n.jpg?stp=dst-jpg_s150x150_tt6&_nc_cat=104&ccb=7-5&_nc_sid=f7ccc5&efg=eyJ2ZW5jb2RlX3RhZyI6InByb2ZpbGVfcGljLnd3dy4xMDgwLkMzIn0%3D&_nc_ohc=aCU-n1CGj5kQ7kNvwExS1Uk&_nc_oc=Adq6_NKzngBOVEwp6Um7TlwBwP4qrwt8WUt14t5UdsnjZKyrzENDq159yMDw-J7YIZg&_nc_zt=24&_nc_ht=scontent-lga3-3.cdninstagram.com&_nc_gid=n_jEfOQU1SpMx1iZWsEnng&_nc_ss=72a8c&oh=00_Af_6qzFx8wlbp0aD6UD1FGOujXBeiNnR3yLMMp08mBGdNA&oe=6A2B39C4","https://www.instagram.com/p/DM2qLxgoau1/"
"17918665296186974","🎖✨️","2025-09-26T00:52:39.000Z","elumii_","https://scontent-lga3-2.cdninstagram.com/v/t51.82787-19/645868273_18563961802032775_2149579527028081570_n.jpg?stp=dst-jpg_s150x150_tt6&_nc_cat=100&ccb=7-5&_nc_sid=f7ccc5&efg=eyJ2ZW5jb2RlX3RhZyI6InByb2ZpbGVfcGljLnd3dy4xMDgwLkMzIn0%3D&_nc_ohc=l86zx2OkkZEQ7kNvwGzSlXt&_nc_oc=AdqtVv97VosFgTqxSbqeAUBz6QZqSw1w0dLxz1KphIAipycmAfA3gYRGpV6Mr6gcmgk&_nc_zt=24&_nc_ht=scontent-lga3-2.cdninstagram.com&_nc_gid=n_jEfOQU1SpMx1iZWsEnng&_nc_ss=72a8c&oh=00_Af-2jMZ3J0ZgnrQX55HZIPKcElSOpSnEypQmcaR_0a5IaQ&oe=6A2B37FD","https://www.instagram.com/p/DM2qLxgoau1/"
"17921109363028901","😍😍","2025-09-24T18:23:14.000Z","raha_artgalleryy","https://scontent-lga3-2.cdninstagram.com/v/t51.82787-19/708089019_18352188607215684_5098229604261019567_n.jpg?stp=dst-jpg_s150x150_tt6&_nc_cat=105&ccb=7-5&_nc_sid=f7ccc5&efg=eyJ2ZW5jb2RlX3RhZyI6InByb2ZpbGVfcGljLnd3dy4xMDgwLkMzIn0%3D&_nc_ohc=sDhj7AR_AEUQ7kNvwFekUP_&_nc_oc=Ado6aAwP52YNQ-mwo24w-kAq-p3GLLawrDt8w8ALNoYqT6HEXYlqb1QTauffYtYKkqM&_nc_zt=24&_nc_ht=scontent-lga3-2.cdninstagram.com&_nc_gid=n_jEfOQU1SpMx1iZWsEnng&_nc_ss=72a8c&oh=00_Af-uSvG7bkBqXD-ihc250rOFBKF2BTLgtu502ZaebKvbPA&oe=6A2B4662","https://www.instagram.com/p/DM2qLxgoau1/"
"17924769999133276","Out of this world.","2025-09-24T17:06:07.000Z","cosmicaijourneys","https://scontent-lga3-1.cdninstagram.com/v/t51.82787-19/554087036_17842492113586660_956599916594385032_n.jpg?stp=dst-jpg_s150x150_tt6&_nc_cat=103&ccb=7-5&_nc_sid=f7ccc5&efg=eyJ2ZW5jb2RlX3RhZyI6InByb2ZpbGVfcGljLnd3dy4xMDI0LkMzIn0%3D&_nc_ohc=W9aMA2QJoaMQ7kNvwFOavb1&_nc_oc=Adp0SYSpefWEtiAj24JQOzRb_jfhT5NKdtWZDl9gUDbmXZ2Prq1EhGnooyHE2ml1r1U&_nc_zt=24&_nc_ht=scontent-lga3-1.cdninstagram.com&_nc_gid=n_jEfOQU1SpMx1iZWsEnng&_nc_ss=72a8c&oh=00_Af_hZZHTphdIxK2RCmMIERcVlJPAhs5oZ6lcV9PfOsaXeA&oe=6A2B3C74","https://www.instagram.com/p/DM2qLxgoau1/"
"18103414555584063","😍😍😍😍","2025-09-10T22:41:21.000Z","lalilyenlineas","https://scontent-lga3-1.cdninstagram.com/v/t51.82787-19/706851275_17893416297496741_5784770902704368293_n.jpg?stp=dst-jpg_s150x150_tt6&_nc_cat=109&ccb=7-5&_nc_sid=f7ccc5&efg=eyJ2ZW5jb2RlX3RhZyI6InByb2ZpbGVfcGljLnd3dy4xMDE4LkMzIn0%3D&_nc_ohc=oqCr2D6vgWMQ7kNvwEJpvK1&_nc_oc=AdpQ9Fzastds5wXppU4cu-C03wWUJU4UFAtfHq18wHIugWBM-gPFfzgJI9-sBZx4taU&_nc_zt=24&_nc_ht=scontent-lga3-1.cdninstagram.com&_nc_gid=n_jEfOQU1SpMx1iZWsEnng&_nc_ss=72a8c&oh=00_Af-NbL_CnGeLCSEVyA8b6AsxPD7rALbkp1gGP8YYQRjLow&oe=6A2B38E5","https://www.instagram.com/p/DM2qLxgoau1/"
"18115420111517942","😍🔥","2025-09-08T23:03:33.000Z","artafinawater","https://scontent-lga3-2.cdninstagram.com/v/t51.75761-19/494042042_17842770657477793_8438685891909386935_n.jpg?stp=dst-jpg_s150x150_tt6&_nc_cat=105&ccb=7-5&_nc_sid=f7ccc5&efg=eyJ2ZW5jb2RlX3RhZyI6InByb2ZpbGVfcGljLnd3dy4xMDgwLkMzIn0%3D&_nc_ohc=91Seb6ejF6EQ7kNvwG68Gqe&_nc_oc=Ado7qdjrT52yp-torlNS5MZPvPaYlHilJpUhsBkjv58McFeuUmf_1r9ntqwB9wMzncw&_nc_zt=24&_nc_ht=scontent-lga3-2.cdninstagram.com&_nc_gid=n_jEfOQU1SpMx1iZWsEnng&_nc_ss=72a8c&oh=00_Af-hfuctPrKd-P1ip51bXtxYDo96uJPWLol553wgwycpvg&oe=6A2B3EB9","https://www.instagram.com/p/DM2qLxgoau1/"
"18288964849284095","😮","2025-09-05T02:14:02.000Z","maohililo","https://scontent-lga3-3.cdninstagram.com/v/t51.2885-19/10598270_1546282595600628_936058398_a.jpg?_nc_cat=104&ccb=7-5&_nc_sid=f7ccc5&efg=eyJ2ZW5jb2RlX3RhZyI6InByb2ZpbGVfcGljLnd3dy4xNTAuQzMifQ%3D%3D&_nc_ohc=mFX5qqduZUsQ7kNvwEOj6kJ&_nc_oc=AdoQeJRVLb62J93-YchkYTpx97SjL6m0WJWfLDYzG7NzQYvvdUP5y4ZAKwHFnCW6eLM&_nc_zt=24&_nc_ht=scontent-lga3-3.cdninstagram.com&_nc_ss=72a8c&oh=00_Af-4mnDC0zyEGaO8_ipne5XxWocL7nxsKwnam3zU7JvxNg&oe=6A2B36AD","https://www.instagram.com/p/DM2qLxgoau1/"
"18087259276832419","Beautiful","2025-08-29T14:40:41.000Z","surfthought","https://scontent-lga3-2.cdninstagram.com/v/t51.2885-19/489424255_1211986530556963_3584136538945098013_n.jpg?stp=dst-jpg_s150x150_tt6&_nc_cat=107&ccb=7-5&_nc_sid=f7ccc5&efg=eyJ2ZW5jb2RlX3RhZyI6InByb2ZpbGVfcGljLnd3dy44NDMuQzMifQ%3D%3D&_nc_ohc=oTip6oP746AQ7kNvwFsUmay&_nc_oc=Adq9YHIc_TMviPVMg-Ekm0aXgSGPAIhFeZzJkilcpfHvs__Lo6_5TzJeazdLsiOxtiI&_nc_zt=24&_nc_ht=scontent-lga3-2.cdninstagram.com&_nc_ss=72a8c&oh=00_Af8DgeTpksI493JMUbM8NXVwudj54RvXVMM57NS7NYus8w&oe=6A2B338A","https://www.instagram.com/p/DM2qLxgoau1/"
"17943819560996046","🔥","2025-08-27T12:27:28.000Z","renanzeraoficial","https://scontent-lga3-2.cdninstagram.com/v/t51.82787-19/708877262_18427036192123219_3527599000210679742_n.jpg?stp=dst-jpg_s150x150_tt6&_nc_cat=101&ccb=7-5&_nc_sid=f7ccc5&efg=eyJ2ZW5jb2RlX3RhZyI6InByb2ZpbGVfcGljLnd3dy4xMDgwLkMzIn0%3D&_nc_ohc=qvFruqhu7DMQ7kNvwGxgmwa&_nc_oc=Adr3Uty9ZJ_Xqdyp4WMemIYUPhqYxwz5-yEhstFN4xDyMENbWh6e01DTpiCjLRuMVSQ&_nc_zt=24&_nc_ht=scontent-lga3-2.cdninstagram.com&_nc_gid=n_jEfOQU1SpMx1iZWsEnng&_nc_ss=72a8c&oh=00_Af8p2S5Njlf-LLFtyAixtYy8lNGRMM6QIY-MMP5alexYVQ&oe=6A2B20BB","https://www.instagram.com/p/DM2qLxgoau1/"
"18092709610677820","🔥🔥🔥🔥🔥🔥🔥","2025-08-27T09:23:42.000Z","ivypsychic","https://scontent-lga3-3.cdninstagram.com/v/t51.2885-19/242168697_380688580186928_2819485708793897585_n.jpg?stp=dst-jpg_s150x150_tt6&_nc_cat=108&ccb=7-5&_nc_sid=f7ccc5&efg=eyJ2ZW5jb2RlX3RhZyI6InByb2ZpbGVfcGljLnd3dy4xMDgwLkMzIn0%3D&_nc_ohc=nYEGzdedMG8Q7kNvwFo2RVf&_nc_oc=AdpqJQq3p7DKTP5NsrBNXWjsim6Jm2zElDM087ihfo7InKrtnDAP4NYcgvYFWt8NTyI&_nc_zt=24&_nc_ht=scontent-lga3-3.cdninstagram.com&_nc_ss=72a8c&oh=00_Af_oNHhK-0xRp92NlmE4gTkWg5MRZAyKcYaFJytf0ivvoA&oe=6A2B1F9A","https://www.instagram.com/p/DM2qLxgoau1/"
"17857889301480466","😍😍🥹","2025-08-24T19:06:42.000Z","sahar.___dehghan","https://scontent-lga3-1.cdninstagram.com/v/t51.82787-19/710138516_18104590322061770_5915966842755935272_n.jpg?stp=dst-jpg_s150x150_tt6&_nc_cat=111&ccb=7-5&_nc_sid=f7ccc5&efg=eyJ2ZW5jb2RlX3RhZyI6InByb2ZpbGVfcGljLnd3dy44MDAuQzMifQ%3D%3D&_nc_ohc=3XHFrA460BUQ7kNvwF4Q1gU&_nc_oc=Adq_d06qtkF6HZ7hry4lhQ1F-dE0xYS0yFU72g5HIIRYiBgwenzJOqjriHTqp6dmQhI&_nc_zt=24&_nc_ht=scontent-lga3-1.cdninstagram.com&_nc_gid=n_jEfOQU1SpMx1iZWsEnng&_nc_ss=72a8c&oh=00_Af-UHG3eJekLWflGuNft1Qib3MJpIYS2uIRdNJAtQI2YWQ&oe=6A2B1E48","https://www.instagram.com/p/DM2qLxgoau1/"
"18112978648869574","🔥🔥🔥","2026-06-04T15:27:11.000Z","dexplore.ai","https://scontent-atl3-3.cdninstagram.com/v/t51.2885-19/355119192_297890149303741_7765699297152263122_n.jpg?stp=dst-jpg_s150x150_tt6&_nc_cat=107&ccb=7-5&_nc_sid=f7ccc5&efg=eyJ2ZW5jb2RlX3RhZyI6InByb2ZpbGVfcGljLnd3dy4xMDgwLkMzIn0%3D&_nc_ohc=H7kfSDizVYoQ7kNvwHGe87u&_nc_oc=AdpLBv9mZ-tkndHPSymlazVHqFszxhs2rdlvj8g5qSUZLk6BxItNQdsH0WJYYpi2Hb0&_nc_zt=24&_nc_ht=scontent-atl3-3.cdninstagram.com&_nc_ss=72a8c&oh=00_Af-1CtxgPI8QXKI7ZIgWdeBeEWyJSkODg-AB0WquKaw-RQ&oe=6A2B41A2","https://www.instagram.com/p/DZFuRwajLut/"
"17919306096164934","Amazing😍","2026-06-03T15:06:53.000Z","vitus__ai_artist__motion","https://scontent-atl3-2.cdninstagram.com/v/t51.82787-19/685024616_18084681500566896_4217697446287100894_n.jpg?stp=dst-jpg_s150x150_tt6&_nc_cat=105&ccb=7-5&_nc_sid=f7ccc5&efg=eyJ2ZW5jb2RlX3RhZyI6InByb2ZpbGVfcGljLnd3dy4xMDgwLkMzIn0%3D&_nc_ohc=QwhGZ1H7oIAQ7kNvwERY6oA&_nc_oc=Adrujyd3rNqIZuaOfG3wx_vd4APoJMGT8lBB7tt9ddeiHoa3wHSPiTfTV-BMWhSkDlw&_nc_zt=24&_nc_ht=scontent-atl3-2.cdninstagram.com&_nc_gid=r6dDVQncBtRThhO8Dkc3Rg&_nc_ss=72a8c&oh=00_Af_HNNWAzvFIDJbtMlkk3nalobusYQ5rrh3yk_y62GaTkg&oe=6A2B2359","https://www.instagram.com/p/DZFuRwajLut/"
"18027401537819519","Awesome👌🏾🔥🔥❤️❤️","2026-06-03T14:34:04.000Z","kanga_creation","https://scontent-atl3-3.cdninstagram.com/v/t51.82787-19/698621657_17870776020673947_7286770678630778209_n.jpg?stp=dst-jpg_s150x150_tt6&_nc_cat=111&ccb=7-5&_nc_sid=f7ccc5&efg=eyJ2ZW5jb2RlX3RhZyI6InByb2ZpbGVfcGljLnd3dy4xMDgwLkMzIn0%3D&_nc_ohc=0HDOuGgk3GIQ7kNvwHUlbNA&_nc_oc=AdoO7oPyj--_JI881_CtYHXvaiyRBBSIualeb8oe5On8VEXCnfO8KvOpnpVFNX-nPmc&_nc_zt=24&_nc_ht=scontent-atl3-3.cdninstagram.com&_nc_gid=r6dDVQncBtRThhO8Dkc3Rg&_nc_ss=72a8c&oh=00_Af9uDDBL_xvnPAnuyVkaRqgnWayn_bgaq_GLsP8vQFBocw&oe=6A2B1CA8","https://www.instagram.com/p/DZFuRwajLut/"
"18154190062486873","🔥🔥🔥🔥🔥🔥","2026-06-03T11:06:49.000Z","fae_realms.ai","https://scontent-atl3-3.cdninstagram.com/v/t51.82787-19/708154759_17874040287671301_7941191403995874662_n.jpg?stp=dst-jpg_s150x150_tt6&_nc_cat=111&ccb=7-5&_nc_sid=f7ccc5&efg=eyJ2ZW5jb2RlX3RhZyI6InByb2ZpbGVfcGljLnd3dy44ODAuQzMifQ%3D%3D&_nc_ohc=3mbLa8bibb0Q7kNvwHGi5EX&_nc_oc=AdpAe2jhFfvYfBn-6NRv3IniIsTk2dVvRGw8PUJpP5ALUsLLc02i8rGDA5V1gbxbOD0&_nc_zt=24&_nc_ht=scontent-atl3-3.cdninstagram.com&_nc_gid=r6dDVQncBtRThhO8Dkc3Rg&_nc_ss=72a8c&oh=00_Af8CnNfiftqwmXGXxMbW4XG8zFK0alUOVIvqHlC0hj1njw&oe=6A2B21D7","https://www.instagram.com/p/DZFuRwajLut/"
"18138941548530446","Wonderful work everyone🔥🔥🔥","2026-06-03T05:23:53.000Z","brainstorm_of_ai","https://scontent-atl3-2.cdninstagram.com/v/t51.2885-19/469642285_587126880563317_314524744868593390_n.jpg?stp=dst-jpg_s150x150_tt6&_nc_cat=101&ccb=7-5&_nc_sid=f7ccc5&efg=eyJ2ZW5jb2RlX3RhZyI6InByb2ZpbGVfcGljLnd3dy4xMDgwLkMzIn0%3D&_nc_ohc=kYTtKNurGdUQ7kNvwHEpM-0&_nc_oc=AdrTWj8mLg_Y5NBDl29q4dEGBmwTc99X5k8anitnYblhI8fnaYZvow_zXMIxs7aXvgc&_nc_zt=24&_nc_ht=scontent-atl3-2.cdninstagram.com&_nc_ss=72a8c&oh=00_Af96ZKM7hl3Q6huGzq4iJmd-EkBvP2A8rV1GxxCYKeH2WA&oe=6A2B2B1A","https://www.instagram.com/p/DZFuRwajLut/"
"18123735991635952","😍😍😍","2026-06-03T03:22:22.000Z","nadja.visuals","https://scontent-atl3-3.cdninstagram.com/v/t51.82787-19/653104257_18311632018283383_7149461569068637002_n.jpg?stp=dst-jpg_s150x150_tt6&_nc_cat=111&ccb=7-5&_nc_sid=f7ccc5&efg=eyJ2ZW5jb2RlX3RhZyI6InByb2ZpbGVfcGljLnd3dy4xMDgwLkMzIn0%3D&_nc_ohc=MPtHux0d0f4Q7kNvwFNbDvy&_nc_oc=AdqvKHZASaks3kkTyLT7qYMQcaRC31hHH-5u2uWuQx_uATf2smDojlZtiM-Nt2v1RCU&_nc_zt=24&_nc_ht=scontent-atl3-3.cdninstagram.com&_nc_gid=r6dDVQncBtRThhO8Dkc3Rg&_nc_ss=72a8c&oh=00_Af_cXjiYKnPm_YbFZdJHjSstDyLisj06WWNtuR_CrsusjQ&oe=6A2B24A4","https://www.instagram.com/p/DZFuRwajLut/"
"18104702695800996","Amazing","2026-06-03T01:14:36.000Z","threadink26","https://scontent-atl3-1.cdninstagram.com/v/t51.82787-19/681472324_17949525759136407_421515382222436795_n.jpg?stp=dst-jpg_s150x150_tt6&_nc_cat=106&ccb=7-5&_nc_sid=f7ccc5&efg=eyJ2ZW5jb2RlX3RhZyI6InByb2ZpbGVfcGljLnd3dy4xMDgwLkMzIn0%3D&_nc_ohc=MAofu06VjvAQ7kNvwEAnM62&_nc_oc=AdrJxJsHNy4aymnvmEGhCGMEXOlv4cEo9Z0BzejZLDP-khPTJc_2Huk1gZDe4FgpoOc&_nc_zt=24&_nc_ht=scontent-atl3-1.cdninstagram.com&_nc_gid=r6dDVQncBtRThhO8Dkc3Rg&_nc_ss=72a8c&oh=00_Af9mTt1JJouLOC3224QjBsy9tDAHOTZ7E0yCNNLN39kFRg&oe=6A2B2FDE","https://www.instagram.com/p/DZFuRwajLut/"
"18212738854327560","🩷🩷😁💚💚","2026-06-02T22:52:04.000Z","dixonhurmowth69","https://scontent-atl3-1.cdninstagram.com/v/t51.82787-19/670599581_17865631140670436_5034474840492818852_n.jpg?stp=dst-jpg_s150x150_tt6&_nc_cat=103&ccb=7-5&_nc_sid=f7ccc5&efg=eyJ2ZW5jb2RlX3RhZyI6InByb2ZpbGVfcGljLnd3dy44MzUuQzMifQ%3D%3D&_nc_ohc=GLmd56asjvMQ7kNvwE0pPnL&_nc_oc=Adqo4UTj0STSungXIieoRQbK5s1gbGb-7lDN_6FqqjIYKXEHGYi7kt-5ET95-v-70yE&_nc_zt=24&_nc_ht=scontent-atl3-1.cdninstagram.com&_nc_gid=r6dDVQncBtRThhO8Dkc3Rg&_nc_ss=72a8c&oh=00_Af_T41HpCxQsHCxwC4nfp7RxZRPpiq0pIwvr12eLw4JYGA&oe=6A2B30C1","https://www.instagram.com/p/DZFuRwajLut/"
"18109228588830651","😍😍😍Amazing set","2026-06-02T21:25:10.000Z","art_ai968","https://scontent-atl3-3.cdninstagram.com/v/t51.82787-19/629808806_17989486742928797_4415007566869835477_n.jpg?stp=dst-jpg_s150x150_tt6&_nc_cat=108&ccb=7-5&_nc_sid=f7ccc5&efg=eyJ2ZW5jb2RlX3RhZyI6InByb2ZpbGVfcGljLnd3dy4xMDgwLkMzIn0%3D&_nc_ohc=cFc7m4FWEiMQ7kNvwGVcESa&_nc_oc=AdoqsVEZxhVIPZ5Uns8JE8W3rJAzeEK8pONWBP7U2IpxBFeUu-n0QOA7hXd7GTSry80&_nc_zt=24&_nc_ht=scontent-atl3-3.cdninstagram.com&_nc_gid=r6dDVQncBtRThhO8Dkc3Rg&_nc_ss=72a8c&oh=00_Af-Bmhh_pFUj0cXlflm8IAOMevZlP-UPN82n-92Xcwq6VQ&oe=6A2B4D6C","https://www.instagram.com/p/DZFuRwajLut/"
"18031022309815434","🥰🥰🥰🥰🥰🥰🥰🥰🥰🥰🥰🥰💯💯💯💯💯💯💯💯💯💯💯💯","2026-06-02T21:10:29.000Z","allyaistyle","https://scontent-atl3-3.cdninstagram.com/v/t51.82787-19/713004186_17901874977433126_1813197217731662780_n.jpg?stp=dst-jpg_s150x150_tt6&_nc_cat=111&ccb=7-5&_nc_sid=f7ccc5&efg=eyJ2ZW5jb2RlX3RhZyI6InByb2ZpbGVfcGljLnd3dy43NTUuQzMifQ%3D%3D&_nc_ohc=i4zDtkZvjewQ7kNvwF4P_UY&_nc_oc=AdqDRTtiBI2zpQEWMiF8id0c24uRgbxbIBsp9XnpZdtwNcuKSpDQvG6QTMYG5c6yi6U&_nc_zt=24&_nc_ht=scontent-atl3-3.cdninstagram.com&_nc_gid=r6dDVQncBtRThhO8Dkc3Rg&_nc_ss=72a8c&oh=00_Af9kKeMFDhDTd43rd2vHOcB7wlIhobQA4uzBUNIGq7pg3g&oe=6A2B366A","https://www.instagram.com/p/DZFuRwajLut/"
"17903357319435420","😍😍😍❤️❤️❤️","2026-06-02T21:04:33.000Z","elenazano_57","https://scontent-atl3-3.cdninstagram.com/v/t51.2885-19/449656790_1577510532796207_3628106438529347664_n.jpg?stp=dst-jpg_s150x150_tt6&_nc_cat=100&ccb=7-5&_nc_sid=f7ccc5&efg=eyJ2ZW5jb2RlX3RhZyI6InByb2ZpbGVfcGljLnd3dy43MTkuQzMifQ%3D%3D&_nc_ohc=yYDz8YFSLXgQ7kNvwEAjB6u&_nc_oc=AdrIdaIMFQEbTxVdFAw_3XPLHuhVTQNPu7-TNCTH5g-H9YEI2HjHVfn10_n5EiQaMuM&_nc_zt=24&_nc_ht=scontent-atl3-3.cdninstagram.com&_nc_ss=72a8c&oh=00_Af9LzuAqs06dkC9d-GSjDn46nOcqkdVqcPmzTFKrUPcRNw&oe=6A2B15F9","https://www.instagram.com/p/DZFuRwajLut/"
"17984966297833652","😍😍😍👏👏👏","2026-06-02T20:37:34.000Z","lily_dance_ai","https://scontent-atl3-3.cdninstagram.com/v/t51.82787-19/683840753_17937734052238366_7749053413959177499_n.jpg?stp=dst-jpg_s150x150_tt6&_nc_cat=109&ccb=7-5&_nc_sid=f7ccc5&efg=eyJ2ZW5jb2RlX3RhZyI6InByb2ZpbGVfcGljLnd3dy42NTUuQzMifQ%3D%3D&_nc_ohc=Mtkk8h26CKsQ7kNvwHHjlh-&_nc_oc=AdofYq_Q2vzZGVIR0-sEF1tp4-Gvjk1qlNS4g-3GKAJxuUcxW3D1yYIIF4qzxE9v2eA&_nc_zt=24&_nc_ht=scontent-atl3-3.cdninstagram.com&_nc_gid=r6dDVQncBtRThhO8Dkc3Rg&_nc_ss=72a8c&oh=00_Af_OGTP5Epl6hM3eD1KSZQMJH2n3OSrjAfOceQHWVXgr-g&oe=6A2B1D35","https://www.instagram.com/p/DZFuRwajLut/"
"17920729158362741","","2026-06-02T20:37:32.000Z","lily_dance_ai","https://scontent-atl3-3.cdninstagram.com/v/t51.82787-19/683840753_17937734052238366_7749053413959177499_n.jpg?stp=dst-jpg_s150x150_tt6&_nc_cat=109&ccb=7-5&_nc_sid=f7ccc5&efg=eyJ2ZW5jb2RlX3RhZyI6InByb2ZpbGVfcGljLnd3dy42NTUuQzMifQ%3D%3D&_nc_ohc=Mtkk8h26CKsQ7kNvwHHjlh-&_nc_oc=AdofYq_Q2vzZGVIR0-sEF1tp4-Gvjk1qlNS4g-3GKAJxuUcxW3D1yYIIF4qzxE9v2eA&_nc_zt=24&_nc_ht=scontent-atl3-3.cdninstagram.com&_nc_gid=r6dDVQncBtRThhO8Dkc3Rg&_nc_ss=72a8c&oh=00_Af_OGTP5Epl6hM3eD1KSZQMJH2n3OSrjAfOceQHWVXgr-g&oe=6A2B1D35","https://www.instagram.com/p/DZFuRwajLut/"
"18130379128608427","🔥🔥🔥","2026-06-02T20:36:22.000Z","raccooncatshow","https://scontent-atl3-1.cdninstagram.com/v/t51.82787-19/652561174_18044989253538773_4341141196994275918_n.jpg?stp=dst-jpg_s150x150_tt6&_nc_cat=106&ccb=7-5&_nc_sid=f7ccc5&efg=eyJ2ZW5jb2RlX3RhZyI6InByb2ZpbGVfcGljLnd3dy4xMDI0LkMzIn0%3D&_nc_ohc=GdivVsMuFYsQ7kNvwG6ylK3&_nc_oc=AdqUnJgAZQrmm4Om_-PTvzmshnEHREgU9-A9AO633Wff4aYJzW4xPXHXjWFE1-V2dds&_nc_zt=24&_nc_ht=scontent-atl3-1.cdninstagram.com&_nc_gid=r6dDVQncBtRThhO8Dkc3Rg&_nc_ss=72a8c&oh=00_Af_yQF1W21MFKZneyTdjzusOV8GdhTZzae8XyNCUjUoaRA&oe=6A2B2E81","https://www.instagram.com/p/DZFuRwajLut/"
"18092015021247555","Amazing collab 👏👏","2026-06-02T20:20:31.000Z","drawing_and_dreaming_aiart","https://scontent-atl3-3.cdninstagram.com/v/t51.82787-19/532194736_17861244630460402_282553005458266779_n.jpg?stp=dst-jpg_s150x150_tt6&_nc_cat=111&ccb=7-5&_nc_sid=f7ccc5&efg=eyJ2ZW5jb2RlX3RhZyI6InByb2ZpbGVfcGljLnd3dy4xMDgwLkMzIn0%3D&_nc_ohc=cmCMrrUWqDEQ7kNvwGt9avs&_nc_oc=Adolzwjk0eZWus3sADCe55qbcov-4wG1kEBziVMT2VRn4YWq5AkqmqQgqugwFqlKUjI&_nc_zt=24&_nc_ht=scontent-atl3-3.cdninstagram.com&_nc_gid=r6dDVQncBtRThhO8Dkc3Rg&_nc_ss=72a8c&oh=00_Af-qIAsOTnvVA32qHtR5JJBvxrlIuy6TWimx9Ohb-bf9-g&oe=6A2B23D6","https://www.instagram.com/p/DZFuRwajLut/"
"18082795865430927","❤️❤️❤️","2026-06-06T14:23:24.000Z","tanji.ri_","https://scontent-xxc1-1.cdninstagram.com/v/t51.82787-19/684992000_18094288037332575_5016383554548544167_n.jpg?stp=dst-jpg_s150x150_tt6&_nc_cat=109&ccb=7-5&_nc_sid=f7ccc5&efg=eyJ2ZW5jb2RlX3RhZyI6InByb2ZpbGVfcGljLnd3dy4xMDgwLkMzIn0%3D&_nc_ohc=sLwGtzd4-f0Q7kNvwH_wfxl&_nc_oc=AdpQF5ornLYi18iVWxSqoBUgb89OOhdAWaLvy6q4dg_SUXVgLlAh8Ighi1qNECCOy2k&_nc_zt=24&_nc_ht=scontent-xxc1-1.cdninstagram.com&_nc_gid=O9Cw-_kMSYWengRCjMP09Q&_nc_ss=72a8c&oh=00_Af9G4pGFQmRb52uuNzJ3r4WYYHJ2B01b8TNwyNotbHTuZA&oe=6A2B4179","https://www.instagram.com/p/DYwFXyBCHc_/"
"18142504687518875","❤️🔥","2026-06-06T08:01:36.000Z","memo.temhem","https://scontent-xxc1-1.cdninstagram.com/v/t51.82787-19/707464293_17939221848250650_925434912935382417_n.jpg?stp=dst-jpg_s150x150_tt6&_nc_cat=103&ccb=7-5&_nc_sid=f7ccc5&efg=eyJ2ZW5jb2RlX3RhZyI6InByb2ZpbGVfcGljLnd3dy4xMDgwLkMzIn0%3D&_nc_ohc=TjS0TmOTtLoQ7kNvwHIkGcd&_nc_oc=Adr9eRHjhL9nGR-hw63F484G93cAvcHCpDHciM7iHLf-_Hs-W2DYtntUtiOAkYwS940&_nc_zt=24&_nc_ht=scontent-xxc1-1.cdninstagram.com&_nc_gid=O9Cw-_kMSYWengRCjMP09Q&_nc_ss=72a8c&oh=00_Af_VYluwQAzzpW81DmA-REI9HkY_Mj3Kdg3LdosaqYMvaQ&oe=6A2B2189","https://www.instagram.com/p/DYwFXyBCHc_/"
"18533969392077172","❤️🔥🐺🔥❤️","2026-06-05T22:09:57.000Z","lia_cherie","https://scontent-xxc1-1.cdninstagram.com/v/t51.82787-19/639763213_18529593031068248_8072505881165995976_n.jpg?stp=dst-jpg_s150x150_tt6&_nc_cat=101&ccb=7-5&_nc_sid=f7ccc5&efg=eyJ2ZW5jb2RlX3RhZyI6InByb2ZpbGVfcGljLnd3dy4xMDgwLkMzIn0%3D&_nc_ohc=AJV5QDGISA4Q7kNvwH8-YWK&_nc_oc=AdrnintfqF1XqvhNOhcYtuT39XWiGqIK40G7dhqVWDadATbACVqblVwhQHiJLYn-ipo&_nc_zt=24&_nc_ht=scontent-xxc1-1.cdninstagram.com&_nc_gid=O9Cw-_kMSYWengRCjMP09Q&_nc_ss=72a8c&oh=00_Af9Lsl8bmDOyY5_ueWP5fawSufzTq2AKbPLQj2vcKaqoxw&oe=6A2B2262","https://www.instagram.com/p/DYwFXyBCHc_/"
"17919021948376415","❤️❤️❤️","2026-06-05T18:38:45.000Z","raisajermakova","https://scontent-xxc1-1.cdninstagram.com/v/t51.2885-19/452854492_503357752109818_4279498774058986126_n.jpg?stp=dst-jpg_s150x150_tt6&_nc_cat=109&ccb=7-5&_nc_sid=f7ccc5&efg=eyJ2ZW5jb2RlX3RhZyI6InByb2ZpbGVfcGljLnd3dy45NTkuQzMifQ%3D%3D&_nc_ohc=Npnyc7bfYi0Q7kNvwGrACVL&_nc_oc=Adr7YKbJMd7P8uk-wpYii_-F6_8Smt8RD949g9qiMxrj10lpnJHc5bvGcdz5ssBT6yI&_nc_zt=24&_nc_ht=scontent-xxc1-1.cdninstagram.com&_nc_ss=72a8c&oh=00_Af8HrlEWknPYiDnRu34dkKKZjojs_2uHE_1KOTtz3DsCnQ&oe=6A2B3A2C","https://www.instagram.com/p/DYwFXyBCHc_/"
"18090913667358091","Beautiful simplicity 🐺🔥","2026-06-03T14:16:03.000Z","lucy_omello","https://scontent-xxc1-1.cdninstagram.com/v/t51.2885-19/244161177_416380516573382_5507233806811841082_n.jpg?stp=dst-jpg_s150x150_tt6&_nc_cat=104&ccb=7-5&_nc_sid=f7ccc5&efg=eyJ2ZW5jb2RlX3RhZyI6InByb2ZpbGVfcGljLnd3dy42NTMuQzMifQ%3D%3D&_nc_ohc=74M7eA1pEggQ7kNvwHiiZjw&_nc_oc=Ado6M-n58GDvIDXvkm0867fbuvyx0Du74nHPfb1zdiKrY2nSooUH5azD_cphmqlmNMI&_nc_zt=24&_nc_ht=scontent-xxc1-1.cdninstagram.com&_nc_ss=72a8c&oh=00_Af_qgSxRDskyEOOqRnYt2KwLreYH3KVAwJ5yTUQSkzUMbw&oe=6A2B357B","https://www.instagram.com/p/DYwFXyBCHc_/"
"17865044259688814","wow , da wackelt die welt 🔥😮😮","2026-06-03T04:22:14.000Z","blacklightfeeling_","https://scontent-xxc1-1.cdninstagram.com/v/t51.82787-19/707580376_17873853798655989_2645292606302654308_n.jpg?stp=dst-jpg_s150x150_tt6&_nc_cat=108&ccb=7-5&_nc_sid=f7ccc5&efg=eyJ2ZW5jb2RlX3RhZyI6InByb2ZpbGVfcGljLnd3dy43ODQuQzMifQ%3D%3D&_nc_ohc=2ocRDgXxvUcQ7kNvwFG5HGA&_nc_oc=AdrLgro8ylKlZV8hYy8S2AlE0KulYrvC8fUQ7d_c63LutnGPOScuCvYvLxAfHQyA5bk&_nc_zt=24&_nc_ht=scontent-xxc1-1.cdninstagram.com&_nc_gid=O9Cw-_kMSYWengRCjMP09Q&_nc_ss=72a8c&oh=00_Af_GCIxmRooUOyrcdB3FTre-G13GzhNbq0EhmI4kW4OBYQ&oe=6A2B3C7E","https://www.instagram.com/p/DYwFXyBCHc_/"
"18100563890119009","🤍🤍🤍","2026-06-02T20:19:59.000Z","phoenix_heartxx","https://scontent-xxc1-1.cdninstagram.com/v/t51.82787-19/703467536_17915199078389792_6350986520200892507_n.jpg?stp=dst-jpg_s150x150_tt6&_nc_cat=103&ccb=7-5&_nc_sid=f7ccc5&efg=eyJ2ZW5jb2RlX3RhZyI6InByb2ZpbGVfcGljLnd3dy4xMDgwLkMzIn0%3D&_nc_ohc=HXRy9AoZq3wQ7kNvwHEVt3s&_nc_oc=AdruyoqjZlQXwA2ROBJIHtI5Q4Ceu1x1uVnpRGyiDocV0I3NW5mxSaIrE11mUT8bpYo&_nc_zt=24&_nc_ht=scontent-xxc1-1.cdninstagram.com&_nc_gid=O9Cw-_kMSYWengRCjMP09Q&_nc_ss=72a8c&oh=00_Af-9mUw_M2Bhw1Xo1xz-DFn1STE8Lv_N05AJETQ5L6lN8g&oe=6A2B35D1","https://www.instagram.com/p/DYwFXyBCHc_/"
"18590523457058733","Amazing 🤍🤍✨","2026-06-02T16:21:19.000Z","phoenix.x.ai","https://scontent-xxc1-1.cdninstagram.com/v/t51.82787-19/610756902_18008433215821214_2806034008166089659_n.jpg?stp=dst-jpg_s150x150_tt6&_nc_cat=107&ccb=7-5&_nc_sid=f7ccc5&efg=eyJ2ZW5jb2RlX3RhZyI6InByb2ZpbGVfcGljLnd3dy4xMDgwLkMzIn0%3D&_nc_ohc=nYMtg2yxHlcQ7kNvwE5fAxL&_nc_oc=AdoZjrN9Fj1KTNMJCcJRJJykwjENuuUV8zZ-1Lc-B_q8JnT2AEVLRtwr25Q9Y-XkSCE&_nc_zt=24&_nc_ht=scontent-xxc1-1.cdninstagram.com&_nc_gid=O9Cw-_kMSYWengRCjMP09Q&_nc_ss=72a8c&oh=00_Af_B-ILQF26q_RnLOPV5Im7BuIW-jC2BMWw9pU7c3O-ZwA&oe=6A2B488F","https://www.instagram.com/p/DYwFXyBCHc_/"
"18100149056040339","@naslafuente","2026-06-01T20:10:21.000Z","wacoclau","https://scontent-xxc1-1.cdninstagram.com/v/t51.2885-19/381092683_833686454981135_4755787480655002140_n.jpg?stp=dst-jpg_s150x150_tt6&_nc_cat=104&ccb=7-5&_nc_sid=f7ccc5&efg=eyJ2ZW5jb2RlX3RhZyI6InByb2ZpbGVfcGljLnd3dy4xMDgwLkMzIn0%3D&_nc_ohc=CHJVtZrNEoEQ7kNvwHMCqKh&_nc_oc=AdoioeJ06rtumo8GyhQEU4aVLa2j5Fo1-vDbLpq6-xpqdqFnC60PYReeidkfey0_abc&_nc_zt=24&_nc_ht=scontent-xxc1-1.cdninstagram.com&_nc_ss=72a8c&oh=00_Af-CYuvignvg31mH-1DmnB12uxknyAMYp-AZutB4QWPCsw&oe=6A2B3C61","https://www.instagram.com/p/DYwFXyBCHc_/"
"17913318903202457","Pięknie ❤️","2026-06-01T17:39:12.000Z","_agnieszka_l","https://scontent-xxc1-1.cdninstagram.com/v/t51.82787-19/656026304_17902080210399497_7338094986209079621_n.jpg?stp=dst-jpg_s150x150_tt6&_nc_cat=109&ccb=7-5&_nc_sid=f7ccc5&efg=eyJ2ZW5jb2RlX3RhZyI6InByb2ZpbGVfcGljLnd3dy4xMDgwLkMzIn0%3D&_nc_ohc=fG5NgTofkyoQ7kNvwEAb4M7&_nc_oc=AdppR2QSSEVT8SxUdHECv92XkINqXEuDL1kARLWv91K9_I3610rhyMbOjbLb6EuSxmk&_nc_zt=24&_nc_ht=scontent-xxc1-1.cdninstagram.com&_nc_gid=O9Cw-_kMSYWengRCjMP09Q&_nc_ss=72a8c&oh=00_Af92FhYvGyJ2A6AKjuohhmyKDTH0s2zj9LO8-n3Zy9zIZw&oe=6A2B4BB1","https://www.instagram.com/p/DYwFXyBCHc_/"
"17946151872195031","😍😍","2026-05-31T19:08:09.000Z","silvia_theinsatiablereader","https://scontent-xxc1-1.cdninstagram.com/v/t51.82787-19/541545352_18080949881303119_1283255792806425470_n.jpg?stp=dst-jpg_s150x150_tt6&_nc_cat=102&ccb=7-5&_nc_sid=f7ccc5&efg=eyJ2ZW5jb2RlX3RhZyI6InByb2ZpbGVfcGljLnd3dy4xMDgwLkMzIn0%3D&_nc_ohc=VzKEIGv48lkQ7kNvwHq5341&_nc_oc=Adrnqkahy8wTsWj-Bd6Ywt6slHb_k79u5fv7XRjp1L52yJ7YuJBPFyCl0a7JWFlhqx8&_nc_zt=24&_nc_ht=scontent-xxc1-1.cdninstagram.com&_nc_gid=O9Cw-_kMSYWengRCjMP09Q&_nc_ss=72a8c&oh=00_Af8A7ZJfhmxLWOHWhVz0jBZ_4Cng2_4nshPPtWXuYiKIMQ&oe=6A2B231D","https://www.instagram.com/p/DYwFXyBCHc_/"
"17891917689498789","❤️❤️","2026-05-31T18:29:13.000Z","stella.ai.vip","https://scontent-xxc1-1.cdninstagram.com/v/t51.82787-19/703001399_17873316822610467_8444388263682715456_n.jpg?stp=dst-jpg_s150x150_tt6&_nc_cat=105&ccb=7-5&_nc_sid=f7ccc5&efg=eyJ2ZW5jb2RlX3RhZyI6InByb2ZpbGVfcGljLnd3dy4xMDgwLkMzIn0%3D&_nc_ohc=ejADAqGIL3gQ7kNvwGF-G-D&_nc_oc=AdqAwvrnzcX5-nd6iNkUwBXxrzpgKLSjhp9bsbKI3yS_uLAImniVBp5y8yZHfYUaLyM&_nc_zt=24&_nc_ht=scontent-xxc1-1.cdninstagram.com&_nc_gid=O9Cw-_kMSYWengRCjMP09Q&_nc_ss=72a8c&oh=00_Af-J2_krThYun3oWduGDnIUpUG5gLgqV4R0A96c_GLROjg&oe=6A2B2B8F","https://www.instagram.com/p/DYwFXyBCHc_/"
"18048079604775617","❤️","2026-05-31T16:49:26.000Z","layda2673","https://scontent-xxc1-1.cdninstagram.com/v/t51.82787-19/687226896_17879852262576247_5088406844217883335_n.jpg?stp=dst-jpg_s150x150_tt6&_nc_cat=103&ccb=7-5&_nc_sid=f7ccc5&efg=eyJ2ZW5jb2RlX3RhZyI6InByb2ZpbGVfcGljLnd3dy4xMDgwLkMzIn0%3D&_nc_ohc=DK5hOJE2QMEQ7kNvwFVCa6K&_nc_oc=AdqC2UT1vNehg12XbqWIDRIo_DW0jf2-yq21aGQNmRfhal-ui5fmnRH9qRi0bZmlmgY&_nc_zt=24&_nc_ht=scontent-xxc1-1.cdninstagram.com&_nc_gid=O9Cw-_kMSYWengRCjMP09Q&_nc_ss=72a8c&oh=00_Af8zLXeZeJldm8EaZGPCIu5ZPrX-zrJ5u2Lvu4SG-bHbQw&oe=6A2B37C1","https://www.instagram.com/p/DYwFXyBCHc_/"
"18195079852369359","Fabulous🔥🔥🔥","2026-05-31T12:27:54.000Z","szpunar.lydia","https://scontent-xxc1-1.cdninstagram.com/v/t51.2885-19/448798050_1493808618228157_1652267498078712920_n.jpg?stp=dst-jpg_s150x150_tt6&_nc_cat=111&ccb=7-5&_nc_sid=f7ccc5&efg=eyJ2ZW5jb2RlX3RhZyI6InByb2ZpbGVfcGljLnd3dy4xODAuQzMifQ%3D%3D&_nc_ohc=Y9XMPkDRboUQ7kNvwG6gCVz&_nc_oc=AdpOAWf4LMztcNL_0lt5mbviY4qVga7L_OlHRcJm3tH0on5VXNmLaubqlejBwqpU9d8&_nc_zt=24&_nc_ht=scontent-xxc1-1.cdninstagram.com&_nc_ss=72a8c&oh=00_Af_ha0a0sscACR5CsGeG65oxcAtwCeQ-QD7rMoR44_vKhg&oe=6A2B3695","https://www.instagram.com/p/DYwFXyBCHc_/"
"18092140337123444","🖤🖤🖤🖤","2026-05-31T09:13:02.000Z","geltrude946","https://scontent-xxc1-1.cdninstagram.com/v/t51.2885-19/461256666_774175201466822_6381574596819562270_n.jpg?stp=dst-jpg_s150x150_tt6&_nc_cat=102&ccb=7-5&_nc_sid=f7ccc5&efg=eyJ2ZW5jb2RlX3RhZyI6InByb2ZpbGVfcGljLnd3dy43MjAuQzMifQ%3D%3D&_nc_ohc=oz7FRxxJuVEQ7kNvwHEpcfG&_nc_oc=Adqo8PTamlOfdclT7eG4cDE4kDDeV5sLTlE8unLVJftxSN9mxRZnVk8-hsrm0Uoi8r0&_nc_zt=24&_nc_ht=scontent-xxc1-1.cdninstagram.com&_nc_ss=72a8c&oh=00_Af99Ys6sBmAyJq2P0hXnbOTFABOmIDT28STdk_-A420TfA&oe=6A2B4567","https://www.instagram.com/p/DYwFXyBCHc_/"
"18116708623686542","Amazing ❤️","2026-05-22T06:55:02.000Z","digitalartssenpai","https://scontent-phl2-1.cdninstagram.com/v/t51.82787-19/625786250_17857384083604069_5230468286443951530_n.jpg?stp=dst-jpg_s150x150_tt6&_nc_cat=1&ccb=7-5&_nc_sid=f7ccc5&efg=eyJ2ZW5jb2RlX3RhZyI6InByb2ZpbGVfcGljLnd3dy4xMDgwLkMzIn0%3D&_nc_ohc=JQpnEoVH8M4Q7kNvwHC9OFK&_nc_oc=AdojpySkI6w7hun_eClFYzK1GDFiEox-yfmJQIndFE66_PTFz6M6XpNNSXzpWuG8yyE&_nc_zt=24&_nc_ht=scontent-phl2-1.cdninstagram.com&_nc_gid=hYemdHsRuq5SoRZAMOszLA&_nc_ss=7c289&oh=00_Af--4ffLIJ9b2D6FxUFIzfMFhKG3ZdECJjnG5w0-aJUW-w&oe=6A2B3D7F","https://www.instagram.com/p/DYm3q9VCUEC/"
"18091881542105006","😍😍😍","2026-05-22T06:39:20.000Z","digitalai_shinrai","https://scontent-phl2-1.cdninstagram.com/v/t51.82787-19/636642428_17859929325602776_5718044959460444179_n.jpg?stp=dst-jpg_s150x150_tt6&_nc_cat=110&ccb=7-5&_nc_sid=f7ccc5&efg=eyJ2ZW5jb2RlX3RhZyI6InByb2ZpbGVfcGljLnd3dy4xMDgwLkMzIn0%3D&_nc_ohc=u181wnunR1sQ7kNvwFmZAE2&_nc_oc=AdpsyPsWRYHxygn_yg4S7DLzw14QhToe5bz0AvgD82sp4OPcE71wzlDg6S4lVBxGNa8&_nc_zt=24&_nc_ht=scontent-phl2-1.cdninstagram.com&_nc_gid=hYemdHsRuq5SoRZAMOszLA&_nc_ss=7c289&oh=00_Af_ivrYkxCDsYf0zJ3tPwOqYFswwylNYgcitREtDYR0-cw&oe=6A2B390D","https://www.instagram.com/p/DYm3q9VCUEC/"
"18108185918508860","😍😍😍😍","2026-05-23T17:58:47.000Z","theanuai","https://scontent-det1-1.cdninstagram.com/v/t51.82787-19/624959720_17864424495568121_586661312958861692_n.jpg?stp=dst-jpg_s150x150_tt6&_nc_cat=1&ccb=7-5&_nc_sid=f7ccc5&efg=eyJ2ZW5jb2RlX3RhZyI6InByb2ZpbGVfcGljLnd3dy4xMDgwLkMzIn0%3D&_nc_ohc=xiJZ2FwB3bUQ7kNvwGUdwUJ&_nc_oc=Adp-FM5uMxKL8TExTv93DnO9nbLMlWxrkH01-xrLjRzZHCSuQ88ChvjV-ZRdZtEShWg&_nc_zt=24&_nc_ht=scontent-det1-1.cdninstagram.com&_nc_gid=2JqBrW4OfxVQNjUJ1GFvkA&_nc_ss=7ca8c&oh=00_Af8mcAN7hCBJQS5xvwwKwcB7j9Bx1iglUDLaptpT2ETyNA&oe=6A2B3F63","https://www.instagram.com/p/DYcCw7FCY7P/"
"18391269946083393","Masha Allah","2026-05-18T20:10:54.000Z","dor_rani","https://scontent-atl3-3.cdninstagram.com/v/t51.82787-19/660831953_17866042575667464_3521164204428384311_n.jpg?stp=dst-jpg_s150x150_tt6&_nc_cat=109&ccb=7-5&_nc_sid=f7ccc5&efg=eyJ2ZW5jb2RlX3RhZyI6InByb2ZpbGVfcGljLnd3dy4xMDgwLkMzIn0%3D&_nc_ohc=qyDMpWswZIQQ7kNvwHe6MmP&_nc_oc=AdroENnapHm4ZcKUBwOt_3QGRZAbkZlyPXE_W6rzy1vY_9XPRYC924bZ4Y0LxcypS5U&_nc_zt=24&_nc_ht=scontent-atl3-3.cdninstagram.com&_nc_gid=n-gCPpd0nzngSzjiATHWVQ&_nc_ss=72a8c&oh=00_Af-FpWRKwUNjyoX_0U7_3tDuSZ85Hx0rxgTE3WQdPsToAw&oe=6A2B3845","https://www.instagram.com/p/DUg3nxVDsXu/"
"18105073942766147","❤️❤️","2026-02-12T13:28:00.000Z","yo________mo","https://scontent-atl3-1.cdninstagram.com/v/t51.82787-19/671187013_17892809862451562_219089367052613536_n.jpg?stp=dst-jpg_s150x150_tt6&_nc_cat=106&ccb=7-5&_nc_sid=f7ccc5&efg=eyJ2ZW5jb2RlX3RhZyI6InByb2ZpbGVfcGljLnd3dy4xMDgwLkMzIn0%3D&_nc_ohc=VrJPvY862EYQ7kNvwGfKX9X&_nc_oc=Adpf6e5o9Js_aJJLlOd9y5-akhhoKLVBRT7W4RJ6pFGo9QY26UsqJKj6e7OXUyejIrQ&_nc_zt=24&_nc_ht=scontent-atl3-1.cdninstagram.com&_nc_gid=n-gCPpd0nzngSzjiATHWVQ&_nc_ss=72a8c&oh=00_Af_jLlEH_6H5qAVDXRwuve9kTXzP56gHmTJdVdltsYPTvw&oe=6A2B29CC","https://www.instagram.com/p/DUg3nxVDsXu/"
"18016749599648402","🔥👏","2026-02-09T11:03:24.000Z","musalasinnovation","https://scontent-atl3-3.cdninstagram.com/v/t51.2885-19/440382224_412191798428966_67922826776744336_n.jpg?stp=dst-jpg_s150x150_tt6&_nc_cat=109&ccb=7-5&_nc_sid=f7ccc5&efg=eyJ2ZW5jb2RlX3RhZyI6InByb2ZpbGVfcGljLnd3dy4xMDgwLkMzIn0%3D&_nc_ohc=2KXFQFsHzqoQ7kNvwEcTMGV&_nc_oc=Adr0XndlL6xcwCwkLMq9JkvrvlVZfF5I_PtkI-Wg-IMks8Nl5Kb3m0KvkYDlutvnUy8&_nc_zt=24&_nc_ht=scontent-atl3-3.cdninstagram.com&_nc_ss=72a8c&oh=00_Af9yOhFxnGa7woX0U9Sprgf_FW96UtG1_VgpdD_i7-JIuw&oe=6A2B3068","https://www.instagram.com/p/DUg3nxVDsXu/"
"18557825794007756","Caption 3: → POV: You finally cracked the code for photorealistic AI. 🧶✨

Generated with Gemini Nano. Unbelievable details.

Comment ""PROMPT"" if you want the recipe to create your own. 👇","2026-02-08T22:30:16.000Z","iamsheek.ai","https://scontent-atl3-2.cdninstagram.com/v/t51.82787-19/632232180_17895633768256723_6561748611250110404_n.jpg?stp=dst-jpg_s150x150_tt6&_nc_cat=101&ccb=7-5&_nc_sid=f7ccc5&efg=eyJ2ZW5jb2RlX3RhZyI6InByb2ZpbGVfcGljLnd3dy4xMDI0LkMzIn0%3D&_nc_ohc=TTkCy05Kre4Q7kNvwGynkY9&_nc_oc=AdrHQeeORTCcSmaVYaDyAqBBML0BXigbKQU3bVQy0n-KMIHSBzgxKxaRlHp3X39kBzQ&_nc_zt=24&_nc_ht=scontent-atl3-2.cdninstagram.com&_nc_gid=n-gCPpd0nzngSzjiATHWVQ&_nc_ss=72a8c&oh=00_Af9dYYnhJQXxHFkSbuwg4FuUVPyEUsD5UDuYOdgTmtQXig&oe=6A2B4D68","https://www.instagram.com/p/DUg3nxVDsXu/"
"18109521139679480","Caption 2: ➜ Forget the expensive studio setup. 📸❌

I created this hyper-realistic portrait using just my phone and Gemini Nano. No camera, no lighting rig, just the right prompt.

The detail on the knit sweater and the hair strands is wild. We are officially in a new era of content creation.

Want to try this style for your own profile? Drop a 🚀 in the comments and I'll send you the prompt formula!","2026-02-08T22:28:25.000Z","iamsheek.ai","https://scontent-atl3-2.cdninstagram.com/v/t51.82787-19/632232180_17895633768256723_6561748611250110404_n.jpg?stp=dst-jpg_s150x150_tt6&_nc_cat=101&ccb=7-5&_nc_sid=f7ccc5&efg=eyJ2ZW5jb2RlX3RhZyI6InByb2ZpbGVfcGljLnd3dy4xMDI0LkMzIn0%3D&_nc_ohc=TTkCy05Kre4Q7kNvwGynkY9&_nc_oc=AdrHQeeORTCcSmaVYaDyAqBBML0BXigbKQU3bVQy0n-KMIHSBzgxKxaRlHp3X39kBzQ&_nc_zt=24&_nc_ht=scontent-atl3-2.cdninstagram.com&_nc_gid=n-gCPpd0nzngSzjiATHWVQ&_nc_ss=72a8c&oh=00_Af9dYYnhJQXxHFkSbuwg4FuUVPyEUsD5UDuYOdgTmtQXig&oe=6A2B4D68","https://www.instagram.com/p/DUg3nxVDsXu/"
"17911652583142724","It looks REAL!!! 😮","2026-02-08T22:26:14.000Z","iamsheek","https://scontent-atl3-2.cdninstagram.com/v/t51.82787-19/649646819_18570244669020662_5297576996525552481_n.jpg?stp=dst-jpg_s150x150_tt6&_nc_cat=104&ccb=7-5&_nc_sid=f7ccc5&efg=eyJ2ZW5jb2RlX3RhZyI6InByb2ZpbGVfcGljLnd3dy44NjQuQzMifQ%3D%3D&_nc_ohc=Ag6dq5_CSn8Q7kNvwG-ZQ9r&_nc_oc=Adoyr01B8I_nPzuSo7u_8MhgFFZ-v-1uJDoWWyJp8tpEzkNM8cUO4W2ccWHC1Iq8dF8&_nc_zt=24&_nc_ht=scontent-atl3-2.cdninstagram.com&_nc_gid=n-gCPpd0nzngSzjiATHWVQ&_nc_ss=72a8c&oh=00_Af-JETEI6fsApsHoNQTrEJZkl_8TYhunlqBWBAI3Z1hZmg&oe=6A2B356B","https://www.instagram.com/p/DUg3nxVDsXu/"
"18078965366347627","Look closely at the sweater texture... it’s crazy what Gemini Nano can do now. 🤯

I’m sending the 'Secret Sauce' (the full prompt) to everyone who comments 'PROMPT' below. I’ll also check out your page and show some love back! Let’s grow together. 🚀👇","2026-02-08T22:25:16.000Z","iamsheek.ai","https://scontent-atl3-2.cdninstagram.com/v/t51.82787-19/632232180_17895633768256723_6561748611250110404_n.jpg?stp=dst-jpg_s150x150_tt6&_nc_cat=101&ccb=7-5&_nc_sid=f7ccc5&efg=eyJ2ZW5jb2RlX3RhZyI6InByb2ZpbGVfcGljLnd3dy4xMDI0LkMzIn0%3D&_nc_ohc=TTkCy05Kre4Q7kNvwGynkY9&_nc_oc=AdrHQeeORTCcSmaVYaDyAqBBML0BXigbKQU3bVQy0n-KMIHSBzgxKxaRlHp3X39kBzQ&_nc_zt=24&_nc_ht=scontent-atl3-2.cdninstagram.com&_nc_gid=n-gCPpd0nzngSzjiATHWVQ&_nc_ss=72a8c&oh=00_Af9dYYnhJQXxHFkSbuwg4FuUVPyEUsD5UDuYOdgTmtQXig&oe=6A2B4D68","https://www.instagram.com/p/DUg3nxVDsXu/"
"18588808102011557","","2026-04-27T07:29:50.000Z","darkone.art","https://scontent-atl3-3.cdninstagram.com/v/t51.82787-19/515103599_17929770324066924_6428903490466321328_n.jpg?stp=dst-jpg_e0_s150x150_tt6&_nc_cat=109&ig_cache_key=GG-bsx5sAhL3B7M-ALCTg6ypDThZbmNDAQAB1501500j-ccb7-5&ccb=7-5&_nc_sid=669407&efg=eyJ2ZW5jb2RlX3RhZyI6InByb2ZpbGVfcGljLnd3dy4xMDgwLkMzIn0%3D&_nc_ohc=yo_NTuXF4m4Q7kNvwHYCVQQ&_nc_oc=AdrVXJVs_DcSIIgLZGNUlBzcougJELz0gd7fF73gY8-5cXbdlDL0FznuAJKdx3tGl-w&_nc_ad=z-m&_nc_cid=0&_nc_zt=24&_nc_ht=scontent-atl3-3.cdninstagram.com&_nc_gid=U_2-EEUubnOS8lohAg6Prw&_nc_ss=703ba&oh=00_Af_dNP0lVCh9zwCSrX6x5SPvZakd32QR-8UKag4gCobUtQ&oe=6A2B3D16","https://www.instagram.com/p/DXoHE0DjNS8/"
"18100275035282740","#wod_darkone_art #darkoneart #dark #darkart #art #instagram #instagood #inspiration #enjoy #myart #postoftheday #post #artoftheday #aiart #aiartwork #aiartist #poem #poemsofinstagram #poetry #artist #poetryofinstagram #darkpoetry","2026-04-27T07:29:30.000Z","darkone.art","https://scontent-atl3-3.cdninstagram.com/v/t51.82787-19/515103599_17929770324066924_6428903490466321328_n.jpg?stp=dst-jpg_e0_s150x150_tt6&_nc_cat=109&ig_cache_key=GG-bsx5sAhL3B7M-ALCTg6ypDThZbmNDAQAB1501500j-ccb7-5&ccb=7-5&_nc_sid=669407&efg=eyJ2ZW5jb2RlX3RhZyI6InByb2ZpbGVfcGljLnd3dy4xMDgwLkMzIn0%3D&_nc_ohc=yo_NTuXF4m4Q7kNvwHYCVQQ&_nc_oc=AdrVXJVs_DcSIIgLZGNUlBzcougJELz0gd7fF73gY8-5cXbdlDL0FznuAJKdx3tGl-w&_nc_ad=z-m&_nc_cid=0&_nc_zt=24&_nc_ht=scontent-atl3-3.cdninstagram.com&_nc_gid=U_2-EEUubnOS8lohAg6Prw&_nc_ss=703ba&oh=00_Af_dNP0lVCh9zwCSrX6x5SPvZakd32QR-8UKag4gCobUtQ&oe=6A2B3D16","https://www.instagram.com/p/DXoHE0DjNS8/"
"17874549540671305","eyyy this is lit 😎😎 reminds me of the one I saw on cantina","2026-06-04T09:54:06.000Z","thecataslan914","https://scontent-atl3-2.cdninstagram.com/v/t51.82787-19/714840219_18109771879732368_6075019389306486531_n.jpg?stp=dst-jpg_e0_s150x150_tt6&_nc_cat=105&ig_cache_key=GJuYmyqQ1NrXvVZAAAM-OZ-yzU5UbmNDAQAB1501500j-ccb7-5&ccb=7-5&_nc_sid=669407&efg=eyJ2ZW5jb2RlX3RhZyI6InByb2ZpbGVfcGljLnd3dy42MDAuQzMifQ%3D%3D&_nc_ohc=4SbZFS_bb2IQ7kNvwHS7TLJ&_nc_oc=AdrcZF49xgjSz-VRQob2NxOx7uTsauuFJ2cR0gsasJb5eSrOehNUkUW8LA_O8bNdXZs&_nc_ad=z-m&_nc_cid=0&_nc_zt=24&_nc_ht=scontent-atl3-2.cdninstagram.com&_nc_gid=U_2-EEUubnOS8lohAg6Prw&_nc_ss=703ba&oh=00_Af_6Cv4eeN54IM4aSSlO7nOgDf4HyPMGAy3nV2waViSOrw&oe=6A2B15DF","https://www.instagram.com/p/DXoHE0DjNS8/"
"18461051041100126","🔥🔥🔥","2026-04-30T15:29:25.000Z","ai.cherrysweet","https://scontent-atl3-3.cdninstagram.com/v/t51.2885-19/416521404_697625385860236_1871524932061026952_n.jpg?stp=dst-jpg_e0_s150x150_tt6&_nc_cat=111&ig_cache_key=GLyc0xiMfE_RfHoCAIjayIsC-vgZbkULAAAB1501500j-ccb7-5&ccb=7-5&_nc_sid=669407&efg=eyJ2ZW5jb2RlX3RhZyI6InByb2ZpbGVfcGljLnd3dy4xMDgwLkMzIn0%3D&_nc_ohc=vlOiV2ISBDQQ7kNvwHXMNwS&_nc_oc=AdoiuLRC7lWj61UevCXczwb0AjLJbQZ6eKw2jJV9ruZEGUIQmnWeWumF_yNMulsSIEk&_nc_ad=z-m&_nc_cid=0&_nc_zt=24&_nc_ht=scontent-atl3-3.cdninstagram.com&_nc_ss=703ba&oh=00_Af-7y2Wrd5rTaSRtiVbwPmnEobsnGU-5YlybnW2r9Vklnw&oe=6A2B17BC","https://www.instagram.com/p/DXoHE0DjNS8/"
"17908668138404053","🔥🔥🔥🔥🔥","2026-04-29T17:52:13.000Z","violka_ai","https://scontent-atl3-1.cdninstagram.com/v/t51.75761-19/504181035_17843836356509440_7222768006674905164_n.jpg?stp=dst-jpg_e0_s150x150_tt6&_nc_cat=103&ig_cache_key=GCsxDR4Av3Xn32Q-AEz46fQ7bTxkbvEnAQAB1501500j-ccb7-5&ccb=7-5&_nc_sid=669407&efg=eyJ2ZW5jb2RlX3RhZyI6InByb2ZpbGVfcGljLnd3dy4xMDgwLkMzIn0%3D&_nc_ohc=ET2-EF4DxwQQ7kNvwGDwFLo&_nc_oc=AdpC7F-xy4nS460gOLzstv98w63RvzKPRsZcIe3DjuX9hHx69ijiuinp2RPETqdC6eI&_nc_ad=z-m&_nc_cid=0&_nc_zt=24&_nc_ht=scontent-atl3-1.cdninstagram.com&_nc_gid=U_2-EEUubnOS8lohAg6Prw&_nc_ss=703ba&oh=00_Af8CuD-iHPVtPzSluzshcsAjvrTkf9X7rjOf5DN4S-0DCQ&oe=6A2B203B","https://www.instagram.com/p/DXoHE0DjNS8/"
"17870899578665229","Sooooo gorgeous David!!! ✨✨✨✨✨🖤🤍","2026-04-27T11:22:09.000Z","i_knew_it_studio","https://scontent-atl3-3.cdninstagram.com/v/t51.82787-19/657164666_17940586599176055_856934116992684668_n.jpg?stp=dst-jpg_e0_s150x150_tt6&_nc_cat=111&ig_cache_key=GHqJKyd3V05T3rw-AHwSQwcKceQLbmNDAQAB1501500j-ccb7-5&ccb=7-5&_nc_sid=669407&efg=eyJ2ZW5jb2RlX3RhZyI6InByb2ZpbGVfcGljLnd3dy41MDAuQzMifQ%3D%3D&_nc_ohc=cwgzaKll-PIQ7kNvwFRY7IE&_nc_oc=AdpHcjQLKCANjwirs4gaib8Blg1VpAwVIiiHkZXiSSVvz4-2ATRkqwOqBSDeWWqg6AE&_nc_ad=z-m&_nc_cid=0&_nc_zt=24&_nc_ht=scontent-atl3-3.cdninstagram.com&_nc_gid=U_2-EEUubnOS8lohAg6Prw&_nc_ss=703ba&oh=00_Af_EyGuX3QEt5B5uVDnzlSxWwD6cGSo5HGPFMHfu-d15MA&oe=6A2B31F5","https://www.instagram.com/p/DXoHE0DjNS8/"
"18087921041338988","Amazing 🔥🔥👏","2026-04-27T07:39:42.000Z","san_saryai_noxie","https://scontent-atl3-3.cdninstagram.com/v/t51.82787-19/690253362_18087949523127891_2062289670795492154_n.jpg?stp=dst-jpg_e0_s150x150_tt6&_nc_cat=100&ig_cache_key=GDJuJClTjgru5EJAADr7uHOHuZ4cbmNDAQAB1501500j-ccb7-5&ccb=7-5&_nc_sid=669407&efg=eyJ2ZW5jb2RlX3RhZyI6InByb2ZpbGVfcGljLnd3dy4xMDgwLkMzIn0%3D&_nc_ohc=nBpEqKEfmIcQ7kNvwGqs-WV&_nc_oc=AdpbxkGCxCbHpH-UehOY_qb0S1CZtqw_atw-cZkxZ5tTqDEJmZjAK61LoAjaPKLFoeo&_nc_ad=z-m&_nc_cid=0&_nc_zt=24&_nc_ht=scontent-atl3-3.cdninstagram.com&_nc_gid=U_2-EEUubnOS8lohAg6Prw&_nc_ss=703ba&oh=00_Af-jsjRtnYMfs24j7CT4GJXkGBKkNNB-AoYsQj2QwguPjg&oe=6A2B1E0E","https://www.instagram.com/p/DXoHE0DjNS8/"
"18114749293700850","Very beautiful😍👏👏👏","2026-04-27T07:31:28.000Z","ksyklimentyeva","https://scontent-atl3-2.cdninstagram.com/v/t51.82787-19/662344176_18317816662252153_8790371334301062848_n.jpg?stp=dst-jpg_e0_s150x150_tt6&_nc_cat=101&ig_cache_key=GPCReid52jYL9RNBAMCWyrgnrP15bmNDAQAB1501500j-ccb7-5&ccb=7-5&_nc_sid=669407&efg=eyJ2ZW5jb2RlX3RhZyI6InByb2ZpbGVfcGljLnd3dy4xMDgwLkMzIn0%3D&_nc_ohc=XGPPVzgbTFUQ7kNvwFCLIfs&_nc_oc=Adr5m9Sxl6v-qTqv_Z7LDJMNB0996ryBZqiDh0f7GUEKd26HmN2Y23En4rMjIBjkgT0&_nc_ad=z-m&_nc_cid=0&_nc_zt=24&_nc_ht=scontent-atl3-2.cdninstagram.com&_nc_gid=U_2-EEUubnOS8lohAg6Prw&_nc_ss=703ba&oh=00_Af_os6MR6f-csrQaZZ-caPd4P5TUINcibRq-iymcV7C-eQ&oe=6A2B2FD7","https://www.instagram.com/p/DXoHE0DjNS8/"
"18350580766208405","Very beautiful 🖤🖤🖤","2026-04-27T15:34:53.000Z","ielanya_art","https://scontent-atl3-2.cdninstagram.com/v/t51.82787-19/624723413_17937648576138341_7741059298403504481_n.jpg?stp=dst-jpg_e0_s150x150_tt6&_nc_cat=102&ig_cache_key=GNWFPCVljHxDMro-AGFRkwJrxG1rbmNDAQAB1501500j-ccb7-5&ccb=7-5&_nc_sid=669407&efg=eyJ2ZW5jb2RlX3RhZyI6InByb2ZpbGVfcGljLnd3dy4xMDgwLkMzIn0%3D&_nc_ohc=paC6CPaNbgcQ7kNvwGXiwkX&_nc_oc=AdqM5SfRiK5VnbAID1d5ONdCmVlp4U58CfQsQ7O64I-6JiF9lmwK9E1-ZvoC8c__1UU&_nc_ad=z-m&_nc_cid=0&_nc_zt=24&_nc_ht=scontent-atl3-2.cdninstagram.com&_nc_gid=U_2-EEUubnOS8lohAg6Prw&_nc_ss=703ba&oh=00_Af-YZ4ftR4x-IMqbY5f0JDrITcB7CODu0LpHFehJ0UuJsQ&oe=6A2B29D6","https://www.instagram.com/p/DXoHE0DjNS8/"
"17881577847410770","🔥🔥🔥🔥🔥","2026-04-27T11:24:36.000Z","cosmiclensai","https://scontent-atl3-2.cdninstagram.com/v/t51.82787-19/625405256_17919891666251859_5356577367204468151_n.jpg?stp=dst-jpg_e0_s150x150_tt6&_nc_cat=102&ig_cache_key=GEjtRiVTMC7pC6o-ALeVHjC8YlZKbmNDAQAB1501500j-ccb7-5&ccb=7-5&_nc_sid=669407&efg=eyJ2ZW5jb2RlX3RhZyI6InByb2ZpbGVfcGljLnd3dy43ODEuQzMifQ%3D%3D&_nc_ohc=YtmtBSXqRIkQ7kNvwG-yNQ-&_nc_oc=AdqR55jV6-__orAKPtuYC_BZHBRs-Bxe95SaNgkCWna65ff66HgfaWEtUBVAH1tkcY4&_nc_ad=z-m&_nc_cid=0&_nc_zt=24&_nc_ht=scontent-atl3-2.cdninstagram.com&_nc_gid=U_2-EEUubnOS8lohAg6Prw&_nc_ss=703ba&oh=00_Af-E-qGrkXcEpVd0wWMWByqHQGXPqe-1F0BTeWfbRtxq_g&oe=6A2B3310","https://www.instagram.com/p/DXoHE0DjNS8/"
"18075235889226570","Stunning💯🔥👏","2026-04-27T08:00:55.000Z","teserdawn","https://scontent-atl3-3.cdninstagram.com/v/t51.2885-19/472354107_1047003200531854_2830084353354940899_n.jpg?stp=dst-jpg_e0_s150x150_tt6&_nc_cat=111&ig_cache_key=GDuNJxyOrdhtPrgDAOPBHJa5ekYnbkULAAAB1501500j-ccb7-5&ccb=7-5&_nc_sid=669407&efg=eyJ2ZW5jb2RlX3RhZyI6InByb2ZpbGVfcGljLnd3dy4xMDI0LkMzIn0%3D&_nc_ohc=Rz2CE3ngZpIQ7kNvwFDmL_a&_nc_oc=AdrbBkJ7o1mMYa1-_zIrE0NaHybp6S6pzEqchoLd8AhFupotXHSoG13peZSBP_udaKs&_nc_ad=z-m&_nc_cid=0&_nc_zt=24&_nc_ht=scontent-atl3-3.cdninstagram.com&_nc_ss=703ba&oh=00_Af97Y76uKaXI9opNs6pd6x9Tt_mAo5xX9M5EnzXJWtJ2fg&oe=6A2B1CDE","https://www.instagram.com/p/DXoHE0DjNS8/"
"18123123136616584","Wow 😍 looking so amazing ❤️","2026-04-27T08:18:39.000Z","jule_malkmus","https://scontent-atl3-3.cdninstagram.com/v/t51.82787-19/652670408_18305452831263191_5136165377443126121_n.jpg?stp=dst-jpg_e0_s150x150_tt6&_nc_cat=100&ig_cache_key=GMj15ibXyXVdtghBAGlbKL4yU0dHbmNDAQAB1501500j-ccb7-5&ccb=7-5&_nc_sid=669407&efg=eyJ2ZW5jb2RlX3RhZyI6InByb2ZpbGVfcGljLnd3dy4xMDI0LkMzIn0%3D&_nc_ohc=VhLzaNT8kGUQ7kNvwH-QlSJ&_nc_oc=AdrxHDpFnJmCGN2US3ZzBqKIRcTceo0IVZiEts0VFMyWHc7ZIEg4IrlopBTnAEYddeg&_nc_ad=z-m&_nc_cid=0&_nc_zt=24&_nc_ht=scontent-atl3-3.cdninstagram.com&_nc_gid=U_2-EEUubnOS8lohAg6Prw&_nc_ss=703ba&oh=00_Af8wrBC4KsmDFpLfk8M6yHPANXxAdxy1UN04QcHJboE-oQ&oe=6A2B33D6","https://www.instagram.com/p/DXoHE0DjNS8/"
"18047376491753956","😍😍😍👏👏👏","2026-04-27T13:18:27.000Z","ai_eye_midjourney","https://scontent-atl3-3.cdninstagram.com/v/t51.75761-19/495977951_18054714008217410_6292551496640899520_n.jpg?stp=dst-jpg_e0_s150x150_tt6&_nc_cat=110&ig_cache_key=GN8FkB1CJ-uuqiRAAMApIjA-olNXbvEnAQAB1501500j-ccb7-5&ccb=7-5&_nc_sid=669407&efg=eyJ2ZW5jb2RlX3RhZyI6InByb2ZpbGVfcGljLnd3dy4xMDgwLkMzIn0%3D&_nc_ohc=3hT4x2101GUQ7kNvwEbU1-B&_nc_oc=Adrp81_IZIKxLcny6il6GPzdzNOlgbdD51LqIgDF_wyF5mSWDcQvyOcDIPV18JjhsHk&_nc_ad=z-m&_nc_cid=0&_nc_zt=24&_nc_ht=scontent-atl3-3.cdninstagram.com&_nc_gid=U_2-EEUubnOS8lohAg6Prw&_nc_ss=703ba&oh=00_Af8b_CT3n2PU79J60e4rA-arb_-hx2jGpGX_JziRLgnPfA&oe=6A2B3950","https://www.instagram.com/p/DXoHE0DjNS8/"
"18123352519528870","😍🔥🔥","2026-04-27T07:42:29.000Z","ai.creator_laniy","https://scontent-atl3-3.cdninstagram.com/v/t51.75761-19/491442789_18321375934203783_2873222078079001691_n.jpg?stp=dst-jpg_e0_s150x150_tt6&_nc_cat=111&ig_cache_key=GGXSSh2Hx1rAMRdBAFtktcxBvN8nbvEnAQAB1501500j-ccb7-5&ccb=7-5&_nc_sid=669407&efg=eyJ2ZW5jb2RlX3RhZyI6InByb2ZpbGVfcGljLnd3dy44NjMuQzMifQ%3D%3D&_nc_ohc=N7nUhE_R1MMQ7kNvwG_NEqf&_nc_oc=AdqSDMDF7uho903MFv2jGrgvm-Ye840y37Sck9fKafQkKEhsLVQtGXnfm-jUEgu5I_Q&_nc_ad=z-m&_nc_cid=0&_nc_zt=24&_nc_ht=scontent-atl3-3.cdninstagram.com&_nc_gid=U_2-EEUubnOS8lohAg6Prw&_nc_ss=703ba&oh=00_Af90_UFC7v6BC6mjLJbTWLeNmTh_XuEk5JsrTFoyfoN-MA&oe=6A2B3D20","https://www.instagram.com/p/DXoHE0DjNS8/"
"17907449130225879","Awesome 🔥🔥🔥","2026-04-27T12:00:25.000Z","threadink26","https://scontent-atl3-1.cdninstagram.com/v/t51.82787-19/681472324_17949525759136407_421515382222436795_n.jpg?stp=dst-jpg_e0_s150x150_tt6&_nc_cat=106&ig_cache_key=GERxniiXksKi-8Q-ALs5u8ABhtkFbmNDAQAB1501500j-ccb7-5&ccb=7-5&_nc_sid=669407&efg=eyJ2ZW5jb2RlX3RhZyI6InByb2ZpbGVfcGljLnd3dy4xMDgwLkMzIn0%3D&_nc_ohc=MAofu06VjvAQ7kNvwEIxidh&_nc_oc=Adrl9ppub6CjnOBn_AMCMo1tWl8686UuRAwU2gGvWDEvlXBnYvn3SBlNUi401W3hUlo&_nc_ad=z-m&_nc_cid=0&_nc_zt=24&_nc_ht=scontent-atl3-1.cdninstagram.com&_nc_gid=U_2-EEUubnOS8lohAg6Prw&_nc_ss=703ba&oh=00_Af9PGK3wNhX3Nq_tMUX-tq80wNzeKEC5SuDTa1YlY91YMw&oe=6A2B2FDE","https://www.instagram.com/p/DXoHE0DjNS8/"
"18059886338471029","🤩✨👌🔥🙌👏🌟😎","2026-04-27T10:12:58.000Z","heart_of_darkness_76","https://scontent-atl3-2.cdninstagram.com/v/t51.82787-19/709166454_18051563726773466_1457154698579336806_n.jpg?stp=dst-jpg_e0_s150x150_tt6&_nc_cat=104&ig_cache_key=GHYFRSraHJMzzSFAAGbenF962jgUbmNDAQAB1501500j-ccb7-5&ccb=7-5&_nc_sid=669407&efg=eyJ2ZW5jb2RlX3RhZyI6InByb2ZpbGVfcGljLnd3dy4xMDgwLkMzIn0%3D&_nc_ohc=hW9IWXdDUocQ7kNvwGVjkRf&_nc_oc=Adry7Sa3USIrZje09l3Jq3zK_p8eoGVRC4EgGO9mkfqQSxBbPPMd1w2bu0S25fCURz0&_nc_ad=z-m&_nc_cid=0&_nc_zt=24&_nc_ht=scontent-atl3-2.cdninstagram.com&_nc_gid=U_2-EEUubnOS8lohAg6Prw&_nc_ss=703ba&oh=00_Af_tGaoOaDiN5jN38-s-NCN8tZh_rnZ7Y9xk0dp5TEDlag&oe=6A2B3E44","https://www.instagram.com/p/DXoHE0DjNS8/"
"18355873276238696","Wow, dope👏👏👏🔥🙌❤️❤️😍","2026-04-27T09:32:06.000Z","light.veiled.ai","https://scontent-atl3-3.cdninstagram.com/v/t51.82787-19/571043710_17856286350551173_5859284719896789834_n.jpg?stp=dst-jpg_e0_s150x150_tt6&_nc_cat=108&ig_cache_key=GH5vCSKFqO6kMnA-AEqDUq9oXFBRbmNDAQAB1501500j-ccb7-5&ccb=7-5&_nc_sid=669407&efg=eyJ2ZW5jb2RlX3RhZyI6InByb2ZpbGVfcGljLnd3dy4xMDgwLkMzIn0%3D&_nc_ohc=eQ791p9SrbAQ7kNvwGjr5iz&_nc_oc=AdrJSv12Qt6wTvlqQNwmS2eP8X7QZTktrmXb35ST_xpyJz4X0SFQjTHONxaoyirO76A&_nc_ad=z-m&_nc_cid=0&_nc_zt=24&_nc_ht=scontent-atl3-3.cdninstagram.com&_nc_gid=U_2-EEUubnOS8lohAg6Prw&_nc_ss=703ba&oh=00_Af_lx-fWA8GYlsDIiBy6Pf_mM_aqhe3RErgXBzXIY__DVw&oe=6A2B2057","https://www.instagram.com/p/DXoHE0DjNS8/"
"18090983455814028","Awesome 😍🔥🔥","2025-09-15T07:35:46.000Z","humairaafatimaa","https://scontent-mia5-1.cdninstagram.com/v/t51.2885-19/279316582_2176536432521007_3930604423735939778_n.jpg?stp=dst-jpg_s150x150_tt6&_nc_cat=101&ccb=7-5&_nc_sid=f7ccc5&efg=eyJ2ZW5jb2RlX3RhZyI6InByb2ZpbGVfcGljLnd3dy4xMDgwLkMzIn0%3D&_nc_ohc=Ecza4SYwescQ7kNvwF9-i1m&_nc_oc=AdomLcvJW5ICtNq2iooihP8UKqeC4zLUMO_Ty0a5fNybLN1gFSkNFFmAgQdz18W_qlM&_nc_zt=24&_nc_ht=scontent-mia5-1.cdninstagram.com&_nc_ss=72289&oh=00_Af9f3TgXyh7A8pj07O9EQTrPBSLnUkT1YskrQiADTGdgkg&oe=6A2B1D47","https://www.instagram.com/p/DOiPjD9CStQ/"
"18015928931894018","Can you send this to me so I can use as a wallpaper?","2026-06-07T03:05:19.000Z","rafaelsuffredini","https://scontent-phx1-1.cdninstagram.com/v/t51.2885-19/461154417_2498924763631635_3966980021417801842_n.jpg?stp=dst-jpg_s150x150_tt6&_nc_cat=108&ccb=7-5&_nc_sid=f7ccc5&efg=eyJ2ZW5jb2RlX3RhZyI6InByb2ZpbGVfcGljLnd3dy4xMDgwLkMzIn0%3D&_nc_ohc=KaDkXlWLT9QQ7kNvwEWm6-3&_nc_oc=AdoSs9qjC3Nb4omMXLZ6YYQgL9mVJObLySE8g9iYgkNhmfF3UtvFJCqSXcHw6EG144U&_nc_zt=24&_nc_ht=scontent-phx1-1.cdninstagram.com&_nc_ss=72289&oh=00_Af_SbclXrDdlDA_9Dv0jPFN4gHxq7TrNnAg2IRy2534VkQ&oe=6A2B4C96","https://www.instagram.com/p/DY10aC9Fx_W/"
"18012802538884356","AI","2026-06-07T00:56:24.000Z","daveywaveybobavey","https://scontent-phx1-1.cdninstagram.com/v/t51.82787-19/671152766_17886190608505689_5940573071922815806_n.jpg?stp=dst-jpg_s150x150_tt6&_nc_cat=106&ccb=7-5&_nc_sid=f7ccc5&efg=eyJ2ZW5jb2RlX3RhZyI6InByb2ZpbGVfcGljLnd3dy4zMzAuQzMifQ%3D%3D&_nc_ohc=1QZPh59AnLgQ7kNvwHjFzMQ&_nc_oc=Adro7joE1hEsxUdoodSMcsXqKeNLEmUEKWY3hq5dwDCh3HvU8gv8HcK9J3deIXClqec&_nc_zt=24&_nc_ht=scontent-phx1-1.cdninstagram.com&_nc_gid=X8Efu59d9L6ubTh3LDaoRg&_nc_ss=72289&oh=00_Af-3eTpDF0AkNfFdu6IDchigZ9VT9g2YLJ_fCg3DBWkycA&oe=6A2B38BE","https://www.instagram.com/p/DY10aC9Fx_W/"
"18084511427413480","🔥","2026-06-06T20:47:12.000Z","_budhha47_","https://scontent-phx1-1.cdninstagram.com/v/t51.82787-19/624544350_18418157833142084_2560091742627407940_n.jpg?stp=dst-jpg_s150x150_tt6&_nc_cat=107&ccb=7-5&_nc_sid=f7ccc5&efg=eyJ2ZW5jb2RlX3RhZyI6InByb2ZpbGVfcGljLnd3dy44NjQuQzMifQ%3D%3D&_nc_ohc=Ii0myf7gFGcQ7kNvwFGDg8r&_nc_oc=AdpI66l08StH4xKXDZZDxMreaFUiQdX5du047_e6ZGvapX9EndG2QPfKTMniaLb5EIY&_nc_zt=24&_nc_ht=scontent-phx1-1.cdninstagram.com&_nc_gid=X8Efu59d9L6ubTh3LDaoRg&_nc_ss=72289&oh=00_Af9-vAA3Nw99ncjVvkm_Orvns1H343C4TLXanvFYqtqwFQ&oe=6A2B1B87","https://www.instagram.com/p/DY10aC9Fx_W/"
"18195775807323265","The first one is just so peak 🔥🔥🔥","2026-06-06T18:35:54.000Z","1_kraken","https://scontent-phx1-1.cdninstagram.com/v/t51.82787-19/686419344_18360331543235842_4376774509030299499_n.jpg?stp=dst-jpg_s150x150_tt6&_nc_cat=101&ccb=7-5&_nc_sid=f7ccc5&efg=eyJ2ZW5jb2RlX3RhZyI6InByb2ZpbGVfcGljLnd3dy4xMDgwLkMzIn0%3D&_nc_ohc=gn2uzgsPLg0Q7kNvwEvOVZL&_nc_oc=AdpLIrXsLKUMZrFdG7pRU5Dp87fo0sJttZ3ExowsPYgSND2ZfFBMhCoSkc5F5KBe2iE&_nc_zt=24&_nc_ht=scontent-phx1-1.cdninstagram.com&_nc_gid=X8Efu59d9L6ubTh3LDaoRg&_nc_ss=72289&oh=00_Af9aww6WzEn9nVdNZ_WGlzgHk2t2ooFyMUsclQRnEZ5JVg&oe=6A2B25FE","https://www.instagram.com/p/DY10aC9Fx_W/"
"18113654923860803","Veio brocha","2026-06-06T00:46:17.000Z","__lukas_98_","https://scontent-phx1-1.cdninstagram.com/v/t51.82787-19/659585207_18112328044757240_7681193591625268515_n.jpg?stp=dst-jpg_s150x150_tt6&_nc_cat=100&ccb=7-5&_nc_sid=f7ccc5&efg=eyJ2ZW5jb2RlX3RhZyI6InByb2ZpbGVfcGljLnd3dy4xMDgwLkMzIn0%3D&_nc_ohc=MuIihG_EEssQ7kNvwHQHkJc&_nc_oc=AdoL2A_ULfvbExvzYfKun9ZUby4mGuBR1FZF9JBhsPoSO03lnUKZx0GcebgO_a8_Q5E&_nc_zt=24&_nc_ht=scontent-phx1-1.cdninstagram.com&_nc_gid=X8Efu59d9L6ubTh3LDaoRg&_nc_ss=72289&oh=00_Af-UC6LVLnNsDS6HmsQhmRLMyo4ygLQYJ8oJeUsDxNOCRg&oe=6A2B1FE2","https://www.instagram.com/p/DY10aC9Fx_W/"
"18595609687051518","Do you have Twitter account ? We cant save here photos easily.","2026-06-05T21:33:19.000Z","vedatsozen","https://scontent-phx1-1.cdninstagram.com/v/t51.2885-19/402357129_3631923910410719_1036806126084452187_n.jpg?stp=dst-jpg_s150x150_tt6&_nc_cat=103&ccb=7-5&_nc_sid=f7ccc5&efg=eyJ2ZW5jb2RlX3RhZyI6InByb2ZpbGVfcGljLnd3dy40MDAuQzMifQ%3D%3D&_nc_ohc=tu-B6n-KjjUQ7kNvwGYia3W&_nc_oc=AdqMD0stPD1I-iS_vm8pEgj0a1YWPsu9jfv7TFnxjkI4U29IIVqSV568s0uS9w0tFh4&_nc_zt=24&_nc_ht=scontent-phx1-1.cdninstagram.com&_nc_ss=72289&oh=00_Af8m5OHesSkMchLoY_NLX3k2sVmI7B7I8CVrLcvsJ1q-cQ&oe=6A2B4B60","https://www.instagram.com/p/DY10aC9Fx_W/"
"18107410102753870","🔥","2026-06-05T00:40:22.000Z","_casp.one_","https://scontent-phx1-1.cdninstagram.com/v/t51.82787-19/541902896_18387003394125348_8521726161271985762_n.jpg?stp=dst-jpg_s150x150_tt6&_nc_cat=111&ccb=7-5&_nc_sid=f7ccc5&efg=eyJ2ZW5jb2RlX3RhZyI6InByb2ZpbGVfcGljLnd3dy45NDYuQzMifQ%3D%3D&_nc_ohc=L969vcTq-AgQ7kNvwGKtcVK&_nc_oc=AdoXFVYSILgrZBTL-Z1EhmTwxG0JlUrMk0owbtBmF8h762jPplSNOD1ptpcNI8NnJus&_nc_zt=24&_nc_ht=scontent-phx1-1.cdninstagram.com&_nc_gid=X8Efu59d9L6ubTh3LDaoRg&_nc_ss=72289&oh=00_Af84UgOTzbXUT_ajD6Gwjct3AFziOgTvFZ1dEu8UHC4i0g&oe=6A2B2BC6","https://www.instagram.com/p/DY10aC9Fx_W/"
"18084390317110730","Send me photo please","2026-06-04T18:18:09.000Z","ahmad238700","https://scontent-phx1-1.cdninstagram.com/v/t51.82787-19/703613183_17908814862409449_3630811665018860090_n.jpg?stp=dst-jpg_s150x150_tt6&_nc_cat=105&ccb=7-5&_nc_sid=f7ccc5&efg=eyJ2ZW5jb2RlX3RhZyI6InByb2ZpbGVfcGljLnd3dy4xMDgwLkMzIn0%3D&_nc_ohc=sMeTPC5RJ1EQ7kNvwEan1St&_nc_oc=AdqyD26oOCDO476Z4MFgwIwWDAE317EclTNQn_7P_HKLKxGEDconS4qMvMRBLvXhYRE&_nc_zt=24&_nc_ht=scontent-phx1-1.cdninstagram.com&_nc_gid=X8Efu59d9L6ubTh3LDaoRg&_nc_ss=72289&oh=00_Af8nDbsvH5JOvzhjDiUL-oiCGG1lYaZ0M00Iyeejn7ZiPw&oe=6A2B4CD9","https://www.instagram.com/p/DY10aC9Fx_W/"
"18068587367367521","For uncharted","2026-06-04T13:56:22.000Z","shyam_ehhh","https://scontent-phx1-1.cdninstagram.com/v/t51.82787-19/657192313_18093058847144013_3898649258313584675_n.jpg?stp=dst-jpg_s150x150_tt6&_nc_cat=105&ccb=7-5&_nc_sid=f7ccc5&efg=eyJ2ZW5jb2RlX3RhZyI6InByb2ZpbGVfcGljLnd3dy4xMDgwLkMzIn0%3D&_nc_ohc=XeNqMvF6RekQ7kNvwEnZC7_&_nc_oc=AdpA_rpZxaUC6_tdVZIa76X0N3WzlR7Heczo1SVR6RTpTxCbfJ1ERWwcEqMYWuLa-rY&_nc_zt=24&_nc_ht=scontent-phx1-1.cdninstagram.com&_nc_gid=X8Efu59d9L6ubTh3LDaoRg&_nc_ss=72289&oh=00_Af8JYegFHyJKFVwtF3F1ss037vWFGTFpGrT8Hu8iI0nigg&oe=6A2B24F9","https://www.instagram.com/p/DY10aC9Fx_W/"
"17977037874061245","@ariel_videla_ok","2026-06-04T00:56:36.000Z","guillemolinaig","https://scontent-phx1-1.cdninstagram.com/v/t51.82787-19/705394543_17924742876342681_6574091359676518638_n.jpg?stp=dst-jpg_s150x150_tt6&_nc_cat=106&ccb=7-5&_nc_sid=f7ccc5&efg=eyJ2ZW5jb2RlX3RhZyI6InByb2ZpbGVfcGljLnd3dy4xMDgwLkMzIn0%3D&_nc_ohc=qmf_KckqZzEQ7kNvwHjZdpb&_nc_oc=AdoImtecwSLBbjhFFdAXKk6f11-HcJKiQN92GvXvr1cdR7D96Toy03mK7BEPcJfNnqw&_nc_zt=24&_nc_ht=scontent-phx1-1.cdninstagram.com&_nc_gid=X8Efu59d9L6ubTh3LDaoRg&_nc_ss=72289&oh=00_Af-A6bTCnFc11cbt8-s5c7maE1-I4Bs8V4TKu_FORaC8qQ&oe=6A2B224E","https://www.instagram.com/p/DY10aC9Fx_W/"
"18097396171902840","❤️❤️❤️❤️❤️❤️","2026-06-03T22:35:30.000Z","aliriza_ghasemi","https://scontent-phx1-1.cdninstagram.com/v/t51.82787-19/640296299_17859607842607313_8267861509138661317_n.jpg?stp=dst-jpg_s150x150_tt6&_nc_cat=109&ccb=7-5&_nc_sid=f7ccc5&efg=eyJ2ZW5jb2RlX3RhZyI6InByb2ZpbGVfcGljLnd3dy4xMDgwLkMzIn0%3D&_nc_ohc=76LqsbMETlMQ7kNvwH_lHSy&_nc_oc=AdrHIw2RLesEG8War7SIa3mnzMdhf5AVFB1cAx_g_bG7B8sQbT8lyF6qLYgag3G9dZQ&_nc_zt=24&_nc_ht=scontent-phx1-1.cdninstagram.com&_nc_gid=X8Efu59d9L6ubTh3LDaoRg&_nc_ss=72289&oh=00_Af-CXRVnIWwvoQLEnYwuKbcHF-ewo6-R6-ps3X2RPf9dBA&oe=6A2B2D45","https://www.instagram.com/p/DY10aC9Fx_W/"
"18078211268235238","How to download this","2026-06-02T19:52:13.000Z","sumit.mekalwad30","https://scontent-phx1-1.cdninstagram.com/v/t51.82787-19/618480604_18020461904800823_3692517432937313907_n.jpg?stp=dst-jpg_s150x150_tt6&_nc_cat=104&ccb=7-5&_nc_sid=f7ccc5&efg=eyJ2ZW5jb2RlX3RhZyI6InByb2ZpbGVfcGljLnd3dy4xMDgwLkMzIn0%3D&_nc_ohc=eqn8juv6vdcQ7kNvwFkIGFU&_nc_oc=AdoLl0Tux8U_Jmo0AZftKZQTQw_9RZ7oMHfgti1GDtCZ1pOdFAGFLqwdRSmQ13br_kI&_nc_zt=24&_nc_ht=scontent-phx1-1.cdninstagram.com&_nc_gid=X8Efu59d9L6ubTh3LDaoRg&_nc_ss=72289&oh=00_Af_Rlt9DWethha2XYtNAM4jK8gT_SYXK0S-rwRTjIgIBrw&oe=6A2B4A02","https://www.instagram.com/p/DY10aC9Fx_W/"
"17991780365968343","","2026-05-30T22:31:09.000Z","mersadmhri","https://scontent-phx1-1.cdninstagram.com/v/t51.2885-19/435866720_25802353762682293_8649684998017562865_n.jpg?stp=dst-jpg_s150x150_tt6&_nc_cat=105&ccb=7-5&_nc_sid=f7ccc5&efg=eyJ2ZW5jb2RlX3RhZyI6InByb2ZpbGVfcGljLnd3dy42MDguQzMifQ%3D%3D&_nc_ohc=694O6J_Yzv4Q7kNvwH5FWrt&_nc_oc=AdrngEIIGJX7RzzIMZhpyCOM-Y3VzgJhIX_oIwRTTb4CfdiUGNhYxwrvwcJLKAfAWyY&_nc_zt=24&_nc_ht=scontent-phx1-1.cdninstagram.com&_nc_ss=72289&oh=00_Af_sqpsDA-aNEy5emzVFvCz8iYz_0p9Kk3eiqx6rUDbNGg&oe=6A2B2E39","https://www.instagram.com/p/DY10aC9Fx_W/"
"18592295542017700","","2026-05-30T22:29:48.000Z","1xti_on","https://scontent-phx1-1.cdninstagram.com/v/t51.82787-19/567117727_18075037418171790_7244052903583874859_n.jpg?stp=dst-jpg_s150x150_tt6&_nc_cat=107&ccb=7-5&_nc_sid=f7ccc5&efg=eyJ2ZW5jb2RlX3RhZyI6InByb2ZpbGVfcGljLnd3dy4xMDgwLkMzIn0%3D&_nc_ohc=LK_FL5bh0toQ7kNvwEd88ea&_nc_oc=Ado6UAHbAenHOpGM36Oet4m-1cDilht-EUgkt800hSMheMYYmZiogYwwGekyEgjCM0s&_nc_zt=24&_nc_ht=scontent-phx1-1.cdninstagram.com&_nc_gid=X8Efu59d9L6ubTh3LDaoRg&_nc_ss=72289&oh=00_Af8QWThpeJ2KRwvjlvUZwLOrY3Gl731VDuld3ActjnRCQg&oe=6A2B23D0","https://www.instagram.com/p/DY10aC9Fx_W/"
"17863498632631744","Jack sparrow 🙌🙌🙌🙌🙌","2026-05-30T16:56:31.000Z","jack_spparow_kishore","https://scontent-phx1-1.cdninstagram.com/v/t51.2885-19/400810735_1023612588888631_3535508393228590321_n.jpg?stp=dst-jpg_s150x150_tt6&_nc_cat=109&ccb=7-5&_nc_sid=f7ccc5&efg=eyJ2ZW5jb2RlX3RhZyI6InByb2ZpbGVfcGljLnd3dy40ODcuQzMifQ%3D%3D&_nc_ohc=4Ph9qJeXCUYQ7kNvwF1XVps&_nc_oc=Adp6C57QelaQwn9B9fg3xmcxTGTXGxy5HTgFUufAfOXYSPrVtLO2PDg8_Gshg7BzMBg&_nc_zt=24&_nc_ht=scontent-phx1-1.cdninstagram.com&_nc_ss=72289&oh=00_Af9KIOt84rtkpPNhfAwb3-7xkZZAi3ZWBFcPJq6OxVCAZw&oe=6A2B2AD5","https://www.instagram.com/p/DY10aC9Fx_W/"
"18108799367494311","❤️❤️❤️❤️❤️❤️❤️😮😮😮😮😍😍😍😍","2026-05-31T01:53:10.000Z","swapnakhatunply","https://scontent-mia3-3.cdninstagram.com/v/t51.82787-19/627536172_17852228700668208_1929814614343950988_n.jpg?stp=dst-jpg_s150x150_tt6&_nc_cat=110&ccb=7-5&_nc_sid=f7ccc5&efg=eyJ2ZW5jb2RlX3RhZyI6InByb2ZpbGVfcGljLnd3dy4xMDgwLkMzIn0%3D&_nc_ohc=SiRxThaktqcQ7kNvwFMYshM&_nc_oc=Adpc4fXeHEVKJi2EAmX_CShLO_oiwgvxvOx1l_psFdqkKK4RxZg9YM0g2tMb-em8ReY&_nc_zt=24&_nc_ht=scontent-mia3-3.cdninstagram.com&_nc_gid=iv3lh0J7GIolGm5nk00o6w&_nc_ss=72289&oh=00_Af-fUfG2SyAzUF8ExCkejer3Tud_3C0GvbfDROAEgGtKug&oe=6A2B4231","https://www.instagram.com/p/DYZryqWiYDX/"
"17874785190610533","😍😍😍😍❤️❤️","2026-05-30T05:46:10.000Z","gouri.kamar","https://scontent-mia3-3.cdninstagram.com/v/t51.82787-19/718587912_17884274982584244_3716240890290710349_n.jpg?stp=dst-jpg_s150x150_tt6&_nc_cat=109&ccb=7-5&_nc_sid=f7ccc5&efg=eyJ2ZW5jb2RlX3RhZyI6InByb2ZpbGVfcGljLnd3dy4xMDc4LkMzIn0%3D&_nc_ohc=Al4ha4kqjdIQ7kNvwEkNUD2&_nc_oc=AdqWPZsZUuJ3WuUN4WDH2yT4-HeFIFAQ15drxkADm6R_Wh6Gf2vBycZ70RzymHA3UqQ&_nc_zt=24&_nc_ht=scontent-mia3-3.cdninstagram.com&_nc_gid=iv3lh0J7GIolGm5nk00o6w&_nc_ss=72289&oh=00_Af_-19FU3mC0-EbitrvISNP5dPt3DVXWVXN92X5D-jUP2g&oe=6A2B36FA","https://www.instagram.com/p/DYZryqWiYDX/"
"18092413625217318","Follow for more AI edits 
 #aiart
#geminiai
#aiphoto
#digitalart
#aiartcommunity 
Prompt 👇 
""Cinematic image of a man (based on my photo) walking with left foot forward, head slightly down, looking at the ground. Left hand near chin, thoughtful pose. Body disintegrating into smoke from the left side. Black background with soft white blur, glossy ground with pebbles. Light from left highlighting smoke. Faint blurred silhouettes behind. Outfit: black shirt, gray pants, sunglasses. Add text: 'I AM Silent, I Am Just Waiting For My Time..!!'. Moody, grunge, highly detailed. 
Instagram ke liye perfect 4:5 (1080×1350) bana do ✅","2026-05-31T16:49:42.000Z","mr_akhilesh_2006","https://scontent-dfw5-1.cdninstagram.com/v/t51.82787-19/705855058_18069160415678374_1302058545019709944_n.jpg?stp=dst-jpg_e0_s150x150_tt6&_nc_cat=109&ig_cache_key=GFJ_EiqmT-c-zjFAAPhpqRxZ1xESbmNDAQAB1501500j-ccb7-5&ccb=7-5&_nc_sid=669407&efg=eyJ2ZW5jb2RlX3RhZyI6InByb2ZpbGVfcGljLnd3dy4xMDgwLkMzIn0%3D&_nc_ohc=vOA430qwqU4Q7kNvwHSaELL&_nc_oc=AdqP3AI6DO4896IbvefWor4K0zogVS8ZhkG2tQl7MkWRJV7T_P10GHRYo7v2UjNiAtM&_nc_ad=z-m&_nc_cid=0&_nc_zt=24&_nc_ht=scontent-dfw5-1.cdninstagram.com&_nc_gid=BJC_iFW1PFa_OjlfgZdtbQ&_nc_ss=703ba&oh=00_Af8gBOtgniPQlcTlMQSSfekGivyvaGw5ku9eZE72i57Thw&oe=6A2B1FF2","https://www.instagram.com/p/DYwz5CXkz0v/"
"18101710538099733","Prompt bhai ❤️","2026-05-27T06:47:13.000Z","sidhu18020","https://scontent-dfw5-1.cdninstagram.com/v/t51.82787-19/710812899_17870305737654627_3165569608783824200_n.jpg?stp=dst-jpg_e0_s150x150_tt6&_nc_cat=105&ig_cache_key=GOMkXipjQYXJ8nw-AEgFVYvJXO4rbmNDAQAB1501500j-ccb7-5&ccb=7-5&_nc_sid=669407&efg=eyJ2ZW5jb2RlX3RhZyI6InByb2ZpbGVfcGljLnd3dy44OTQuQzMifQ%3D%3D&_nc_ohc=ACMeIUGGF6QQ7kNvwEXt2PU&_nc_oc=AdqZGvN9rQpbdBqrVdQ3ZBS69juLuhNsmqKwpL0QolTusaCA9_jRqtpZsIlfuNY9Dpc&_nc_ad=z-m&_nc_cid=0&_nc_zt=24&_nc_ht=scontent-dfw5-1.cdninstagram.com&_nc_gid=BJC_iFW1PFa_OjlfgZdtbQ&_nc_ss=703ba&oh=00_Af9P622KyyNsXCswcH24KV9jT65qP2cZ9wKlunMS0sLt0g&oe=6A2B2977","https://www.instagram.com/p/DYwz5CXkz0v/"
"18171926821418183","Prompt❤️","2026-06-06T11:14:19.000Z","mr_avinash_king_109","https://scontent-dfw5-1.cdninstagram.com/v/t51.82787-19/713243576_17979423594009245_3652588684275055942_n.jpg?stp=dst-jpg_e0_s150x150_tt6&_nc_cat=109&ig_cache_key=GLg7gyqdUpbEMOA-AEZ901wOmrAybmNDAQAB1501500j-ccb7-5&ccb=7-5&_nc_sid=669407&efg=eyJ2ZW5jb2RlX3RhZyI6InByb2ZpbGVfcGljLnd3dy4xMDgwLkMzIn0%3D&_nc_ohc=uwjFb3N6kQ0Q7kNvwEH43jt&_nc_oc=AdrVFrAnbPgRBP0WZ83DFyotR7l__FGOt53GMN-KDyXviRd5q04EeKtD0gAFbUtLdKg&_nc_ad=z-m&_nc_cid=0&_nc_zt=24&_nc_ht=scontent-dfw5-1.cdninstagram.com&_nc_gid=BJC_iFW1PFa_OjlfgZdtbQ&_nc_ss=703ba&oh=00_Af_OWmGLpTtIvbsEZmmbVYc_G8qu7Zj7QNdWxYqNs58Ftg&oe=6A2B1521","https://www.instagram.com/p/DYwz5CXkz0v/"
"17947408593189781","Prompt 👀","2026-05-27T06:35:08.000Z","israfeel.islam","https://scontent-dfw5-1.cdninstagram.com/v/t51.82787-19/684928684_18053547890724664_70723730539888424_n.jpg?stp=dst-jpg_e0_s150x150_tt6&_nc_cat=110&ig_cache_key=GKwu0yg4T-YsmyNAACg-BbTbQvsAbmNDAQAB1501500j-ccb7-5&ccb=7-5&_nc_sid=669407&efg=eyJ2ZW5jb2RlX3RhZyI6InByb2ZpbGVfcGljLnd3dy4xMDgwLkMzIn0%3D&_nc_ohc=Cn044DaUdbEQ7kNvwFKx_xT&_nc_oc=Adp3apOV4lMWBKaNkAUAhgW2cSdvV66jPH65DtRV-9E-6illwumoCciOIYAuH_cmUUM&_nc_ad=z-m&_nc_cid=0&_nc_zt=24&_nc_ht=scontent-dfw5-1.cdninstagram.com&_nc_gid=BJC_iFW1PFa_OjlfgZdtbQ&_nc_ss=703ba&oh=00_Af_YVIlvuKF7cMYAGitFeekHiqGo5kGR5kTdaoOaEAjHWw&oe=6A2B37C8","https://www.instagram.com/p/DYwz5CXkz0v/"
"18425615992122057","Prompt plzz❤️","2026-06-07T03:43:07.000Z","bangtan_girl1589","https://scontent-dfw5-1.cdninstagram.com/v/t51.82787-19/716590877_17878242234656910_2565619537794909279_n.jpg?stp=dst-jpg_e0_s150x150_tt6&_nc_cat=110&ig_cache_key=GB1PtiqO6JqlKoQ-AF9EEVtg6ZojbmNDAQAB1501500j-ccb7-5&ccb=7-5&_nc_sid=669407&efg=eyJ2ZW5jb2RlX3RhZyI6InByb2ZpbGVfcGljLnd3dy4xMDgwLkMzIn0%3D&_nc_ohc=2giEQivkzBYQ7kNvwGEpm-T&_nc_oc=Adok93ZbhyhVGz_BogJiyT-m0FUxxSqYlH_HNuvZhZxBX3gaNg9lezM8XbLAiNPLlrs&_nc_ad=z-m&_nc_cid=0&_nc_zt=24&_nc_ht=scontent-dfw5-1.cdninstagram.com&_nc_gid=BJC_iFW1PFa_OjlfgZdtbQ&_nc_ss=703ba&oh=00_Af-9AkaquPDWUQTjWTzwc2kO5ZyQG4ZkAUxxRTvf4L8KNQ&oe=6A2B1ED5","https://www.instagram.com/p/DYwz5CXkz0v/"
"18219134797322023","Poromt bhai","2026-06-06T04:44:27.000Z","r_akash_007_","https://scontent-dfw5-2.cdninstagram.com/v/t51.82787-19/718526975_17990472324003188_2541876316656525285_n.jpg?stp=dst-jpg_e0_s150x150_tt6&_nc_cat=104&ig_cache_key=GP-Z0yp0tTZAPeo-AOVfSuUKj0YjbmNDAQAB1501500j-ccb7-5&ccb=7-5&_nc_sid=669407&efg=eyJ2ZW5jb2RlX3RhZyI6InByb2ZpbGVfcGljLnd3dy4xMDgwLkMzIn0%3D&_nc_ohc=Baa4lFbxDV4Q7kNvwGpF6QJ&_nc_oc=AdqaY9Y4nX_YjBbzwqAlkGf3V-2QjObzBdTuB97gEACqKSrXET_6SsJr11eKbSAsAAw&_nc_ad=z-m&_nc_cid=0&_nc_zt=24&_nc_ht=scontent-dfw5-2.cdninstagram.com&_nc_gid=BJC_iFW1PFa_OjlfgZdtbQ&_nc_ss=703ba&oh=00_Af_r_osQ3oep15CGVQpIksfEO99lL4oBjUCUUnyYju95LQ&oe=6A2B24FE","https://www.instagram.com/p/DYwz5CXkz0v/"
"18064538120459513","Prompt bhai","2026-06-06T03:53:22.000Z","ysu2u7dyd2h_duu3__7","https://scontent-dfw6-1.cdninstagram.com/v/t51.89012-19/573323465_1219825463302212_7278921664109726296_n.png?stp=dst-webp_s150x150&_nc_cat=1&ig_cache_key=YW5vbnltb3VzX3Byb2ZpbGVfcGlj.3-ccb7-5&ccb=7-5&_nc_sid=669407&efg=eyJ2ZW5jb2RlX3RhZyI6InByb2ZpbGVfcGljLnd3dy5DMyJ9&_nc_ohc=YQQEIw1CjK0Q7kNvwE1wf9y&_nc_oc=AdoiTsKM1xMSj06kzodp4yAqp45KO4EtGJXv_TJIrkHJOwUwm84W2hV68LklKGX4-iU&_nc_ad=z-m&_nc_cid=0&_nc_zt=24&_nc_ht=scontent-dfw6-1.cdninstagram.com&_nc_gid=BJC_iFW1PFa_OjlfgZdtbQ&_nc_ss=703ba&oh=00_Af-a0ZeXbXhOIauM7iunkhX4Jnl2l3uIEpixs4el8c9Xvg&oe=6A2B2D99","https://www.instagram.com/p/DYwz5CXkz0v/"
"18099021062328557","Prompt bhai","2026-05-27T05:47:55.000Z","coolest__bad_18","https://scontent-dfw6-1.cdninstagram.com/v/t51.82787-19/696248298_17982549555009334_1681360159235963670_n.jpg?stp=dst-jpg_e0_s150x150_tt6&_nc_cat=101&ig_cache_key=GOrnfyk212GWCOM-ABb7wBYoZFUXbmNDAQAB1501500j-ccb7-5&ccb=7-5&_nc_sid=669407&efg=eyJ2ZW5jb2RlX3RhZyI6InByb2ZpbGVfcGljLnd3dy4xMDgwLkMzIn0%3D&_nc_ohc=OBFyXKj1aEEQ7kNvwHMv5jv&_nc_oc=Adqmt8f1Iv4jJaRSAVCanacd89u28vTv-MObleYyJnza8obNApDw_P8_StEKlqz4tmE&_nc_ad=z-m&_nc_cid=0&_nc_zt=24&_nc_ht=scontent-dfw6-1.cdninstagram.com&_nc_gid=BJC_iFW1PFa_OjlfgZdtbQ&_nc_ss=703ba&oh=00_Af_U3L4AgKyYIWljGqJcQDohpPixE3ZIjjn1UBkV-Q18oA&oe=6A2B39E7","https://www.instagram.com/p/DYwz5CXkz0v/"
"18074988917652928","Prompt bhai","2026-06-06T00:07:48.000Z","pahlad12321","https://scontent-dfw5-1.cdninstagram.com/v/t51.82787-19/719099541_18010271846883554_8503963262176678670_n.jpg?stp=dst-jpg_e0_s150x150_tt6&_nc_cat=110&ig_cache_key=GJWW3Cri4L0vP-w-AA5TA-GHJQR2bmNDAQAB1501500j-ccb7-5&ccb=7-5&_nc_sid=669407&efg=eyJ2ZW5jb2RlX3RhZyI6InByb2ZpbGVfcGljLnd3dy4xMDgwLkMzIn0%3D&_nc_ohc=L6nise9xoPEQ7kNvwFXyHqC&_nc_oc=Adp5DHIXOW8TaVgLWymmwyAFzotcqLQX27Qjtyt-EDy7lkVyEPcSPpdIzeiwYzIDEQY&_nc_ad=z-m&_nc_cid=0&_nc_zt=24&_nc_ht=scontent-dfw5-1.cdninstagram.com&_nc_gid=BJC_iFW1PFa_OjlfgZdtbQ&_nc_ss=703ba&oh=00_Af8wtbAVBoVwjuCfeWBJcnMmYmVxiKWHAoSLSIln4EUjYg&oe=6A2B212B","https://www.instagram.com/p/DYwz5CXkz0v/"
"18057848654552230","Prompt plz ❤️❤️","2026-06-07T11:21:59.000Z","raivexp","https://scontent-dfw5-2.cdninstagram.com/v/t51.82787-19/715217248_18081193682205084_1776792315238739267_n.jpg?stp=dst-jpg_e0_s150x150_tt6&_nc_cat=100&ig_cache_key=GGBZoSqc_Yr2vzxAAEPtcmUyb6gYbmNDAQAB1501500j-ccb7-5&ccb=7-5&_nc_sid=669407&efg=eyJ2ZW5jb2RlX3RhZyI6InByb2ZpbGVfcGljLnd3dy44MzMuQzMifQ%3D%3D&_nc_ohc=uWFxlUQyG0EQ7kNvwFcWUj0&_nc_oc=Adr3SWlP_GSR54UjMQfjR-c-xG63W3yJK_oL7gHg-VJZBAArHF6Qy13rb0fsPq_SQno&_nc_ad=z-m&_nc_cid=0&_nc_zt=24&_nc_ht=scontent-dfw5-2.cdninstagram.com&_nc_gid=BJC_iFW1PFa_OjlfgZdtbQ&_nc_ss=703ba&oh=00_Af_jhC0nQ_FZW507Up0eLQV7zfGwi71RPB67WN7bv3sczw&oe=6A2B2DD3","https://www.instagram.com/p/DYwz5CXkz0v/"
"17919538041163101","Prompt bhai","2026-06-07T04:38:27.000Z","pk1316973","https://scontent-dfw5-2.cdninstagram.com/v/t51.82787-19/689847487_17914809402364425_2004653127611016658_n.jpg?stp=dst-jpg_e0_s150x150_tt6&_nc_cat=108&ig_cache_key=GL88HikJkqWabKU-ANJlIQFm9dEbbmNDAQAB1501500j-ccb7-5&ccb=7-5&_nc_sid=669407&efg=eyJ2ZW5jb2RlX3RhZyI6InByb2ZpbGVfcGljLnd3dy4xMDgwLkMzIn0%3D&_nc_ohc=pCWVx1koG-MQ7kNvwF7q-sx&_nc_oc=AdqW_jLSyzxL6XWRw4HPo7AuQRPnN7EobeAIkMrqC0Q-OHLC77RwheGglaxOCSnhwt8&_nc_ad=z-m&_nc_cid=0&_nc_zt=24&_nc_ht=scontent-dfw5-2.cdninstagram.com&_nc_gid=BJC_iFW1PFa_OjlfgZdtbQ&_nc_ss=703ba&oh=00_Af9HmKIcMVKHmBi0qWqfZU25bySPzhno2jKYesyQqS4Qyg&oe=6A2B3D30","https://www.instagram.com/p/DYwz5CXkz0v/"
"18106779646942555","Prompt🔥","2026-05-26T03:57:40.000Z","deepak_official002","https://scontent-dfw5-2.cdninstagram.com/v/t51.82787-19/705662070_17970564030060658_8713594137927995633_n.jpg?stp=dst-jpg_e0_s150x150_tt6&_nc_cat=100&ig_cache_key=GHaMDypy2Gz9Idg-APHQH6yz5_x4bmNDAQAB1501500j-ccb7-5&ccb=7-5&_nc_sid=669407&efg=eyJ2ZW5jb2RlX3RhZyI6InByb2ZpbGVfcGljLnd3dy4xMDgwLkMzIn0%3D&_nc_ohc=s-_ytIDPKb0Q7kNvwHt7Olz&_nc_oc=AdrdGstreVsXSgsK9pT2xeSFoJPgzsOV-Q69cYzWu2_GoYmMQyLdtJ6lsctRNDWoR6Q&_nc_ad=z-m&_nc_cid=0&_nc_zt=24&_nc_ht=scontent-dfw5-2.cdninstagram.com&_nc_gid=BJC_iFW1PFa_OjlfgZdtbQ&_nc_ss=703ba&oh=00_Af-mLeTrW8BJxzyOz3mLTxZTkl10WAhX6eqozIkR5Ki2cA&oe=6A2B42AE","https://www.instagram.com/p/DYwz5CXkz0v/"
"18089663561185124","Prompt bro","2026-06-05T20:26:55.000Z","malikiman9","https://scontent-dfw6-1.cdninstagram.com/v/t51.82787-19/711736674_17924366994353728_6866617180182410370_n.jpg?stp=dst-jpg_e0_s150x150_tt6&_nc_cat=101&ig_cache_key=GGI9bCpAroXnHa4-AIL0XcnxH0tfbmNDAQAB1501500j-ccb7-5&ccb=7-5&_nc_sid=669407&efg=eyJ2ZW5jb2RlX3RhZyI6InByb2ZpbGVfcGljLnd3dy42NDAuQzMifQ%3D%3D&_nc_ohc=jnOIatHW9wUQ7kNvwEpPt14&_nc_oc=AdohyCv6dBJyAKpUPTqLTLwsLv7m_wS9DzhLDGZ6W9FcrjUwSyNn4LNuAIlX7CeX6EQ&_nc_ad=z-m&_nc_cid=0&_nc_zt=24&_nc_ht=scontent-dfw6-1.cdninstagram.com&_nc_gid=BJC_iFW1PFa_OjlfgZdtbQ&_nc_ss=703ba&oh=00_Af-u4cGDe49MOOKT77ZB-Rx9MbR8QF5wUDAnbLAmEf7jyg&oe=6A2B2E92","https://www.instagram.com/p/DYwz5CXkz0v/"
"18105548833962948","Prompt","2026-06-06T15:41:17.000Z","i_____am_rohit","https://scontent-dfw5-1.cdninstagram.com/v/t51.82787-19/651299128_17879415384505339_8203495255497494404_n.jpg?stp=dst-jpg_e0_s150x150_tt6&_nc_cat=110&ig_cache_key=GDgJ0ib7_8jKO4U-AITPh4x4q9hxbmNDAQAB1501500j-ccb7-5&ccb=7-5&_nc_sid=669407&efg=eyJ2ZW5jb2RlX3RhZyI6InByb2ZpbGVfcGljLnd3dy4xMDgwLkMzIn0%3D&_nc_ohc=KZpzV2zGi9UQ7kNvwHI1J08&_nc_oc=Adp0z4mrKxi2ytPD_KFKPXuQkVJF-yHzyg4kWV-eqWdP8Zo2quBMRIP7FIdyozJo6dA&_nc_ad=z-m&_nc_cid=0&_nc_zt=24&_nc_ht=scontent-dfw5-1.cdninstagram.com&_nc_gid=BJC_iFW1PFa_OjlfgZdtbQ&_nc_ss=703ba&oh=00_Af8s5cJWsqqUXrJPOfGC94vsJUf2qlFM96XaluOFHLSZfw&oe=6A2B24FA","https://www.instagram.com/p/DYwz5CXkz0v/"
"17929737327323504","Stunning work ❤️","2026-06-06T19:42:58.000Z","cosmic_spirit_tw","https://scontent.cdninstagram.com/v/t51.82787-19/655975407_17870358252571245_6922696344861282436_n.jpg?stp=dst-jpg_s150x150_tt6&_nc_cat=111&ccb=7-5&_nc_sid=f7ccc5&efg=eyJ2ZW5jb2RlX3RhZyI6InByb2ZpbGVfcGljLnd3dy42OTUuQzMifQ%3D%3D&_nc_ohc=9Ye-tU1J_iQQ7kNvwH6DiXH&_nc_oc=AdpkFF02LyxLbXa5gKDAGNAD-xqXFke8-FvIlrene4JIv7czeKnwG8Z6v6vudJaHQMQ&_nc_zt=24&_nc_ht=scontent.cdninstagram.com&_nc_gid=Mx3QwneJDYuYKtGVSmqQyQ&_nc_ss=72a8c&oh=00_Af-qDRXYdl_xcCCPAnvlt6D7f4hSg5fxQlcnsHy8qSk-gA&oe=6A2B4700","https://www.instagram.com/p/DZJmBc5CPko/"
"18163557592446096","🦋 Absolutely enchanting. The details and symbolism are breathtaking. 🦋✨","2026-06-04T17:00:58.000Z","nita_aiart","https://scontent.cdninstagram.com/v/t51.82787-19/581995958_17919058458200945_4700972223961919056_n.jpg?stp=dst-jpg_s150x150_tt6&_nc_cat=105&ccb=7-5&_nc_sid=f7ccc5&efg=eyJ2ZW5jb2RlX3RhZyI6InByb2ZpbGVfcGljLnd3dy4xMDI0LkMzIn0%3D&_nc_ohc=IbZfbBB-KNMQ7kNvwE_da-g&_nc_oc=Adraxm3KYIe5Vo-dZCVohVxwhD0dD8OdXR2YNlcJxrvCFSNWaIyBcl7fNl26JghI0sA&_nc_zt=24&_nc_ht=scontent.cdninstagram.com&_nc_gid=Mx3QwneJDYuYKtGVSmqQyQ&_nc_ss=72a8c&oh=00_Af9WhjEAp_2Rn3hv7mEzxKLILezpB_nnkoEzXCoGZkHauw&oe=6A2B27FE","https://www.instagram.com/p/DZJmBc5CPko/"
"17971918974104475","❤️❤️nice","2026-06-04T16:27:09.000Z","crystal.moon.studio","https://scontent.cdninstagram.com/v/t51.82787-19/689030167_18131105770520114_8199635558142614722_n.jpg?stp=dst-jpg_s150x150_tt6&_nc_cat=109&ccb=7-5&_nc_sid=f7ccc5&efg=eyJ2ZW5jb2RlX3RhZyI6InByb2ZpbGVfcGljLnd3dy4xMDgwLkMzIn0%3D&_nc_ohc=VC-F8umwg40Q7kNvwGE0kcm&_nc_oc=Adqolk-eSD8MXOpoma0JDYeWgYeUeA4Fjr_oPZOb-De9dQ7EOFzhFRL7HYehdOz7Yjg&_nc_zt=24&_nc_ht=scontent.cdninstagram.com&_nc_gid=Mx3QwneJDYuYKtGVSmqQyQ&_nc_ss=72a8c&oh=00_Af_dzXYWGU0RE6rHZTmgr6rgTocCGE8duBrJ-g9ARYOokA&oe=6A2B4DBA","https://www.instagram.com/p/DZJmBc5CPko/"
"17965358268095505","So magnificent and brilliant ❤️‍🔥❤️‍🔥❤️‍🔥❤️‍🔥❤️‍🔥❤️‍🔥❤️‍🔥❤️‍🔥💝💝💝","2026-06-04T15:46:48.000Z","beautiful_tulip06","https://scontent.cdninstagram.com/v/t51.82787-19/685367645_17925866370311765_3523504292342018163_n.jpg?stp=dst-jpg_s150x150_tt6&_nc_cat=109&ccb=7-5&_nc_sid=f7ccc5&efg=eyJ2ZW5jb2RlX3RhZyI6InByb2ZpbGVfcGljLnd3dy4xMDgwLkMzIn0%3D&_nc_ohc=Zkm_0zZmk5YQ7kNvwFIA8T_&_nc_oc=Adp1GQBURiPow-MOg9rQkYkokvSvlkPK4FV9lG4bIdMfOCDwvD25c4zrvyh4E1Dxuqs&_nc_zt=24&_nc_ht=scontent.cdninstagram.com&_nc_gid=Mx3QwneJDYuYKtGVSmqQyQ&_nc_ss=72a8c&oh=00_Af-W5Vw87stqb9-Sur_pq8xNM2SU68IcrOGXymOt3Muibw&oe=6A2B1C71","https://www.instagram.com/p/DZJmBc5CPko/"
"18075505115463628","Beautiful 😍","2026-06-04T14:37:49.000Z","threadink26","https://scontent.cdninstagram.com/v/t51.82787-19/681472324_17949525759136407_421515382222436795_n.jpg?stp=dst-jpg_s150x150_tt6&_nc_cat=106&ccb=7-5&_nc_sid=f7ccc5&efg=eyJ2ZW5jb2RlX3RhZyI6InByb2ZpbGVfcGljLnd3dy4xMDgwLkMzIn0%3D&_nc_ohc=MAofu06VjvAQ7kNvwGx2RRk&_nc_oc=Adr4BM2phww0o4n6px_osuVbrkR0veimqKLBznaar9kmuaaFIabcioPuS4vQg_jRoPM&_nc_zt=24&_nc_ht=scontent.cdninstagram.com&_nc_gid=Mx3QwneJDYuYKtGVSmqQyQ&_nc_ss=72a8c&oh=00_Af_9R2biuRLX9KKIbiwpx0-1V93LdZGAr6EWy06kEPOEYA&oe=6A2B2FDE","https://www.instagram.com/p/DZJmBc5CPko/"
"17869031766621008","❤️❤️🔥","2026-06-04T14:24:37.000Z","celebrities.crying","https://scontent.cdninstagram.com/v/t51.82787-19/559449636_17848423344573523_5413693173018076905_n.jpg?stp=dst-jpg_s150x150_tt6&_nc_cat=111&ccb=7-5&_nc_sid=f7ccc5&efg=eyJ2ZW5jb2RlX3RhZyI6InByb2ZpbGVfcGljLnd3dy41MjUuQzMifQ%3D%3D&_nc_ohc=Pycaqzo5eT0Q7kNvwE_xihA&_nc_oc=AdpcPUCRSDVbsQEd-ZlarJAx2y-OwUOrQoFo1vhlvzE84bHhHKCWcRxMjs3idiKEoJU&_nc_zt=24&_nc_ht=scontent.cdninstagram.com&_nc_gid=Mx3QwneJDYuYKtGVSmqQyQ&_nc_ss=72a8c&oh=00_Af9I3Fp_Wru7TPMyxRhwI9RqR-_rwEEdmJbvD8wbOZ3FNw&oe=6A2B2695","https://www.instagram.com/p/DZJmBc5CPko/"
"18011350958719960","Beautiful❤️","2026-06-04T13:53:44.000Z","ai.khtoora","https://scontent.cdninstagram.com/v/t51.2885-19/472700166_499109209927006_3284522148202991408_n.jpg?stp=dst-jpg_s150x150_tt6&_nc_cat=111&ccb=7-5&_nc_sid=f7ccc5&efg=eyJ2ZW5jb2RlX3RhZyI6InByb2ZpbGVfcGljLnd3dy4xMDgwLkMzIn0%3D&_nc_ohc=rK7f8QAWSvIQ7kNvwELUTPa&_nc_oc=Ado5c2b-QSDYOogy8qAEHaXipIBjlR8pQGeAujiD5-ll9fxt1T0uiyshX29EQIkAYyc&_nc_zt=24&_nc_ht=scontent.cdninstagram.com&_nc_ss=72a8c&oh=00_Af-ebRq0X0qW6OtLRG6cjKoqN6S0z7g8wLhkMxYUCDdARw&oe=6A2B2411","https://www.instagram.com/p/DZJmBc5CPko/"
"18103782362081745","Love it ❤ nice set 😍","2026-06-04T13:52:17.000Z","sandrietta_art","https://scontent.cdninstagram.com/v/t51.2885-19/487137355_2059434167858072_1639311910765246271_n.jpg?stp=dst-jpg_s150x150_tt6&_nc_cat=111&ccb=7-5&_nc_sid=f7ccc5&efg=eyJ2ZW5jb2RlX3RhZyI6InByb2ZpbGVfcGljLnd3dy45NjAuQzMifQ%3D%3D&_nc_ohc=xToJND2QgikQ7kNvwEtz9XR&_nc_oc=AdqRAGjVNKPskKLkg2GEfSl8nhuT3m7ndHEdrbHNM7kyiJiDHB9zH0YE7HCQ5U3p9Eo&_nc_zt=24&_nc_ht=scontent.cdninstagram.com&_nc_ss=72a8c&oh=00_Af8jcQxonRbLk5pmu71KLlZtTguXDZqc08RTYWqo9nU_8Q&oe=6A2B29D7","https://www.instagram.com/p/DZJmBc5CPko/"
"18112856570495131","Fantastic set 🦋✨️🦋","2026-06-04T13:16:50.000Z","j.ki.art","https://scontent.cdninstagram.com/v/t51.82787-19/673007043_17867116398668533_2814122507216929218_n.jpg?stp=dst-jpg_s150x150_tt6&_nc_cat=110&ccb=7-5&_nc_sid=f7ccc5&efg=eyJ2ZW5jb2RlX3RhZyI6InByb2ZpbGVfcGljLnd3dy4xMDgwLkMzIn0%3D&_nc_ohc=jtSyIHGtBo0Q7kNvwGZVbU5&_nc_oc=AdoWxScCWFx7tEmCIy_Sf3TW_2imw2tHhVqyHQpaqn3sPjPdWyDvLhDsPzbkRyeVQAs&_nc_zt=24&_nc_ht=scontent.cdninstagram.com&_nc_gid=Mx3QwneJDYuYKtGVSmqQyQ&_nc_ss=72a8c&oh=00_Af_9HTkPV_sGSmIjdoTzDV8rBfX2VvTAfIpYnzc3XJB3aQ&oe=6A2B47B9","https://www.instagram.com/p/DZJmBc5CPko/"
"18110433335486549","😍👏🔥","2026-06-04T13:14:19.000Z","aiart_queen","https://scontent.cdninstagram.com/v/t51.82787-19/607039707_17991859937861340_8240683204825741818_n.jpg?stp=dst-jpg_s150x150_tt6&_nc_cat=110&ccb=7-5&_nc_sid=f7ccc5&efg=eyJ2ZW5jb2RlX3RhZyI6InByb2ZpbGVfcGljLnd3dy42ODguQzMifQ%3D%3D&_nc_ohc=-1yyiAtcCpsQ7kNvwFy4iFS&_nc_oc=AdpoVQXFgE9w_0AAmlS0qtDVYavsiPUNc2abgWJn_MbzQfb07AVqgqP4OQOWYP0n9cM&_nc_zt=24&_nc_ht=scontent.cdninstagram.com&_nc_gid=Mx3QwneJDYuYKtGVSmqQyQ&_nc_ss=72a8c&oh=00_Af_R3HIox4jPxFyiIhTiKbtOwvFkiU3mi_6K7caDY69JBQ&oe=6A2B249E","https://www.instagram.com/p/DZJmBc5CPko/"
"17885708655563025","Lovely! 😍😍","2026-06-04T13:11:05.000Z","peeach.ai","https://scontent.cdninstagram.com/v/t51.82787-19/707339882_17881749495578598_3741573943840246951_n.jpg?stp=dst-jpg_s150x150_tt6&_nc_cat=110&ccb=7-5&_nc_sid=f7ccc5&efg=eyJ2ZW5jb2RlX3RhZyI6InByb2ZpbGVfcGljLnd3dy4xMDgwLkMzIn0%3D&_nc_ohc=9FHCo9JD8VcQ7kNvwEuZzz3&_nc_oc=AdqfOBwP6J4EGS_bjHewvEBiEQv3ZVWsrTblIsxRMNeZLDbmpBQLqkmJNC4hCw3Du6I&_nc_zt=24&_nc_ht=scontent.cdninstagram.com&_nc_gid=Mx3QwneJDYuYKtGVSmqQyQ&_nc_ss=72a8c&oh=00_Af_vzJKtvQZNdo-XlMtxLVi7QNd5tw8MUDUqCBKWJBYNnw&oe=6A2B4B5F","https://www.instagram.com/p/DZJmBc5CPko/"
"18222593335316068","Amazing 😍😍😍","2026-06-04T13:10:31.000Z","drawing_and_dreaming_aiart","https://scontent.cdninstagram.com/v/t51.82787-19/532194736_17861244630460402_282553005458266779_n.jpg?stp=dst-jpg_s150x150_tt6&_nc_cat=111&ccb=7-5&_nc_sid=f7ccc5&efg=eyJ2ZW5jb2RlX3RhZyI6InByb2ZpbGVfcGljLnd3dy4xMDgwLkMzIn0%3D&_nc_ohc=cmCMrrUWqDEQ7kNvwHgj80Y&_nc_oc=AdrAEiW77-xrjNHY8BtD6_QXK0USrKmG01omK68bRXgCNCfoAoXQcrTxyWOeCXNx9WQ&_nc_zt=24&_nc_ht=scontent.cdninstagram.com&_nc_gid=Mx3QwneJDYuYKtGVSmqQyQ&_nc_ss=72a8c&oh=00_Af9LJmjyV-poprzX-twdOma21_H-h9kk_iRuQFcA2wTTBw&oe=6A2B23D6","https://www.instagram.com/p/DZJmBc5CPko/"
"18002069588933837","","2026-06-04T09:40:19.000Z","77aziz","https://scontent.cdninstagram.com/v/t51.2885-19/460977503_8289354577824013_8987334908116128551_n.jpg?stp=dst-jpg_s150x150_tt6&_nc_cat=109&ccb=7-5&_nc_sid=f7ccc5&efg=eyJ2ZW5jb2RlX3RhZyI6InByb2ZpbGVfcGljLnd3dy4xMDgwLkMzIn0%3D&_nc_ohc=BDEOaj4r0PwQ7kNvwH0Igho&_nc_oc=AdoRVxWhfUngAdTLIvFGKH0mFwE9hBwvTEkB90n1P4zPlfNOmJCRx93Rai7q_c_ftqw&_nc_zt=24&_nc_ht=scontent.cdninstagram.com&_nc_ss=72a8c&oh=00_Af-cnyGRkR7jkVH0WkjKMaWfqxnVAJdvgdkYsYXlN8AJYQ&oe=6A2B2778","https://www.instagram.com/p/DZJmBc5CPko/"
"18176032039406555","❤️❤️Loveliness!!","2026-06-04T09:26:01.000Z","revondarosearts","https://scontent.cdninstagram.com/v/t51.82787-19/689179569_18098164942907493_6634529321567761862_n.jpg?stp=dst-jpg_s150x150_tt6&_nc_cat=101&ccb=7-5&_nc_sid=f7ccc5&efg=eyJ2ZW5jb2RlX3RhZyI6InByb2ZpbGVfcGljLnd3dy4xMDgwLkMzIn0%3D&_nc_ohc=ypcV7jO1658Q7kNvwG36zRk&_nc_oc=AdqZIXpzhVwrBLknPFoRigqSjKkXQtOSDYZsIgpmP-BxQ70F9I-jczw5UH5HbsrXDZY&_nc_zt=24&_nc_ht=scontent.cdninstagram.com&_nc_gid=Mx3QwneJDYuYKtGVSmqQyQ&_nc_ss=72a8c&oh=00_Af_zgnY3_d3fHNIzLGx-aeUNX-THUyzRe_mpf9GqC8Lvxg&oe=6A2B46D5","https://www.instagram.com/p/DZJmBc5CPko/"
"18011105801718363","Gorggeeeouusss😍😍😍😍😍😍","2026-06-04T08:40:19.000Z","esraa_j_hayder","https://scontent.cdninstagram.com/v/t51.82787-19/523244067_18404039314114022_1669295874185021304_n.jpg?stp=dst-jpg_s150x150_tt6&_nc_cat=107&ccb=7-5&_nc_sid=f7ccc5&efg=eyJ2ZW5jb2RlX3RhZyI6InByb2ZpbGVfcGljLnd3dy4xMDgwLkMzIn0%3D&_nc_ohc=otJc3q9xm-kQ7kNvwHuzMaV&_nc_oc=AdrrJkun0ijNv2aFs-8iFx37TZ24i7uwh35D1OWnTaQVkG7XWPnzHaly4e1RSNthPXM&_nc_zt=24&_nc_ht=scontent.cdninstagram.com&_nc_gid=Mx3QwneJDYuYKtGVSmqQyQ&_nc_ss=72a8c&oh=00_Af98DeaGEPYfRpnooyWGklBxTtkIOenvCTZGOEEef46gTg&oe=6A2B1E3F","https://www.instagram.com/p/DZJmBc5CPko/"
"18093896285464766","افرین 😂","2026-05-27T18:07:24.000Z","mar_yam63m","https://scontent-mia3-3.cdninstagram.com/v/t51.75761-19/500329860_17932929204023759_6046426531688974216_n.jpg?stp=dst-jpg_s150x150_tt6&_nc_cat=109&ccb=7-5&_nc_sid=f7ccc5&efg=eyJ2ZW5jb2RlX3RhZyI6InByb2ZpbGVfcGljLnd3dy4xMDgwLkMzIn0%3D&_nc_ohc=hSDLUv-EuCoQ7kNvwFtgc_U&_nc_oc=AdqA1eUS4GoEJqtn4IZHQvPJetzzvwr8CWJHv7cHh360Y9fY4EBukxGJjZJM8ieObDM&_nc_zt=24&_nc_ht=scontent-mia3-3.cdninstagram.com&_nc_gid=wX3s6DKaspJrJkpP3hhQZg&_nc_ss=7ba8c&oh=00_Af-CjX_iYylvlotQrFpWVMYY7ZNZKbmE57ncSeLpFdkjTQ&oe=6A2B436D","https://www.instagram.com/p/DYj_rFRtM_8/"
"18212464018332869","Please create that kind of prompt for hijabi saree or 3pis","2026-06-04T15:50:05.000Z","nasrinbanu1920","https://scontent-iad6-1.cdninstagram.com/v/t51.2885-19/422844932_1561513621289409_1018076193628357669_n.jpg?stp=dst-jpg_s150x150_tt6&_nc_cat=102&ccb=7-5&_nc_sid=f7ccc5&efg=eyJ2ZW5jb2RlX3RhZyI6InByb2ZpbGVfcGljLnd3dy43MDkuQzMifQ%3D%3D&_nc_ohc=v5si6eObjUgQ7kNvwEDYLTn&_nc_oc=AdrmmCzEo6JmDTeIUAMhm4eCa1Ekhr2IJRnwDSm3YmEuy9MdVJC_roMuXzG9Uie2vkEKU6nSTM8QzWlGrVv2rE3y&_nc_zt=24&_nc_ht=scontent-iad6-1.cdninstagram.com&_nc_ss=72a8c&oh=00_Af-QXJwuLGWDcqrtzxgsJGfQlf_aEK1aBGatOaEu6ebW_A&oe=6A2B1D2D","https://www.instagram.com/p/DYFQew-Fqv5/"
"18110865403894121","❤️❤️❤️❤️❤️❤️❤️❤️❤️❤️❤️❤️❤️❤️❤️❤️❤️❤️❤️❤️❤️❤️❤️❤️❤️❤️❤️❤️❤️❤️❤️❤️❤️❤️❤️❤️❤️❤️❤️❤️❤️❤️❤️❤️❤️❤️❤️❤️❤️❤️❤️❤️❤️❤️❤️❤️❤️❤️","2026-05-29T05:51:09.000Z","smiling_____princess______p","https://scontent-iad3-2.cdninstagram.com/v/t51.82787-19/670814497_17946818565140470_6173241258347621669_n.jpg?stp=dst-jpg_s150x150_tt6&_nc_cat=103&ccb=7-5&_nc_sid=f7ccc5&efg=eyJ2ZW5jb2RlX3RhZyI6InByb2ZpbGVfcGljLnd3dy4xMDgwLkMzIn0%3D&_nc_ohc=vTuAi3iHQiwQ7kNvwGSKjvb&_nc_oc=Adp-4KhZbhMAQkDIWN-ksDxzbD4qXME26Nut3KDqUuFezLwNV6iyuQNG1skKVb2--buPo-WveDTG2IJyzCljEP1f&_nc_zt=24&_nc_ht=scontent-iad3-2.cdninstagram.com&_nc_gid=7d6fkv6Pg1_Wg6DlF9rZPw&_nc_ss=72a8c&oh=00_Af_i4ng65UQ__ZWU5VeCkSwMCgY9MdIyJ8K9jpgES9BxQQ&oe=6A2B2C85","https://www.instagram.com/p/DYFQew-Fqv5/"
"17871736389613681","Beautiful ❤️","2026-05-24T17:07:16.000Z","_gwiyeowoyo0t7_k786","https://scontent-iad6-1.cdninstagram.com/v/t51.82787-19/712583578_17895147546468711_7914432800612972295_n.jpg?stp=dst-jpg_s150x150_tt6&_nc_cat=102&ccb=7-5&_nc_sid=f7ccc5&efg=eyJ2ZW5jb2RlX3RhZyI6InByb2ZpbGVfcGljLnd3dy4xMDgwLkMzIn0%3D&_nc_ohc=SoJUQ6I7L5gQ7kNvwFfwZPw&_nc_oc=AdpnZ9AQz9ZCi2YNhRChJG1W2uQwTDwl9gvyuAfVe7mpA5cDVJj8ThQpU9KHPINGheV8YzWKG0rEAwj2B5NTk-ZZ&_nc_zt=24&_nc_ht=scontent-iad6-1.cdninstagram.com&_nc_gid=7d6fkv6Pg1_Wg6DlF9rZPw&_nc_ss=72a8c&oh=00_Af9vh3aba6zD0Wln8SBjTqQDPgEh6xS_HnQGlTdHDa6DIw&oe=6A2B2F46","https://www.instagram.com/p/DYFQew-Fqv5/"
"18077650382216715","😍😍😍","2026-05-22T09:58:04.000Z","animeartistry48","https://scontent-iad6-1.cdninstagram.com/v/t51.2885-19/460147605_912550100713775_1014044505488338016_n.jpg?stp=dst-jpg_s150x150_tt6&_nc_cat=102&ccb=7-5&_nc_sid=f7ccc5&efg=eyJ2ZW5jb2RlX3RhZyI6InByb2ZpbGVfcGljLnd3dy4xMDgwLkMzIn0%3D&_nc_ohc=_ECOphrneOUQ7kNvwHiMvIn&_nc_oc=Adrxip_GNezpI3dTU1Yf4V1csMGrJiv25jBvVobxzsXC2jJzhDPD_w_ZVc-KBOVM6-B8UFIUy21UAxK3DWsdJnXZ&_nc_zt=24&_nc_ht=scontent-iad6-1.cdninstagram.com&_nc_ss=72a8c&oh=00_Af-waYXrsTba_WF-kC9Or-eHdwajSqf_vm6AQvWOsf7B3Q&oe=6A2B3348","https://www.instagram.com/p/DYFQew-Fqv5/"
"17945417412016547","https://www.instagram.com/p/DYFQew-Fqv5/?img_index=6&igsh=aHpzdmQ4dzh0a3k=","2026-05-21T14:54:50.000Z","tanyasinghrajput399","https://scontent-iad3-1.cdninstagram.com/v/t51.82787-19/709756563_18109206409806373_8839091998162158226_n.jpg?stp=dst-jpg_s150x150_tt6&_nc_cat=110&ccb=7-5&_nc_sid=f7ccc5&efg=eyJ2ZW5jb2RlX3RhZyI6InByb2ZpbGVfcGljLnd3dy4xMDgwLkMzIn0%3D&_nc_ohc=CvL4YD8AESkQ7kNvwHumYt3&_nc_oc=AdokmkOl4VuZywdo1HJtgYdhycLLKz-d5c-BmFfMgh3C9BEuivI9oQPHarFejKuuy0ubQyeRBioRjYOLwF57W9el&_nc_zt=24&_nc_ht=scontent-iad3-1.cdninstagram.com&_nc_gid=7d6fkv6Pg1_Wg6DlF9rZPw&_nc_ss=72a8c&oh=00_Af8W5WYHuV1Xg3ExPH1fBJhlxhgw6fLporaED1NvZxYsrQ&oe=6A2B448A","https://www.instagram.com/p/DYFQew-Fqv5/"
"18193267015371640","Awesome😍","2026-05-20T17:33:42.000Z","4kgrid","https://scontent-iad3-2.cdninstagram.com/v/t51.82787-19/702625106_17880394098579568_6357587466624433706_n.jpg?stp=dst-jpg_s150x150_tt6&_nc_cat=111&ccb=7-5&_nc_sid=f7ccc5&efg=eyJ2ZW5jb2RlX3RhZyI6InByb2ZpbGVfcGljLnd3dy4xMDgwLkMzIn0%3D&_nc_ohc=nnCeMl1_BDkQ7kNvwHvRDR0&_nc_oc=AdohXGvCVNv8pN_8jO9kE5KH8e2AucnXxF4EkM78K6UVoRycXuC7rp4ZSqxNXTPewkvotmI0aa_O3dmf1F5UPNko&_nc_zt=24&_nc_ht=scontent-iad3-2.cdninstagram.com&_nc_gid=7d6fkv6Pg1_Wg6DlF9rZPw&_nc_ss=72a8c&oh=00_Af9o0TV2qIC_D9uuE1-fZ7owkuOUg42_cAMU95_WCAu3cw&oe=6A2B49BC","https://www.instagram.com/p/DYFQew-Fqv5/"
"17926155678315321","Beautiful ❤️❤️❤️","2026-05-20T06:19:10.000Z","sunita.saini.90663","https://scontent-iad3-1.cdninstagram.com/v/t51.2885-19/298822340_115747567896046_1695029521711071773_n.jpg?stp=dst-jpg_s150x150_tt6&_nc_cat=101&ccb=7-5&_nc_sid=f7ccc5&efg=eyJ2ZW5jb2RlX3RhZyI6InByb2ZpbGVfcGljLnd3dy43MDEuQzMifQ%3D%3D&_nc_ohc=F9K77bHfuvoQ7kNvwEVyKQo&_nc_oc=AdqvVbRYJMSBR4prju-8Jdya9FXTg0MI_nKdIrvSax2oIRS5OzmaXkUzT2Zy4Ci4x3gQvlUgy6Syb45SvUz02cx2&_nc_zt=24&_nc_ht=scontent-iad3-1.cdninstagram.com&_nc_ss=72a8c&oh=00_Af9fdEHnJBXulg1aUORO9UmyN3EcNElJWVt_gjrdp8t67Q&oe=6A2B2CFD","https://www.instagram.com/p/DYFQew-Fqv5/"
"18063013697452680","@","2026-05-19T03:42:14.000Z","worldofsoulvibe_","https://scontent-iad3-1.cdninstagram.com/v/t51.82787-19/693520351_18129679312517565_6337666125156100753_n.jpg?stp=dst-jpg_s150x150_tt6&_nc_cat=104&ccb=7-5&_nc_sid=f7ccc5&efg=eyJ2ZW5jb2RlX3RhZyI6InByb2ZpbGVfcGljLnd3dy4xMDgwLkMzIn0%3D&_nc_ohc=A6rVd_US5UkQ7kNvwH62uKJ&_nc_oc=AdqHxYsC_nTjExeLc4uiCiZy-JEMX3njemWANkiMKKq3BgHmFQZ9J4mfd6k3U5HBy8XOAFqHe9AzahTt3qMpDm8j&_nc_zt=24&_nc_ht=scontent-iad3-1.cdninstagram.com&_nc_gid=7d6fkv6Pg1_Wg6DlF9rZPw&_nc_ss=72a8c&oh=00_Af-154Hc5cnSFygf2AOCR_ob-j9uzh-95o-RULYR0gvHvw&oe=6A2B3A4C","https://www.instagram.com/p/DYFQew-Fqv5/"
"18104590100297151","❤️❤️❤️","2026-05-18T04:34:34.000Z","shyam__desi","https://scontent-iad3-1.cdninstagram.com/v/t51.82787-19/710572486_17965327998082622_7274345870366406809_n.jpg?stp=dst-jpg_s150x150_tt6&_nc_cat=101&ccb=7-5&_nc_sid=f7ccc5&efg=eyJ2ZW5jb2RlX3RhZyI6InByb2ZpbGVfcGljLnd3dy4xMDgwLkMzIn0%3D&_nc_ohc=MLgk3f7jfJUQ7kNvwFpLyHi&_nc_oc=Adp8cIgma2BcrB9sUgOfKxHO8-x0I-2TbM5qfWEd4-ZnP2AmY47CpHF_LVsaz8Yn-pi7L80hzVVnrtnfBS_xiJ3i&_nc_zt=24&_nc_ht=scontent-iad3-1.cdninstagram.com&_nc_gid=7d6fkv6Pg1_Wg6DlF9rZPw&_nc_ss=72a8c&oh=00_Af8NdICORqXdgaKhhoaHaViWSuCrKv84xewQheMXRNBtTQ&oe=6A2B2930","https://www.instagram.com/p/DYFQew-Fqv5/"
"18108643633922628","🥺😡why are doing like this . I can't choose one , you making all the edit awesome my mind was studden in the edit my brain is not braining now , heart only wrking like (hey pick all the pictures at once)😖😩🤍","2026-05-17T15:55:06.000Z","ice_viel73","https://scontent-iad6-1.cdninstagram.com/v/t51.82787-19/719828225_17892598449523784_5730630962000827311_n.jpg?stp=dst-jpg_s150x150_tt6&_nc_cat=100&ccb=7-5&_nc_sid=f7ccc5&efg=eyJ2ZW5jb2RlX3RhZyI6InByb2ZpbGVfcGljLnd3dy4xMDgwLkMzIn0%3D&_nc_ohc=0mUoZ5EscCwQ7kNvwFp04zH&_nc_oc=Adq1g3x5J7-AxQ3-z3seNIXaLRZwGLs-N6ecOYlCRlMCXKiCU7CUtw0qyJxFVFkUlagR4nJRAbe7ksknPCIflHZG&_nc_zt=24&_nc_ht=scontent-iad6-1.cdninstagram.com&_nc_gid=7d6fkv6Pg1_Wg6DlF9rZPw&_nc_ss=72a8c&oh=00_Af_lHM2OVGeKrqdFR7PDseoPNUVoDaUGYg7WsaLkI1hpHg&oe=6A2B21CA","https://www.instagram.com/p/DYFQew-Fqv5/"
"18055729883504784","❤️❤️❤️","2026-05-17T07:33:36.000Z","king____golu____302","https://scontent-iad3-1.cdninstagram.com/v/t51.82787-19/631480817_17931528231197420_3380145992631653621_n.jpg?stp=dst-jpg_s150x150_tt6&_nc_cat=104&ccb=7-5&_nc_sid=f7ccc5&efg=eyJ2ZW5jb2RlX3RhZyI6InByb2ZpbGVfcGljLnd3dy4xMDgwLkMzIn0%3D&_nc_ohc=Ptem9WksWEwQ7kNvwG68YQG&_nc_oc=AdrAwtsdEyhad-sJJl2A6fMv1EfOTTSwm5MmoLCqcR2Id0X97371VNH6O4otpTTOyZv1JGo5cGB01mr-0oQqY8r7&_nc_zt=24&_nc_ht=scontent-iad3-1.cdninstagram.com&_nc_gid=7d6fkv6Pg1_Wg6DlF9rZPw&_nc_ss=72a8c&oh=00_Af9xDRW0wlfJp_4-XspMCDJ-2HcXMpgizSiU-D5MrV1dAw&oe=6A2B3526","https://www.instagram.com/p/DYFQew-Fqv5/"
"18074159363271674","❤️❤️❤️","2026-05-16T10:06:35.000Z","lipika__977","https://scontent-iad6-1.cdninstagram.com/v/t51.82787-19/669700358_17874889608574363_1751496325115500454_n.jpg?stp=dst-jpg_s150x150_tt6&_nc_cat=107&ccb=7-5&_nc_sid=f7ccc5&efg=eyJ2ZW5jb2RlX3RhZyI6InByb2ZpbGVfcGljLnd3dy4xMDgwLkMzIn0%3D&_nc_ohc=va9qbL3sKyAQ7kNvwEzn0O3&_nc_oc=AdojHCeq7FNxP7Iur9QAZlueKOcYfZVOwR8T3LhTkmbD5nvuqaSr7P3gI2uA82esguzelz1p0Unsld_3wUU3sbYg&_nc_zt=24&_nc_ht=scontent-iad6-1.cdninstagram.com&_nc_gid=7d6fkv6Pg1_Wg6DlF9rZPw&_nc_ss=72a8c&oh=00_Af--ytFb8BkapRSLIO1dtGlNhkcfWMjW4D_bmehQKwhcPQ&oe=6A2B2C13","https://www.instagram.com/p/DYFQew-Fqv5/"
"17984736035822317","😍😍","2026-05-16T07:23:08.000Z","neylqira","https://scontent-iad6-1.cdninstagram.com/v/t51.82787-19/632332859_18562071541001523_945526682109532856_n.jpg?stp=dst-jpg_s150x150_tt6&_nc_cat=100&ccb=7-5&_nc_sid=f7ccc5&efg=eyJ2ZW5jb2RlX3RhZyI6InByb2ZpbGVfcGljLnd3dy4xMDgwLkMzIn0%3D&_nc_ohc=jVP7w1-jSe4Q7kNvwFuwDCc&_nc_oc=AdrQ-z5mNsCtAQ7IfaAr-mvp__UmWyozRp_1TRAkZIouhhBOfyugIskrjP8LP5ptWsVYLlhhuWH24ajRtky7j9yB&_nc_zt=24&_nc_ht=scontent-iad6-1.cdninstagram.com&_nc_gid=7d6fkv6Pg1_Wg6DlF9rZPw&_nc_ss=72a8c&oh=00_Af-YRikOJtBhy_3c7SfYHi_Kbof8cyJ9wcIvb1Qty1hoag&oe=6A2B2254","https://www.instagram.com/p/DYFQew-Fqv5/"
"18093782699223737","❤️❤️❤️","2026-05-15T17:36:02.000Z","84_s_h","https://scontent-iad6-1.cdninstagram.com/v/t51.82787-19/575201363_18046776704683344_8090333421098218576_n.jpg?stp=dst-jpg_s150x150_tt6&_nc_cat=109&ccb=7-5&_nc_sid=f7ccc5&efg=eyJ2ZW5jb2RlX3RhZyI6InByb2ZpbGVfcGljLnd3dy43NTAuQzMifQ%3D%3D&_nc_ohc=EyKBWtkVq4UQ7kNvwFIUTzo&_nc_oc=AdpRA1ZNwrfi8JTQG1wHavz8gCWX026Tkvl9NrvRlaMso1EtKVTkjte5C4ueTamBkSbhw45gASfaKWx5loRGzFNK&_nc_zt=24&_nc_ht=scontent-iad6-1.cdninstagram.com&_nc_gid=7d6fkv6Pg1_Wg6DlF9rZPw&_nc_ss=72a8c&oh=00_Af_ynfdvojvgYm8obet24MYGsyQY14YBqDbXUqGqkDJ8oQ&oe=6A2B1D47","https://www.instagram.com/p/DYFQew-Fqv5/"
"18311019583263056","❤️❤️❤️❤️❤️❤️","2026-05-14T17:15:15.000Z","deepmala__raj","https://scontent-iad3-2.cdninstagram.com/v/t51.2885-19/448852821_1199206914838562_2974128947972354038_n.jpg?stp=dst-jpg_s150x150_tt6&_nc_cat=111&ccb=7-5&_nc_sid=f7ccc5&efg=eyJ2ZW5jb2RlX3RhZyI6InByb2ZpbGVfcGljLnd3dy41MzYuQzMifQ%3D%3D&_nc_ohc=rdwYt7CBzX8Q7kNvwG-ljjP&_nc_oc=AdoUVJXu8h7E7x016KBZYj8iPHnbUdM6X5ASShfX45Z-5ImPn_6uaoKfpF5kpTYxTQ1irWmql_SeMvGuyEvh0lLr&_nc_zt=24&_nc_ht=scontent-iad3-2.cdninstagram.com&_nc_ss=72a8c&oh=00_Af8JwFDp2-lmK2v2XBtR-yKPlGuskb_5kVHxdNcZSI-wtg&oe=6A2B453E","https://www.instagram.com/p/DYFQew-Fqv5/"
"18017713586688534","🔥🔥❤️❤️👏🔥❤️","2026-06-05T11:36:00.000Z","oksanka_korogod","https://scontent-lga3-2.cdninstagram.com/v/t51.82787-19/670452539_18006881429890723_1663048031384183301_n.jpg?stp=dst-jpg_s150x150_tt6&_nc_cat=100&ccb=7-5&_nc_sid=f7ccc5&efg=eyJ2ZW5jb2RlX3RhZyI6InByb2ZpbGVfcGljLnd3dy4xMDgwLkMzIn0%3D&_nc_ohc=12SiZCXyzmAQ7kNvwGwjvci&_nc_oc=Adr2w2Z5j8TSsmsHHMHzQ7mxTooGyOOhodetVSVB3kTTiaGjW-4Yi17SgSjaU8aDRyk&_nc_zt=24&_nc_ht=scontent-lga3-2.cdninstagram.com&_nc_gid=lTFc3ImHYDIJ6f_OHJ3erQ&_nc_ss=7ca8c&oh=00_Af8aTl8MMwpI5ybd4mB3K4ZZ9vj8FjNg13XCk4Li9lcBYg&oe=6A2B2C2E","https://www.instagram.com/p/DYq3Z4EiCL-/"
"18100944941109912","❤👏","2026-06-04T18:32:36.000Z","theresa.visual.studio","https://scontent-lga3-1.cdninstagram.com/v/t51.82787-19/710279818_17867645694620845_1009306995009698670_n.jpg?stp=dst-jpg_s150x150_tt6&_nc_cat=111&ccb=7-5&_nc_sid=f7ccc5&efg=eyJ2ZW5jb2RlX3RhZyI6InByb2ZpbGVfcGljLnd3dy4xMDgwLkMzIn0%3D&_nc_ohc=LWvz3BtLSMQQ7kNvwHANgfx&_nc_oc=AdrBBT9Hp502jsCFS5Xl-YW_R_AcmRZmTIEG24Uj-Tu-nZMSaTB1QB93OC5rR0tleFc&_nc_zt=24&_nc_ht=scontent-lga3-1.cdninstagram.com&_nc_gid=lTFc3ImHYDIJ6f_OHJ3erQ&_nc_ss=7ca8c&oh=00_Af8aQvDDeTERURqQLkVR73GxqNrMDO2SB6r4qU7y4bBErg&oe=6A2B2176","https://www.instagram.com/p/DYq3Z4EiCL-/"
"18595726378005422","What bpd looks like","2026-06-03T22:11:59.000Z","ashleigh_divinity","https://scontent-lga3-3.cdninstagram.com/v/t51.75761-19/502504972_17969590067910346_1152890082426511038_n.jpg?stp=dst-jpg_s150x150_tt6&_nc_cat=104&ccb=7-5&_nc_sid=f7ccc5&efg=eyJ2ZW5jb2RlX3RhZyI6InByb2ZpbGVfcGljLnd3dy41MzkuQzMifQ%3D%3D&_nc_ohc=IvcuPQXaGuMQ7kNvwHJVRjz&_nc_oc=Adp1jzVCH5UAfQ0mwAiZwWPDcptZ2uZ2QDTUZ9k2K7TSd5KYHl5T_7KgeMJcdSAHVxo&_nc_zt=24&_nc_ht=scontent-lga3-3.cdninstagram.com&_nc_gid=lTFc3ImHYDIJ6f_OHJ3erQ&_nc_ss=7ca8c&oh=00_Af9O5Ew_O2v2bJLCcoQKD3SzK40TV3pwPxFeBxWIKYieAA&oe=6A2B2DF8","https://www.instagram.com/p/DYq3Z4EiCL-/"
"17898638265304709","😍😍","2026-05-31T18:31:03.000Z","stella.ai.vip","https://scontent-lga3-2.cdninstagram.com/v/t51.82787-19/703001399_17873316822610467_8444388263682715456_n.jpg?stp=dst-jpg_s150x150_tt6&_nc_cat=105&ccb=7-5&_nc_sid=f7ccc5&efg=eyJ2ZW5jb2RlX3RhZyI6InByb2ZpbGVfcGljLnd3dy4xMDgwLkMzIn0%3D&_nc_ohc=ejADAqGIL3gQ7kNvwGwUYbh&_nc_oc=Ado9ciz9TIO5zoun30lMikpp_2bGEw0ZB2vdoqtBAHBEppw1ZMPD5a0QQuCLo4kHggY&_nc_zt=24&_nc_ht=scontent-lga3-2.cdninstagram.com&_nc_gid=lTFc3ImHYDIJ6f_OHJ3erQ&_nc_ss=7ca8c&oh=00_Af_Dolpc1WOG7JebEfu6ew9Rx1Q9m0W3Ws01tigZomQq5Q&oe=6A2B2B8F","https://www.instagram.com/p/DYq3Z4EiCL-/"
"18360245776224825","💚💚💚🫡","2026-05-30T03:23:06.000Z","kittyssecretsnacksorcery","https://scontent-lga3-1.cdninstagram.com/v/t51.82787-19/671267949_18587643901003661_9095199015685005609_n.jpg?stp=dst-jpg_s150x150_tt6&_nc_cat=109&ccb=7-5&_nc_sid=f7ccc5&efg=eyJ2ZW5jb2RlX3RhZyI6InByb2ZpbGVfcGljLnd3dy45NTcuQzMifQ%3D%3D&_nc_ohc=oAGBkgW4yVkQ7kNvwE5Ojdj&_nc_oc=AdptAGGmo0kaujo5osFpqSbrVekyFtTkiQg52eg_lOqy3uEXsyDZx7f9G1ru8RO7zUg&_nc_zt=24&_nc_ht=scontent-lga3-1.cdninstagram.com&_nc_gid=lTFc3ImHYDIJ6f_OHJ3erQ&_nc_ss=7ca8c&oh=00_Af-RAgHYmNzOk5apd5dVvuNckNAiLPALnj32ymjQ-r73XQ&oe=6A2B35D5","https://www.instagram.com/p/DYq3Z4EiCL-/"
"18082284230637844","❤️","2026-05-29T09:25:59.000Z","dina_nesiana_new","https://scontent-lga3-2.cdninstagram.com/v/t51.82787-19/656203731_18067801175328494_3153259197515014239_n.jpg?stp=dst-jpg_s150x150_tt6&_nc_cat=100&ccb=7-5&_nc_sid=f7ccc5&efg=eyJ2ZW5jb2RlX3RhZyI6InByb2ZpbGVfcGljLnd3dy4xMDgwLkMzIn0%3D&_nc_ohc=lsqxIOqEVxsQ7kNvwEZdDJP&_nc_oc=AdqAwMa3IIrPmgBAoIuvWiyE6kv3hMM2jmvR3chOIyH9omEs14kvmEwDm54olQvtYZc&_nc_zt=24&_nc_ht=scontent-lga3-2.cdninstagram.com&_nc_gid=lTFc3ImHYDIJ6f_OHJ3erQ&_nc_ss=7ca8c&oh=00_Af-ojB8hVqAFljKeAFRpq2PFvx1-y1-O3URdWYrf25UHag&oe=6A2B403F","https://www.instagram.com/p/DYq3Z4EiCL-/"
"18105897580755071","Fantastic 😍😍🔥👍 great set 🤩👏👏🥀🌺🌿🫶","2026-05-28T03:00:44.000Z","russell_zebra1st","https://scontent-lga3-1.cdninstagram.com/v/t51.82787-19/710572483_17942397369212243_2606772170247439790_n.jpg?stp=dst-jpg_s150x150_tt6&_nc_cat=110&ccb=7-5&_nc_sid=f7ccc5&efg=eyJ2ZW5jb2RlX3RhZyI6InByb2ZpbGVfcGljLnd3dy43MzYuQzMifQ%3D%3D&_nc_ohc=7QJ380zFhaMQ7kNvwEpEUGj&_nc_oc=Adq3x1NZO9C4TrVUW25PTwFbJevTnzsJ_RPKSrnf3ddb6O55nlxDiwGLjm1TLr5Po3Q&_nc_zt=24&_nc_ht=scontent-lga3-1.cdninstagram.com&_nc_gid=lTFc3ImHYDIJ6f_OHJ3erQ&_nc_ss=7ca8c&oh=00_Af-TcnTOOei-fqUVb6yb-EfdzB36aJxHNwc4ey8nk0BMxw&oe=6A2B3070","https://www.instagram.com/p/DYq3Z4EiCL-/"
"17995551365958972","","2026-05-28T01:42:46.000Z","jwz.music","https://scontent-lga3-2.cdninstagram.com/v/t51.82787-19/713103612_18059451719543131_5712064443014586025_n.jpg?stp=dst-jpg_s150x150_tt6&_nc_cat=107&ccb=7-5&_nc_sid=f7ccc5&efg=eyJ2ZW5jb2RlX3RhZyI6InByb2ZpbGVfcGljLnd3dy4xMDgwLkMzIn0%3D&_nc_ohc=K-Y7yUX_oR0Q7kNvwFTMKYJ&_nc_oc=AdrbzxJDwMgVreCAMoX7G3rzn6t4kIwvKwQjLnSbA9FhReoX0YCP2ibkSEz4cWFhLfs&_nc_zt=24&_nc_ht=scontent-lga3-2.cdninstagram.com&_nc_gid=lTFc3ImHYDIJ6f_OHJ3erQ&_nc_ss=7ca8c&oh=00_Af-SNSFEa__YOpj8GIz3KVbZwf10QXvsZZC8iOljdbTj9w&oe=6A2B3FFF","https://www.instagram.com/p/DYq3Z4EiCL-/"
"18120824992657971","Beautiful ❤️😍❤️😍❤️","2026-05-27T23:24:33.000Z","cosmiclensai","https://scontent-lga3-3.cdninstagram.com/v/t51.82787-19/625405256_17919891666251859_5356577367204468151_n.jpg?stp=dst-jpg_s150x150_tt6&_nc_cat=102&ccb=7-5&_nc_sid=f7ccc5&efg=eyJ2ZW5jb2RlX3RhZyI6InByb2ZpbGVfcGljLnd3dy43ODEuQzMifQ%3D%3D&_nc_ohc=YtmtBSXqRIkQ7kNvwEVuqdr&_nc_oc=AdoK9zvaQw3LCfIbFoDvCMn7_JUoa_lJALN68nHjNKC6AP1IRYCdOcu-8tT8UgaI9ok&_nc_zt=24&_nc_ht=scontent-lga3-3.cdninstagram.com&_nc_gid=lTFc3ImHYDIJ6f_OHJ3erQ&_nc_ss=7ca8c&oh=00_Af-a3m8EBkwxKDMnm-j56GaNHL8EYsAPMQzEkMVKoT-1sw&oe=6A2B3310","https://www.instagram.com/p/DYq3Z4EiCL-/"
"18085529675638590","Stunning portraits ❤️❤️❤️❤️❤️","2026-05-27T18:41:58.000Z","hullabaloo221","https://scontent-lga3-3.cdninstagram.com/v/t51.2885-19/446459263_1192581288567069_702378834875539368_n.jpg?stp=dst-jpg_s150x150_tt6&_nc_cat=106&ccb=7-5&_nc_sid=f7ccc5&efg=eyJ2ZW5jb2RlX3RhZyI6InByb2ZpbGVfcGljLnd3dy4xMDI0LkMzIn0%3D&_nc_ohc=LqtJx1tmRxYQ7kNvwF-4auw&_nc_oc=Adr1VzTzPYwZkhnEajmWUpCGe3C0MvuJc6Bnr_PVuv5jGC2vw-jECk1UWs208kWv-7g&_nc_zt=24&_nc_ht=scontent-lga3-3.cdninstagram.com&_nc_ss=7ca8c&oh=00_Af9UmK7Lt7JfgUx9haXdvPKYHkdUOror9XcE0C429IxfmA&oe=6A2B1912","https://www.instagram.com/p/DYq3Z4EiCL-/"
"17930695299093602","L'homme qui est ainsi est un franc-maçon. La femme qui est ainsi, est paumée.","2026-05-27T12:11:38.000Z","sven_odinson33","https://scontent-lga3-3.cdninstagram.com/v/t51.82787-19/538708157_17849666532541404_2182187384796500681_n.jpg?stp=dst-jpg_s150x150_tt6&_nc_cat=102&ccb=7-5&_nc_sid=f7ccc5&efg=eyJ2ZW5jb2RlX3RhZyI6InByb2ZpbGVfcGljLnd3dy4xMDgwLkMzIn0%3D&_nc_ohc=Er9d9oFG71AQ7kNvwEYbMYw&_nc_oc=Adqm8HH2vRXXyILrp1NLwYD5VC3Bhz5fqZjkoULPXr_qPyInGfNa9c4qSdfLN9GU0RM&_nc_zt=24&_nc_ht=scontent-lga3-3.cdninstagram.com&_nc_gid=lTFc3ImHYDIJ6f_OHJ3erQ&_nc_ss=7ca8c&oh=00_Af_uM38fxUawuIlBZdMnbn9L066fNRbqsKkim3SCbTlGaw&oe=6A2B1588","https://www.instagram.com/p/DYq3Z4EiCL-/"
"17935129476258620","Ganz klar die dunkle Seite 🔥","2026-05-25T16:30:19.000Z","lichtspiel.visuals","https://scontent-lga3-3.cdninstagram.com/v/t51.82787-19/659316940_17901079314407715_6808537617163148091_n.jpg?stp=dst-jpg_s150x150_tt6&_nc_cat=108&ccb=7-5&_nc_sid=f7ccc5&efg=eyJ2ZW5jb2RlX3RhZyI6InByb2ZpbGVfcGljLnd3dy4xMDgwLkMzIn0%3D&_nc_ohc=RxqSJsLA9iEQ7kNvwHcPXZV&_nc_oc=AdqUShmPLY6F7RTNuQpL36z_uCMoq_ipPp4wfZG8UUbbunNG9itkjCWyzXsWtjG0C2g&_nc_zt=24&_nc_ht=scontent-lga3-3.cdninstagram.com&_nc_gid=lTFc3ImHYDIJ6f_OHJ3erQ&_nc_ss=7ca8c&oh=00_Af-k82h-9bsP7wVLYdU7Qbyc86tJi3j-y4s41TL_CCXAbA&oe=6A2B48A8","https://www.instagram.com/p/DYq3Z4EiCL-/"
"18413419228178203","","2026-05-25T15:55:15.000Z","eddyvader1","https://scontent-lga3-2.cdninstagram.com/v/t51.2885-19/236275797_564030861456062_6312413253975073844_n.jpg?stp=dst-jpg_s150x150_tt6&_nc_cat=101&ccb=7-5&_nc_sid=f7ccc5&efg=eyJ2ZW5jb2RlX3RhZyI6InByb2ZpbGVfcGljLnd3dy41NjQuQzMifQ%3D%3D&_nc_ohc=iQ41Jf46jzUQ7kNvwH3nmwi&_nc_oc=Adpnald8xR7TAAsUl7K9KF9HL9jXqm7n6IzhJfHo_HdAWKNznihJ8Cc1CNENTl76oto&_nc_zt=24&_nc_ht=scontent-lga3-2.cdninstagram.com&_nc_ss=7ca8c&oh=00_Af8m-5AUuTVC5a0La5cX0Pvx_tqsvWzdDIa2cR8SCfiFWQ&oe=6A2B46E0","https://www.instagram.com/p/DYq3Z4EiCL-/"
"18399791584146805","Amazing 🖤❤️🖤❤️🖤❤️","2026-05-25T08:26:29.000Z","tdwaiart","https://scontent-lga3-3.cdninstagram.com/v/t51.2885-19/373721814_1037420624271081_8677228159574312835_n.jpg?stp=dst-jpg_s150x150_tt6&_nc_cat=102&ccb=7-5&_nc_sid=f7ccc5&efg=eyJ2ZW5jb2RlX3RhZyI6InByb2ZpbGVfcGljLnd3dy4xMDgwLkMzIn0%3D&_nc_ohc=HV3XgzB-j0QQ7kNvwErbkr7&_nc_oc=AdqflXxawW0yaN61BXtMztF3Rk_4xYIsUdUxe9n20y5fXSbJtiz2PUCNohiNk04N2LY&_nc_zt=24&_nc_ht=scontent-lga3-3.cdninstagram.com&_nc_ss=7ca8c&oh=00_Af9vi1uL3XfCW_R4e1VZ-QHFUlrM1_yd7fOj1HOfEZEV0Q&oe=6A2B25CF","https://www.instagram.com/p/DYq3Z4EiCL-/"
"18220551031321910","😍😍😍❤️❤️❤️","2026-05-25T06:21:56.000Z","i_am_the_immortal","https://scontent-lga3-3.cdninstagram.com/v/t51.82787-19/713464771_18596373457039223_6902898225454528657_n.jpg?stp=dst-jpg_s150x150_tt6&_nc_cat=106&ccb=7-5&_nc_sid=f7ccc5&efg=eyJ2ZW5jb2RlX3RhZyI6InByb2ZpbGVfcGljLnd3dy4xMDgwLkMzIn0%3D&_nc_ohc=6fLQjRJOSK0Q7kNvwGfTxg_&_nc_oc=AdrwsWQNC1vBJJu7JlpZ9ZN7V-NuAIQY0mwmuEyIzUF48Fy71j4QRSYv12lWDdM6EW4&_nc_zt=24&_nc_ht=scontent-lga3-3.cdninstagram.com&_nc_gid=lTFc3ImHYDIJ6f_OHJ3erQ&_nc_ss=7ca8c&oh=00_Af--WbBf92qTPfy1GkykowglaULiX1uupaGFWNVgx17N-g&oe=6A2B1EA8","https://www.instagram.com/p/DYq3Z4EiCL-/"
"17939408715251811","Wonderful and stunning❤️💜💜❤️💫","2026-06-06T07:58:45.000Z","richardhill147","https://scontent-mia3-3.cdninstagram.com/v/t51.75761-19/495365066_18061330829030153_8439301809347690644_n.jpg?stp=dst-jpg_s150x150_tt6&_nc_cat=109&ccb=7-5&_nc_sid=f7ccc5&efg=eyJ2ZW5jb2RlX3RhZyI6InByb2ZpbGVfcGljLnd3dy4xMDI0LkMzIn0%3D&_nc_ohc=EB1hyOPepoUQ7kNvwGWJeBj&_nc_oc=Adq-NppbOWrgv8Xk97NVSNW1A89XPm93iLJ3XrFDF5CimjeMbNE5ZDH6Fsx3JUQi1Ro&_nc_zt=24&_nc_ht=scontent-mia3-3.cdninstagram.com&_nc_gid=X_yXdR3jFQ4eFGkDUSGU9Q&_nc_ss=72a8c&oh=00_Af-vFaaKaZZK2OYY990rqPu6tVeBUUQ38lvWoEYu1PD6QA&oe=6A2B338A","https://www.instagram.com/p/DZHBs2-iLPb/"
"17908287411242250","Io ieri sera dopo le extrasistole e dopo qualche minuto mentre dormivo, mi si é aperto un cerchio celeste. Saranno le energie!?","2026-06-06T05:01:44.000Z","lady_gajola","https://scontent-mia5-1.cdninstagram.com/v/t51.82787-19/640899908_17998252424907746_4087418227447556287_n.jpg?stp=dst-jpg_s150x150_tt6&_nc_cat=104&ccb=7-5&_nc_sid=f7ccc5&efg=eyJ2ZW5jb2RlX3RhZyI6InByb2ZpbGVfcGljLnd3dy4xMDgwLkMzIn0%3D&_nc_ohc=ry7kKH8YsD0Q7kNvwEWhDwb&_nc_oc=AdqF_78EknKbXov0ct68OYCEKfR9HhQK9ooM8AgiBOcIdX0A6wSNjXYYbWCsq8jJXKc&_nc_zt=24&_nc_ht=scontent-mia5-1.cdninstagram.com&_nc_gid=X_yXdR3jFQ4eFGkDUSGU9Q&_nc_ss=72a8c&oh=00_Af_CI9Os08twLf33GFmN3sBTwd2UK-CrMUu_BjLThLL25A&oe=6A2B1E54","https://www.instagram.com/p/DZHBs2-iLPb/"
"18368440060230415","","2026-06-04T16:40:38.000Z","_talesofcreepyai_","https://scontent-mia5-1.cdninstagram.com/v/t51.2885-19/480895364_1318349469407984_2022900856324045375_n.jpg?stp=dst-jpg_s150x150_tt6&_nc_cat=102&ccb=7-5&_nc_sid=f7ccc5&efg=eyJ2ZW5jb2RlX3RhZyI6InByb2ZpbGVfcGljLnd3dy4xMDgwLkMzIn0%3D&_nc_ohc=CQGkOY8bmeIQ7kNvwHNNxk1&_nc_oc=Adqmbk7UooM2Qx6YPxiPPA7UGsPMwvyU5aywoGBJR93yMDB75bO6PLHqFmgL2h2un-I&_nc_zt=24&_nc_ht=scontent-mia5-1.cdninstagram.com&_nc_ss=72a8c&oh=00_Af_zZaLM8IGA0in9pTot7ypx28eqCFL7kF2KBzIxV_NjpQ&oe=6A2B49DB","https://www.instagram.com/p/DZHBs2-iLPb/"
"18102100732845511","Amazing!😍😍😍❤️❤️💖💖","2026-06-04T08:09:52.000Z","la_bulle_aux_mondes","https://scontent-mia3-2.cdninstagram.com/v/t51.75761-19/494675662_17850993579447689_3710082512299933097_n.jpg?stp=dst-jpg_s150x150_tt6&_nc_cat=105&ccb=7-5&_nc_sid=f7ccc5&efg=eyJ2ZW5jb2RlX3RhZyI6InByb2ZpbGVfcGljLnd3dy4xMDgwLkMzIn0%3D&_nc_ohc=MJjN1t0ro6cQ7kNvwH8KyyI&_nc_oc=Adqn_Ry9m0v7R4-VmOgGAEuoH5aF9eRl7Iv9f_rrflIMvzfR-sLZ_pSaXJ_ftE7shjQ&_nc_zt=24&_nc_ht=scontent-mia3-2.cdninstagram.com&_nc_gid=X_yXdR3jFQ4eFGkDUSGU9Q&_nc_ss=72a8c&oh=00_Af9bix2duvGHnOH9d2NmSXu1QFbOwY-1yMEdBj56LrJY7A&oe=6A2B1EC7","https://www.instagram.com/p/DZHBs2-iLPb/"
"17968754769076988","So beautiful🩵🧚‍♀️🩵🧚‍♀️","2026-06-04T07:40:06.000Z","chelsea_hiromi","https://scontent-mia3-1.cdninstagram.com/v/t51.2885-19/475632817_609669291654275_5982598228711257359_n.jpg?stp=dst-jpg_s150x150_tt6&_nc_cat=111&ccb=7-5&_nc_sid=f7ccc5&efg=eyJ2ZW5jb2RlX3RhZyI6InByb2ZpbGVfcGljLnd3dy41NjUuQzMifQ%3D%3D&_nc_ohc=0f3N3_IwOWoQ7kNvwEBkr5w&_nc_oc=AdqvGKGpO3mWcR3AQyRj4nAn2vhY-dwnAOrfmvghSWzUW77u0ry8rNG_sLHTHS3d9Uo&_nc_zt=24&_nc_ht=scontent-mia3-1.cdninstagram.com&_nc_ss=72a8c&oh=00_Af-jRJmrjDYF3VLf2kurAqxIJx4yXmt8MuNZtQnsEPbEbw&oe=6A2B3B4E","https://www.instagram.com/p/DZHBs2-iLPb/"
"17878702368600516","❤️❤️❤️❤️","2026-06-03T20:48:40.000Z","elenazano_57","https://scontent-mia5-2.cdninstagram.com/v/t51.2885-19/449656790_1577510532796207_3628106438529347664_n.jpg?stp=dst-jpg_s150x150_tt6&_nc_cat=100&ccb=7-5&_nc_sid=f7ccc5&efg=eyJ2ZW5jb2RlX3RhZyI6InByb2ZpbGVfcGljLnd3dy43MTkuQzMifQ%3D%3D&_nc_ohc=yYDz8YFSLXgQ7kNvwFBMA7z&_nc_oc=Adr9haIWIgODImQsJWRF5wmuC8Xt0FylcwoSidwSF5QntiX5AR0T7T44mFNTIqjW1hU&_nc_zt=24&_nc_ht=scontent-mia5-2.cdninstagram.com&_nc_ss=72a8c&oh=00_Af-oLVVHxotKhgSItMhBj2cDV1Nw-BhPFOuza6eZ7pESXw&oe=6A2B15F9","https://www.instagram.com/p/DZHBs2-iLPb/"
"18082730957408168","😍😍😍","2026-06-03T18:30:47.000Z","aistrokemaster","https://scontent-mia5-1.cdninstagram.com/v/t51.2885-19/392939746_708820094027193_2191577802318945346_n.jpg?stp=dst-jpg_s150x150_tt6&_nc_cat=104&ccb=7-5&_nc_sid=f7ccc5&efg=eyJ2ZW5jb2RlX3RhZyI6InByb2ZpbGVfcGljLnd3dy4xMDI0LkMzIn0%3D&_nc_ohc=jgu-NcHM6TYQ7kNvwFQ-1qA&_nc_oc=AdqmiL1vN41zwyXdyhOFx20k16qDyJOsPmbPg5ByjRnNhFgjpmchpZkW3pSdgJslzLA&_nc_zt=24&_nc_ht=scontent-mia5-1.cdninstagram.com&_nc_ss=72a8c&oh=00_Af-87SRZFc5A37MBlrdwq3jR56wm76I_vwd8NVL9BupwOQ&oe=6A2B168C","https://www.instagram.com/p/DZHBs2-iLPb/"
"18131329939514990","Magnifique❤️❤️❤️❤️","2026-06-03T14:59:09.000Z","aaron_subleeminal","https://scontent-mia3-2.cdninstagram.com/v/t51.82787-19/551552447_18287481241285382_3127799363518759175_n.jpg?stp=dst-jpg_s150x150_tt6&_nc_cat=107&ccb=7-5&_nc_sid=f7ccc5&efg=eyJ2ZW5jb2RlX3RhZyI6InByb2ZpbGVfcGljLnd3dy4xMDI0LkMzIn0%3D&_nc_ohc=v9kXr7QYYr0Q7kNvwGssr3V&_nc_oc=AdprVCpZFYwY8tpYysZ5e2pnkU0KXOLIZhmOsUzp3lui00rTqG_mAD4I8OA_HyvxNIs&_nc_zt=24&_nc_ht=scontent-mia3-2.cdninstagram.com&_nc_gid=X_yXdR3jFQ4eFGkDUSGU9Q&_nc_ss=72a8c&oh=00_Af_Vt1Hfav-IwxDzBOQhrBLg9o7zwRcHPZotKDnSGTbQXw&oe=6A2B3F59","https://www.instagram.com/p/DZHBs2-iLPb/"
"17891226978514308","❤️❤️🔥","2026-06-03T14:51:08.000Z","celebrities.crying","https://scontent-mia3-1.cdninstagram.com/v/t51.82787-19/559449636_17848423344573523_5413693173018076905_n.jpg?stp=dst-jpg_s150x150_tt6&_nc_cat=111&ccb=7-5&_nc_sid=f7ccc5&efg=eyJ2ZW5jb2RlX3RhZyI6InByb2ZpbGVfcGljLnd3dy41MjUuQzMifQ%3D%3D&_nc_ohc=Pycaqzo5eT0Q7kNvwEjnBPe&_nc_oc=Adr2i1YrBC5GBFiUKkYHWF7EhK_fw8jxzu4UowW2JH4OKvY18ClLVdpUnKwfOO8o0FY&_nc_zt=24&_nc_ht=scontent-mia3-1.cdninstagram.com&_nc_gid=X_yXdR3jFQ4eFGkDUSGU9Q&_nc_ss=72a8c&oh=00_Af9fHUlRDYJhE3TKgnPRHxZZgshEMcvIj5DnbWFTQ4Mt1w&oe=6A2B2695","https://www.instagram.com/p/DZHBs2-iLPb/"
"18084648944148101","Absolutely stunning and such detail 😍❤️","2026-06-03T14:36:38.000Z","glitteraura_inc","https://scontent-mia5-2.cdninstagram.com/v/t51.82787-19/658401341_17873815731570178_3465909728729307317_n.jpg?stp=dst-jpg_s150x150_tt6&_nc_cat=100&ccb=7-5&_nc_sid=f7ccc5&efg=eyJ2ZW5jb2RlX3RhZyI6InByb2ZpbGVfcGljLnd3dy44OTYuQzMifQ%3D%3D&_nc_ohc=OcrBkBbO0HcQ7kNvwFSuuJL&_nc_oc=Adr2wUakqhNc5iPHUiPQjfvdgudEZ4ogzvsqW3uZcpup27gaeAo0-cRBLNPaAjZ1YZA&_nc_zt=24&_nc_ht=scontent-mia5-2.cdninstagram.com&_nc_gid=X_yXdR3jFQ4eFGkDUSGU9Q&_nc_ss=72a8c&oh=00_Af8PeonFmAaoU3caq4kPn0PH7JjNpvM3Fc1Weat9mV-Gdw&oe=6A2B3ABA","https://www.instagram.com/p/DZHBs2-iLPb/"
"18076026299284404","Excellent ❤️","2026-06-03T14:15:35.000Z","kanga_creation","https://scontent-mia3-1.cdninstagram.com/v/t51.82787-19/698621657_17870776020673947_7286770678630778209_n.jpg?stp=dst-jpg_s150x150_tt6&_nc_cat=111&ccb=7-5&_nc_sid=f7ccc5&efg=eyJ2ZW5jb2RlX3RhZyI6InByb2ZpbGVfcGljLnd3dy4xMDgwLkMzIn0%3D&_nc_ohc=0HDOuGgk3GIQ7kNvwHMDosN&_nc_oc=AdptioAjFPUSqkqt4vHmVMWErfcVPof7WoVLja-fUadc9Yle_XEhPMhaTlVQzJ0i5cc&_nc_zt=24&_nc_ht=scontent-mia3-1.cdninstagram.com&_nc_gid=X_yXdR3jFQ4eFGkDUSGU9Q&_nc_ss=72a8c&oh=00_Af8opHq4jQeuS3qe1cILK5ON4-vcpxhaVVqQQSaDvymOrw&oe=6A2B1CA8","https://www.instagram.com/p/DZHBs2-iLPb/"
"18437788216142322","The details are stunning 😍😍","2026-06-03T13:59:24.000Z","j.ki.art","https://scontent-mia3-3.cdninstagram.com/v/t51.82787-19/673007043_17867116398668533_2814122507216929218_n.jpg?stp=dst-jpg_s150x150_tt6&_nc_cat=110&ccb=7-5&_nc_sid=f7ccc5&efg=eyJ2ZW5jb2RlX3RhZyI6InByb2ZpbGVfcGljLnd3dy4xMDgwLkMzIn0%3D&_nc_ohc=jtSyIHGtBo0Q7kNvwGYGWWI&_nc_oc=AdpEVofxQT0nvaCLhEvu0RVKrHDPagxGc9KamHumJtx3edcJh8sVrwB_zIZUG0Uof6Y&_nc_zt=24&_nc_ht=scontent-mia3-3.cdninstagram.com&_nc_gid=X_yXdR3jFQ4eFGkDUSGU9Q&_nc_ss=72a8c&oh=00_Af_7qEEzP9-ZQ0f0OYSAUa7VGBXvTGeR9tp5pO5XZXtNDQ&oe=6A2B47B9","https://www.instagram.com/p/DZHBs2-iLPb/"
"18106773568945230","Wonderful 😍👏🔥","2026-06-03T13:43:44.000Z","aiart_queen","https://scontent-mia3-3.cdninstagram.com/v/t51.82787-19/607039707_17991859937861340_8240683204825741818_n.jpg?stp=dst-jpg_s150x150_tt6&_nc_cat=110&ccb=7-5&_nc_sid=f7ccc5&efg=eyJ2ZW5jb2RlX3RhZyI6InByb2ZpbGVfcGljLnd3dy42ODguQzMifQ%3D%3D&_nc_ohc=-1yyiAtcCpsQ7kNvwG9LTOv&_nc_oc=AdroLtA3Gbg4-NEIp_jfKCxHJ0NIC-PitVsLI7eroIL9v_f6j-YXMDtLP6oY4F-0zGI&_nc_zt=24&_nc_ht=scontent-mia3-3.cdninstagram.com&_nc_gid=X_yXdR3jFQ4eFGkDUSGU9Q&_nc_ss=72a8c&oh=00_Af91pPOFvp-qWLS2GxUTxr7YtYSop4omHnZNzFEp3fX6HA&oe=6A2B249E","https://www.instagram.com/p/DZHBs2-iLPb/"
"17974131606027589","😍😍😍","2026-06-03T13:26:01.000Z","cozycalmambience","https://scontent-mia3-2.cdninstagram.com/v/t51.82787-19/649219877_17924847174249261_1145687032493733110_n.jpg?stp=dst-jpg_s150x150_tt6&_nc_cat=105&ccb=7-5&_nc_sid=f7ccc5&efg=eyJ2ZW5jb2RlX3RhZyI6InByb2ZpbGVfcGljLnd3dy4xMDI0LkMzIn0%3D&_nc_ohc=-j_qyL2MWkkQ7kNvwF4ynG1&_nc_oc=AdqsI7nkSLByOXvm4ExiSxaB7xg5To3o5fMqMqdGVTQvelAzMF7E0agTP8esG-slk8c&_nc_zt=24&_nc_ht=scontent-mia3-2.cdninstagram.com&_nc_gid=X_yXdR3jFQ4eFGkDUSGU9Q&_nc_ss=72a8c&oh=00_Af9stMXeUa8WbxLvD8lOewz34Eo1muri_1AqOTJC_PAvHw&oe=6A2B3A36","https://www.instagram.com/p/DZHBs2-iLPb/"
"18104564651054279","❤️","2026-06-03T12:08:19.000Z","thetruthstudiosai","https://scontent-mia3-2.cdninstagram.com/v/t51.82787-19/712964248_18081935153330169_8932280278689301199_n.jpg?stp=dst-jpg_s150x150_tt6&_nc_cat=107&ccb=7-5&_nc_sid=f7ccc5&efg=eyJ2ZW5jb2RlX3RhZyI6InByb2ZpbGVfcGljLnd3dy4xMDgwLkMzIn0%3D&_nc_ohc=kVxEhlK_z0wQ7kNvwEHTZYw&_nc_oc=Adoe6LKi2ll4v4oLoSuYlPHizVIB5l6vdY_ssi0l-5V47BhmWTbkMUrZApvAu7TgBt8&_nc_zt=24&_nc_ht=scontent-mia3-2.cdninstagram.com&_nc_gid=X_yXdR3jFQ4eFGkDUSGU9Q&_nc_ss=72a8c&oh=00_Af-Jxr2qJHmuJdWLE3gD37K6cpo9ldXuYoUH2TbmFedniQ&oe=6A2B2FBA","https://www.instagram.com/p/DZHBs2-iLPb/"
"18082783337409886","","2026-06-04T20:31:08.000Z","nassri_hosni","https://scontent-phl2-1.cdninstagram.com/v/t51.82787-19/673081681_18175385449401250_1976346223537329207_n.jpg?stp=dst-jpg_s150x150_tt6&_nc_cat=109&ccb=7-5&_nc_sid=f7ccc5&efg=eyJ2ZW5jb2RlX3RhZyI6InByb2ZpbGVfcGljLnd3dy4xMDc5LkMyIn0%3D&_nc_ohc=_HVejflma7gQ7kNvwHGPGBP&_nc_oc=AdrQ56nuIikBzBOIgNvOjekydXcjSrs9deQeSCU_RdsvnpnCkd_r6mLEGHXJv6idtRE&_nc_zt=24&_nc_ht=scontent-phl2-1.cdninstagram.com&_nc_gid=qbg1RIuko9sLqGlDUxe_jw&_nc_ss=72689&oh=00_Af_V8tYhEwvq5VuoEaiEPTWmrx-IlJHtXiHMRaDKDfJb_g&oe=6A2B27FC","https://www.instagram.com/p/DYHgR_qFiGv/"
"18076542656252229","Goku wallpaper plz","2026-05-30T14:29:33.000Z","ndgls_18","https://scontent-phl2-1.cdninstagram.com/v/t51.2885-19/459596483_1494977331204256_2101941343762070260_n.jpg?stp=dst-jpg_s150x150_tt6&_nc_cat=107&ccb=7-5&_nc_sid=f7ccc5&efg=eyJ2ZW5jb2RlX3RhZyI6InByb2ZpbGVfcGljLnd3dy40MTcuQzIifQ%3D%3D&_nc_ohc=Q3DFw3zVyacQ7kNvwHwCq3H&_nc_oc=AdoUMHtLX70IA4pRxzmVh3HrG8ZDuuLnPniP7FvI1DZB1HTUEc2joBieIA_QQI8qxgI&_nc_zt=24&_nc_ht=scontent-phl2-1.cdninstagram.com&_nc_ss=72689&oh=00_Af9Gi0_Zk5vmLemeb8cq6bLoav9TfhW3L27U6BBdPs8a7Q&oe=6A2B4150","https://www.instagram.com/p/DYHgR_qFiGv/"
"17891937369498618","","2026-05-24T19:08:25.000Z","mattheus_dxf","https://scontent-phl2-1.cdninstagram.com/v/t51.82787-19/702352254_17948793483186850_5596602837050031465_n.jpg?stp=dst-jpg_s150x150_tt6&_nc_cat=107&ccb=7-5&_nc_sid=f7ccc5&efg=eyJ2ZW5jb2RlX3RhZyI6InByb2ZpbGVfcGljLnd3dy4xMDgwLkMyIn0%3D&_nc_ohc=3Y_dE15vXqQQ7kNvwFWiEJ4&_nc_oc=AdoaEGdLfXQOJrQ967AuIUfJFwbs3VdQVEygcPICIwxiMVo9DtXdczGAr6tgLIKqJug&_nc_zt=24&_nc_ht=scontent-phl2-1.cdninstagram.com&_nc_gid=qbg1RIuko9sLqGlDUxe_jw&_nc_ss=72689&oh=00_Af_63HLxZdlaLGo5M3xLIrodqLnPXs9gUGvJcEsLc7YafQ&oe=6A2B1E20","https://www.instagram.com/p/DYHgR_qFiGv/"
"18085646342571365","It's me 😍","2026-05-21T08:48:50.000Z","brokan_rin_","https://scontent-phl2-1.cdninstagram.com/v/t51.82787-19/660536526_17861945211673540_6122863865420103606_n.jpg?stp=dst-jpg_s150x150_tt6&_nc_cat=100&ccb=7-5&_nc_sid=f7ccc5&efg=eyJ2ZW5jb2RlX3RhZyI6InByb2ZpbGVfcGljLnd3dy4xMDgwLkMyIn0%3D&_nc_ohc=OKt_w74UsnIQ7kNvwFXbuNr&_nc_oc=Adqjc_WVUaxm_dY__aTtyHlCBxba9sDb2BQca5VbTLxdhn14L4QqfUaINMg0w2zORl4&_nc_zt=24&_nc_ht=scontent-phl2-1.cdninstagram.com&_nc_gid=qbg1RIuko9sLqGlDUxe_jw&_nc_ss=72689&oh=00_Af-TKGx8bIEQAPeHrlX4O1KF5o46yggrGDv5AgNqoRxuXw&oe=6A2B18B5","https://www.instagram.com/p/DYHgR_qFiGv/"
"17977213997862499","❤️🙌","2026-05-20T20:37:58.000Z","surrender._n","https://scontent-phl2-1.cdninstagram.com/v/t51.82787-19/706704723_18136283152543491_6615615073836757324_n.jpg?stp=dst-jpg_s150x150_tt6&_nc_cat=104&ccb=7-5&_nc_sid=f7ccc5&efg=eyJ2ZW5jb2RlX3RhZyI6InByb2ZpbGVfcGljLnd3dy4xMDgwLkMyIn0%3D&_nc_ohc=Bc-wbe1NUeEQ7kNvwFlGC5l&_nc_oc=AdoxXnee18yjwWuxoj7DvDMIuBJK0YxAScO9mVIKyfjWpx-8uKpYuVmtOjyz_YVoUKQ&_nc_zt=24&_nc_ht=scontent-phl2-1.cdninstagram.com&_nc_gid=qbg1RIuko9sLqGlDUxe_jw&_nc_ss=72689&oh=00_Af95yl_S5d1Hgzkf2n8rEF6SLWNzk9jd8_PNR7gVDLYN_w&oe=6A2B36D1","https://www.instagram.com/p/DYHgR_qFiGv/"
"18098574068122841","🔥🔥🔥🔥🔥","2026-05-20T10:45:24.000Z","_yash_chauhan11","https://scontent-phl2-1.cdninstagram.com/v/t51.82787-19/709707405_18024617624826366_5444354699163140225_n.jpg?stp=dst-jpg_s150x150_tt6&_nc_cat=111&ccb=7-5&_nc_sid=f7ccc5&efg=eyJ2ZW5jb2RlX3RhZyI6InByb2ZpbGVfcGljLnd3dy4xMDgwLkMyIn0%3D&_nc_ohc=4Q5rxrXNQ34Q7kNvwGWPfHQ&_nc_oc=AdogmiFFiUl3ck1HLx_zgbqt_WZCz0E8kZpoY_XDKQo82JchsDyvwpLy_uVDQbZgi1I&_nc_zt=24&_nc_ht=scontent-phl2-1.cdninstagram.com&_nc_gid=qbg1RIuko9sLqGlDUxe_jw&_nc_ss=72689&oh=00_Af9dHo77Vh3B9GCFZTxQHJ0XppI74gtOuNxnbiTQyZVWMQ&oe=6A2B1C10","https://www.instagram.com/p/DYHgR_qFiGv/"
"18201761656357580","@raizlan_nd","2026-05-18T21:38:45.000Z","anna_diias03","https://scontent-phl2-1.cdninstagram.com/v/t51.82787-19/656274134_18074983058636357_835038856384777915_n.jpg?stp=dst-jpg_s150x150_tt6&_nc_cat=104&ccb=7-5&_nc_sid=f7ccc5&efg=eyJ2ZW5jb2RlX3RhZyI6InByb2ZpbGVfcGljLnd3dy4xMDgwLkMyIn0%3D&_nc_ohc=8hY4zhukKgwQ7kNvwGSwCmL&_nc_oc=Adoq0Rflg4-Y_XKFktzuLCSkpXfPsojb9GFaZgtEHAMZuykpAreGDqDKGQX5aMNbjSU&_nc_zt=24&_nc_ht=scontent-phl2-1.cdninstagram.com&_nc_gid=qbg1RIuko9sLqGlDUxe_jw&_nc_ss=72689&oh=00_Af9xGlodwmTjdwkZg7yw0UFv7Xa_8MK5ooua9bgnRjJYWQ&oe=6A2B44A4","https://www.instagram.com/p/DYHgR_qFiGv/"
"18103476328814132","","2026-05-17T17:11:21.000Z","rigo_ackerman7702","https://scontent-phl2-1.cdninstagram.com/v/t51.82787-19/710640042_17930883246301318_7025745586140188161_n.jpg?stp=dst-jpg_s150x150_tt6&_nc_cat=104&ccb=7-5&_nc_sid=f7ccc5&efg=eyJ2ZW5jb2RlX3RhZyI6InByb2ZpbGVfcGljLnd3dy4xMDgwLkMyIn0%3D&_nc_ohc=ddts8BmOlMAQ7kNvwGgoeSY&_nc_oc=AdrJ8wBLsYJVMPIODUmbRuDsg8fTsydjzOgle_Mlpj44x9HcJ_-7U7Y0kFTJS_Ywf7g&_nc_zt=24&_nc_ht=scontent-phl2-1.cdninstagram.com&_nc_gid=qbg1RIuko9sLqGlDUxe_jw&_nc_ss=72689&oh=00_Af_ONV7SZJD7SXEEOcLRSBtjpzyDTUcSOS6oMUXUsBKaRA&oe=6A2B19A4","https://www.instagram.com/p/DYHgR_qFiGv/"
"18121923718565670","","2026-05-17T17:11:04.000Z","rigo_ackerman7702","https://scontent-phl2-1.cdninstagram.com/v/t51.82787-19/710640042_17930883246301318_7025745586140188161_n.jpg?stp=dst-jpg_s150x150_tt6&_nc_cat=104&ccb=7-5&_nc_sid=f7ccc5&efg=eyJ2ZW5jb2RlX3RhZyI6InByb2ZpbGVfcGljLnd3dy4xMDgwLkMyIn0%3D&_nc_ohc=ddts8BmOlMAQ7kNvwGgoeSY&_nc_oc=AdrJ8wBLsYJVMPIODUmbRuDsg8fTsydjzOgle_Mlpj44x9HcJ_-7U7Y0kFTJS_Ywf7g&_nc_zt=24&_nc_ht=scontent-phl2-1.cdninstagram.com&_nc_gid=qbg1RIuko9sLqGlDUxe_jw&_nc_ss=72689&oh=00_Af_ONV7SZJD7SXEEOcLRSBtjpzyDTUcSOS6oMUXUsBKaRA&oe=6A2B19A4","https://www.instagram.com/p/DYHgR_qFiGv/"
"18075382604259480",",,,","2026-05-17T15:48:29.000Z","king_sudip__07","https://scontent-phl2-1.cdninstagram.com/v/t51.82787-19/671136065_17949747975167784_8061201315992728778_n.jpg?stp=dst-jpg_s150x150_tt6&_nc_cat=104&ccb=7-5&_nc_sid=f7ccc5&efg=eyJ2ZW5jb2RlX3RhZyI6InByb2ZpbGVfcGljLnd3dy4xMDgwLkMyIn0%3D&_nc_ohc=2vkI9FEtaKQQ7kNvwHb21ct&_nc_oc=AdpBkuLVfZ_MYMlzLYxhjdSzEfVlGTueYFKcErhOlSEFMtXd7FQ0hqUyKsc35E5fg6s&_nc_zt=24&_nc_ht=scontent-phl2-1.cdninstagram.com&_nc_gid=qbg1RIuko9sLqGlDUxe_jw&_nc_ss=72689&oh=00_Af_9Jq_BsJu1iIMazYxYJk-DQtOSwGO9pQdcL6AGc14Oaw&oe=6A2B48D7","https://www.instagram.com/p/DYHgR_qFiGv/"
"18081104204387691","😢😍","2026-05-17T15:33:57.000Z","_miss_diana_89_","https://scontent-phl2-1.cdninstagram.com/v/t51.82787-19/713423834_18128808001556663_6802944907997825268_n.jpg?stp=dst-jpg_s150x150_tt6&_nc_cat=104&ccb=7-5&_nc_sid=f7ccc5&efg=eyJ2ZW5jb2RlX3RhZyI6InByb2ZpbGVfcGljLnd3dy4xMDgwLkMyIn0%3D&_nc_ohc=W7ASV1M-yDAQ7kNvwGPKLXQ&_nc_oc=Adrd4SZyN4T_ns5_xfQtMQ0NK58xr9oilPv3crUS1Mytnija5E2HHIk2ZVMUcCE9vtQ&_nc_zt=24&_nc_ht=scontent-phl2-1.cdninstagram.com&_nc_gid=qbg1RIuko9sLqGlDUxe_jw&_nc_ss=72689&oh=00_Af_2IPkWikCnQRwLsNPMiam-BdNAg-BmJx7Is7g5tqUVbQ&oe=6A2B3300","https://www.instagram.com/p/DYHgR_qFiGv/"
"17852344803675614","Obito--❤️","2026-05-16T14:04:33.000Z","rakesh____barman_7","https://scontent-phl2-1.cdninstagram.com/v/t51.82787-19/650064822_17985330575966878_3851561745785182391_n.jpg?stp=dst-jpg_s150x150_tt6&_nc_cat=110&ccb=7-5&_nc_sid=f7ccc5&efg=eyJ2ZW5jb2RlX3RhZyI6InByb2ZpbGVfcGljLnd3dy43MjAuQzIifQ%3D%3D&_nc_ohc=s7rDFyoPdqUQ7kNvwGgX3Pc&_nc_oc=AdreFO9_haMp4UviuZZIM9_ekU2DID8DxxL4tbbjlwauqP8Mr8B5jpVVD3o6qxxLH14&_nc_zt=24&_nc_ht=scontent-phl2-1.cdninstagram.com&_nc_gid=qbg1RIuko9sLqGlDUxe_jw&_nc_ss=72689&oh=00_Af-39NdgAttiHueEc2hSoKCLX_9V96umDgVnu0ilYD33xg&oe=6A2B1DD4","https://www.instagram.com/p/DYHgR_qFiGv/"
"17913052962389696","","2026-05-15T02:22:49.000Z","hi__charan__47","https://scontent-phl2-1.cdninstagram.com/v/t51.82787-19/682438362_17912393427381608_1688433578588766774_n.jpg?stp=dst-jpg_s150x150_tt6&_nc_cat=103&ccb=7-5&_nc_sid=f7ccc5&efg=eyJ2ZW5jb2RlX3RhZyI6InByb2ZpbGVfcGljLnd3dy4xMDgwLkMyIn0%3D&_nc_ohc=vpkz7QPxyd4Q7kNvwHLTFsv&_nc_oc=AdrhQVTPb0l68BCcoOVKI-1mdJQaOIX-r8OJIIy7NSalmng7Jb_CzS9nguz9bRSCQ_c&_nc_zt=24&_nc_ht=scontent-phl2-1.cdninstagram.com&_nc_gid=qbg1RIuko9sLqGlDUxe_jw&_nc_ss=72689&oh=00_Af-Kg3S7I0ygqDH4xJQN5ahi2bIy0o2iOGhSxYFU9ZMmGA&oe=6A2B3B55","https://www.instagram.com/p/DYHgR_qFiGv/"
"18065322575706747","Follow me, I want my family to grow ☺️☺️","2026-05-14T22:32:38.000Z","its_me__moh_amed_","https://scontent-phl2-1.cdninstagram.com/v/t51.82787-19/710986374_18089523209608223_2414847563553631925_n.jpg?stp=dst-jpg_s150x150_tt6&_nc_cat=107&ccb=7-5&_nc_sid=f7ccc5&efg=eyJ2ZW5jb2RlX3RhZyI6InByb2ZpbGVfcGljLnd3dy4xMDgwLkMyIn0%3D&_nc_ohc=oYSuUefKScAQ7kNvwFnDJSi&_nc_oc=Adr7bY2rc54dXutwVXV9DZKvzLjS3VANv5-Hfv4itcjGVaZGvL_r4ChhZu6vtHvNK_Y&_nc_zt=24&_nc_ht=scontent-phl2-1.cdninstagram.com&_nc_gid=qbg1RIuko9sLqGlDUxe_jw&_nc_ss=72689&oh=00_Af-h7c8o0cZ0h-oVfXBJriH2ZGxhnzEE7qoApMg-EUSZsA&oe=6A2B2B11","https://www.instagram.com/p/DYHgR_qFiGv/"
"18163217302439816","","2026-05-14T10:02:29.000Z","know__obito","https://scontent-phl2-1.cdninstagram.com/v/t51.75761-19/504517230_17897691837214837_3014039910051729181_n.jpg?stp=dst-jpg_s150x150_tt6&_nc_cat=104&ccb=7-5&_nc_sid=f7ccc5&efg=eyJ2ZW5jb2RlX3RhZyI6InByb2ZpbGVfcGljLnd3dy4xMDgwLkMyIn0%3D&_nc_ohc=yWVtVGpxnr0Q7kNvwGCJRKs&_nc_oc=Adp9iVYEpGDTAzjde_Uv9Uu8t415Dsf_BZUZBHx1jQ5N5dooEYxUS5cyDFc4DEpMiBQ&_nc_zt=24&_nc_ht=scontent-phl2-1.cdninstagram.com&_nc_gid=qbg1RIuko9sLqGlDUxe_jw&_nc_ss=72689&oh=00_Af810oUJFtUvdFxUjsbDdArW30druWXb1meNt57cQQLH9Q&oe=6A2B3BFC","https://www.instagram.com/p/DYHgR_qFiGv/"
"18104507332983579","Prompt","2026-06-07T11:13:46.000Z","bh.avana9873","https://scontent-iad3-2.cdninstagram.com/v/t51.2885-19/454683515_1153072505989266_1143134098459460591_n.jpg?stp=dst-jpg_s150x150_tt6&_nc_cat=111&ccb=7-5&_nc_sid=f7ccc5&efg=eyJ2ZW5jb2RlX3RhZyI6InByb2ZpbGVfcGljLnd3dy4xMDgwLkMzIn0%3D&_nc_ohc=X7bHiUYi-08Q7kNvwFlCPv2&_nc_oc=Ado8Qby0LBLePHkM2m_Ph84ADejssQwwdf57SV3D3YDP_GB3dg3UjB6b7HMhMy3WU88&_nc_zt=24&_nc_ht=scontent-iad3-2.cdninstagram.com&_nc_ss=72a8c&oh=00_Af9YEklKWerzL-FUFptbbaNEYrJHD47PAcbsFnHkw9OJAg&oe=6A2B4602","https://www.instagram.com/p/DZHTAGqAr52/"
"18104983954807947","Prompt","2026-06-07T10:33:08.000Z","choukekarprashant","https://scontent-iad6-1.cdninstagram.com/v/t51.82787-19/670482215_18394976836155995_4616969003125055386_n.jpg?stp=dst-jpg_s150x150_tt6&_nc_cat=100&ccb=7-5&_nc_sid=f7ccc5&efg=eyJ2ZW5jb2RlX3RhZyI6InByb2ZpbGVfcGljLnd3dy42NDAuQzMifQ%3D%3D&_nc_ohc=tf2LGwanAJcQ7kNvwGk6RjX&_nc_oc=AdrkYWCpaEwhM55dM-s16c_0LoFck9EW6tEhAVYCh1DTEkybkB9v1eLqnzMW0Q1HonU&_nc_zt=24&_nc_ht=scontent-iad6-1.cdninstagram.com&_nc_gid=-8BY2vPHeSGWUkevUdTlog&_nc_ss=72a8c&oh=00_Af_btL47IpLkmwzEAd640F-57utGkfNooB0NjqLigxJa2w&oe=6A2B1BA7","https://www.instagram.com/p/DZHTAGqAr52/"
"18081960380406698","Prompt","2026-06-07T08:05:01.000Z","infi.nity4415","https://scontent-iad6-1.cdninstagram.com/v/t51.82787-19/706857942_17905651740425415_9048145009373775035_n.jpg?stp=dst-jpg_s150x150_tt6&_nc_cat=100&ccb=7-5&_nc_sid=f7ccc5&efg=eyJ2ZW5jb2RlX3RhZyI6InByb2ZpbGVfcGljLnd3dy4xMDgwLkMzIn0%3D&_nc_ohc=a4mvosFq4nIQ7kNvwHS6FMn&_nc_oc=AdpC1kS4F7WV-51gi5p24pmse265Kn5L43y21auMJ3Cfarcl55FEdsckohI3by0W_dE&_nc_zt=24&_nc_ht=scontent-iad6-1.cdninstagram.com&_nc_gid=-8BY2vPHeSGWUkevUdTlog&_nc_ss=72a8c&oh=00_Af-y8JvfzTwmvW849JADg6PnKlYJFpqfeFJO16fyYpZBWw&oe=6A2B1BE1","https://www.instagram.com/p/DZHTAGqAr52/"
"18103859611830956","Promat","2026-06-07T06:29:37.000Z","nandini__bhagat0045","https://scontent-iad3-2.cdninstagram.com/v/t51.82787-19/718648872_17942489763214900_4202714524604169424_n.jpg?stp=dst-jpg_s150x150_tt6&_nc_cat=105&ccb=7-5&_nc_sid=f7ccc5&efg=eyJ2ZW5jb2RlX3RhZyI6InByb2ZpbGVfcGljLnd3dy4xMDgwLkMzIn0%3D&_nc_ohc=JybRj5cfJHwQ7kNvwE_WWvv&_nc_oc=AdrjqzRGVZD4j6T6C-8-VY_noSm2kVWu9058hP4fNUmgmEmTtE9hOdUt8gCAmYXsp4k&_nc_zt=24&_nc_ht=scontent-iad3-2.cdninstagram.com&_nc_gid=-8BY2vPHeSGWUkevUdTlog&_nc_ss=72a8c&oh=00_Af9aIhdCTCLzLcxLIme8ExJ_NTL-RYzCFYehq-rELp1M_g&oe=6A2B2180","https://www.instagram.com/p/DZHTAGqAr52/"
"18363299917232030","Prompt","2026-06-07T05:25:25.000Z","komalvhd","https://scontent-iad6-1.cdninstagram.com/v/t51.2885-19/327421885_723371092723203_8019006152657344274_n.jpg?stp=dst-jpg_s150x150_tt6&_nc_cat=107&ccb=7-5&_nc_sid=f7ccc5&efg=eyJ2ZW5jb2RlX3RhZyI6InByb2ZpbGVfcGljLnd3dy43MzYuQzMifQ%3D%3D&_nc_ohc=bN541wWsUH8Q7kNvwH3qWkH&_nc_oc=AdrT6aKVuZ3CYAncUhSqq6BPrN-Kd1mT955zSUmrstqfeDnIIp8BomKxzXy3GmEh-8E&_nc_zt=24&_nc_ht=scontent-iad6-1.cdninstagram.com&_nc_ss=72a8c&oh=00_Af8-xbz2ZGzJTvLYz8XncXXLnS2YD6I7C3q3RapoPhrh9Q&oe=6A2B16C7","https://www.instagram.com/p/DZHTAGqAr52/"
"18052151279758585","Promat","2026-06-07T04:29:30.000Z","nandini__bhagat0045","https://scontent-iad3-2.cdninstagram.com/v/t51.82787-19/718648872_17942489763214900_4202714524604169424_n.jpg?stp=dst-jpg_s150x150_tt6&_nc_cat=105&ccb=7-5&_nc_sid=f7ccc5&efg=eyJ2ZW5jb2RlX3RhZyI6InByb2ZpbGVfcGljLnd3dy4xMDgwLkMzIn0%3D&_nc_ohc=JybRj5cfJHwQ7kNvwE_WWvv&_nc_oc=AdrjqzRGVZD4j6T6C-8-VY_noSm2kVWu9058hP4fNUmgmEmTtE9hOdUt8gCAmYXsp4k&_nc_zt=24&_nc_ht=scontent-iad3-2.cdninstagram.com&_nc_gid=-8BY2vPHeSGWUkevUdTlog&_nc_ss=72a8c&oh=00_Af9aIhdCTCLzLcxLIme8ExJ_NTL-RYzCFYehq-rELp1M_g&oe=6A2B2180","https://www.instagram.com/p/DZHTAGqAr52/"
"18600713560019064","Prompt","2026-06-07T04:14:04.000Z","ritujadon996","https://scontent-iad3-2.cdninstagram.com/v/t51.82787-19/573917851_17842860636611431_8770533479415110824_n.jpg?stp=dst-jpg_s150x150_tt6&_nc_cat=105&ccb=7-5&_nc_sid=f7ccc5&efg=eyJ2ZW5jb2RlX3RhZyI6InByb2ZpbGVfcGljLnd3dy4xMDgwLkMzIn0%3D&_nc_ohc=_wr5Uy-u6oUQ7kNvwEsj25T&_nc_oc=AdrUxHL7hBMGovYReaf3zak0G9TrRR9s-a1UUw7moSmHx5VrNC39CruLXzhN1FIC2_c&_nc_zt=24&_nc_ht=scontent-iad3-2.cdninstagram.com&_nc_gid=-8BY2vPHeSGWUkevUdTlog&_nc_ss=72a8c&oh=00_Af84RIxAZM2PONnB2xSwBnbBPU-nHi0qIMSZq0QueKzgpw&oe=6A2B3AC3","https://www.instagram.com/p/DZHTAGqAr52/"
"18118783654703104","Prompt","2026-06-06T21:23:57.000Z","vai_shnavi6712","https://scontent-iad6-1.cdninstagram.com/v/t51.82787-19/661528755_17929358637255497_4080575206971239603_n.jpg?stp=dst-jpg_s150x150_tt6&_nc_cat=102&ccb=7-5&_nc_sid=f7ccc5&efg=eyJ2ZW5jb2RlX3RhZyI6InByb2ZpbGVfcGljLnd3dy4xMDgwLkMzIn0%3D&_nc_ohc=wfH8Yx402XsQ7kNvwGzU0lx&_nc_oc=AdrLNn_jBly3zTIJAnKycnjS34NWlcNQCsXLv-yLehFfabqTpR-Op3SBkCfcl1qgefw&_nc_zt=24&_nc_ht=scontent-iad6-1.cdninstagram.com&_nc_gid=-8BY2vPHeSGWUkevUdTlog&_nc_ss=72a8c&oh=00_Af-wXmkB5lSm7wtsKMsdy79m96eIH-o7GAtrHwVuO-Bdww&oe=6A2B3B2E","https://www.instagram.com/p/DZHTAGqAr52/"
"18066020567702793","Prompt","2026-06-06T16:25:26.000Z","saniasawaria","https://scontent-iad3-1.cdninstagram.com/v/t51.2885-19/339713604_1411270949647175_1421839258858201627_n.jpg?stp=dst-jpg_s150x150_tt6&_nc_cat=104&ccb=7-5&_nc_sid=f7ccc5&efg=eyJ2ZW5jb2RlX3RhZyI6InByb2ZpbGVfcGljLnd3dy40ODEuQzMifQ%3D%3D&_nc_ohc=a1XOD010_4QQ7kNvwE8RTyk&_nc_oc=AdoP8FMZkLTNmJ7YoFUQvLI92CLOQ9QqeWMX7hGZF6dhpwhDWe6YqzaEojPkz78eAEM&_nc_zt=24&_nc_ht=scontent-iad3-1.cdninstagram.com&_nc_ss=72a8c&oh=00_Af-cCM4yW5_IpuEKicdvihhQIuKF61gNHTXe5L9xY-_ZKQ&oe=6A2B1BF6","https://www.instagram.com/p/DZHTAGqAr52/"
"18598793461046758","Prompt Dm","2026-06-06T15:56:15.000Z","gmsonune","https://scontent-iad3-1.cdninstagram.com/v/t51.82787-19/624212154_18106225129792071_7783154028086513575_n.jpg?stp=dst-jpg_s150x150_tt6&_nc_cat=101&ccb=7-5&_nc_sid=f7ccc5&efg=eyJ2ZW5jb2RlX3RhZyI6InByb2ZpbGVfcGljLnd3dy4xMDgwLkMzIn0%3D&_nc_ohc=1LHpqBWdonsQ7kNvwGDGjig&_nc_oc=Adq1Z1fAQeo40PlXXi0Qfz9AELhP-Pn9av2EiMzv_YhKhxljSFdbzqAuW3SWH72MN7A&_nc_zt=24&_nc_ht=scontent-iad3-1.cdninstagram.com&_nc_gid=-8BY2vPHeSGWUkevUdTlog&_nc_ss=72a8c&oh=00_Af8wGTzWYAvruZuMoYQyNTJhzUDf1ij1BgwJMmiLPDYOaQ&oe=6A2B4CE9","https://www.instagram.com/p/DZHTAGqAr52/"
"17852177754692497","Prompt","2026-06-06T15:28:16.000Z","call_me_summu_23","https://scontent-iad6-1.cdninstagram.com/v/t51.82787-19/706890879_17968870653076208_4721913028556019266_n.jpg?stp=dst-jpg_s150x150_tt6&_nc_cat=106&ccb=7-5&_nc_sid=f7ccc5&efg=eyJ2ZW5jb2RlX3RhZyI6InByb2ZpbGVfcGljLnd3dy4xMDgwLkMzIn0%3D&_nc_ohc=4X5ftFQ_gwMQ7kNvwEs-5d7&_nc_oc=Adrgyd59vFG775Jtn88lC7hHKgU9DkTI8daeWAQdklplcaerbND9EISUtTMtadd_xR4&_nc_zt=24&_nc_ht=scontent-iad6-1.cdninstagram.com&_nc_gid=-8BY2vPHeSGWUkevUdTlog&_nc_ss=72a8c&oh=00_Af8TdhhgcGDFICAcY96Hvv3U0SuJt7Sqmw7Kyhd2UlmO5A&oe=6A2B1FF7","https://www.instagram.com/p/DZHTAGqAr52/"
"18113801725841715","Prompt","2026-06-06T15:06:51.000Z","priyankahajare9393","https://scontent-iad6-1.cdninstagram.com/v/t51.82787-19/714689347_18110318086932923_5079023817805523101_n.jpg?stp=dst-jpg_s150x150_tt6&_nc_cat=109&ccb=7-5&_nc_sid=f7ccc5&efg=eyJ2ZW5jb2RlX3RhZyI6InByb2ZpbGVfcGljLnd3dy4xMDgwLkMzIn0%3D&_nc_ohc=Wi2NXXLv_EEQ7kNvwEyfRuy&_nc_oc=AdptNGdcuKmUKleTWkcBqpmlgJcbtneflf_0TobisZ6tZWqjUVxo5u39nfZGB6hqPzY&_nc_zt=24&_nc_ht=scontent-iad6-1.cdninstagram.com&_nc_gid=-8BY2vPHeSGWUkevUdTlog&_nc_ss=72a8c&oh=00_Af_3-iLH1auTokS2rfMjZwMs-FqkBtpA4dDtFy4QZuAkmQ&oe=6A2B1CF5","https://www.instagram.com/p/DZHTAGqAr52/"
"18132829786571032","😍","2026-06-06T13:41:06.000Z","renata.andrade2008","https://scontent-iad6-1.cdninstagram.com/v/t51.82787-19/707137437_18350816074245960_4403540830093618821_n.jpg?stp=dst-jpg_s150x150_tt6&_nc_cat=100&ccb=7-5&_nc_sid=f7ccc5&efg=eyJ2ZW5jb2RlX3RhZyI6InByb2ZpbGVfcGljLnd3dy4xMDgwLkMzIn0%3D&_nc_ohc=Phwm9-YP56gQ7kNvwFlUEHb&_nc_oc=AdqH6XYmXmwv_xKUikF4X1ORIaUXyJtjL_YfpqiX7rAfARdrEUWH51bt0DQ05nBI0GM&_nc_zt=24&_nc_ht=scontent-iad6-1.cdninstagram.com&_nc_gid=-8BY2vPHeSGWUkevUdTlog&_nc_ss=72a8c&oh=00_Af8RPhlYwT_T93UWzqZ_7MIfIGj-3-Rzkq236Xse5YT5Fw&oe=6A2B320F","https://www.instagram.com/p/DZHTAGqAr52/"
"17946157701017919","Prompt","2026-06-06T12:56:47.000Z","shivani.kalaskar","https://scontent-iad3-1.cdninstagram.com/v/t51.82787-19/714444542_18087532535380031_7739433995840445181_n.jpg?stp=dst-jpg_s150x150_tt6&_nc_cat=104&ccb=7-5&_nc_sid=f7ccc5&efg=eyJ2ZW5jb2RlX3RhZyI6InByb2ZpbGVfcGljLnd3dy44NzAuQzMifQ%3D%3D&_nc_ohc=UioPR18-rlwQ7kNvwFv7WR7&_nc_oc=AdpzHfBrPQG8f6SmvxUvJIsfnGkpL1amg3rm7Z9etFs67G0tA1wNvMJwjG9VMZsb8wQ&_nc_zt=24&_nc_ht=scontent-iad3-1.cdninstagram.com&_nc_gid=-8BY2vPHeSGWUkevUdTlog&_nc_ss=72a8c&oh=00_Af958QC9wNxUYw0tXBhLJh34gSIGz7BWFh993mcKEBY2Hg&oe=6A2B2AF2","https://www.instagram.com/p/DZHTAGqAr52/"
"18176001364406595","Prompt","2026-06-06T11:11:33.000Z","urr.sweetheartttt1507","https://scontent-iad3-1.cdninstagram.com/v/t51.82787-19/718099186_18011446895912797_5349797940189871877_n.jpg?stp=dst-jpg_s150x150_tt6&_nc_cat=101&ccb=7-5&_nc_sid=f7ccc5&efg=eyJ2ZW5jb2RlX3RhZyI6InByb2ZpbGVfcGljLnd3dy4xMDgwLkMzIn0%3D&_nc_ohc=r8bD0_DDJRMQ7kNvwFAZW6D&_nc_oc=AdrJN1SBHXQ2kVw3hoyms21n6OIU3eYqNXMrrZLExLu_T6ABX7lzf66rFPnrUVaX1kw&_nc_zt=24&_nc_ht=scontent-iad3-1.cdninstagram.com&_nc_gid=-8BY2vPHeSGWUkevUdTlog&_nc_ss=72a8c&oh=00_Af_FokfBaLLbBZiphjTR2IboWwL0IWkiU8ZsD3BH42zNbA&oe=6A2B3127","https://www.instagram.com/p/DZHTAGqAr52/"
